:020000041000EA
:100000004B2A110200000000A4030000EEC3A6E981
:100010007EEEE78880B500F087F90020002100F02F
:100020000DF8292000F00FF8202000F011F800F062
:1000300033F900F013F800F025F980BD4CF2B93C1B
:10004000C0F2000C604747F67D1CC0F2000C604710
:1000500047F6D12CC0F2000C6047000080B54FF08D
:10006000A040012100F075F900060BD1032000F03B
:1000700075F9000606D1012000F075F9000604BFED
:10008000002080BD00F074F94FF47A7000F075F92B
:10009000012080BD2DE9F04381B019B343F2B83897
:1000A0000F4606464FF0FF344FF00009C2F2000839
:1000B0003D46B7F5807F28BF4FF480754FF0A040D4
:1000C000314642462B46CDF8009000F05BF960B90E
:1000D00040462946224600F05AF904467F1B2E442A
:1000E000E6D103E04FF0FF3400E00124204601B0E8
:1000F000BDE8F08310B582B004464FF0000C4FF01D
:10010000A0404FF4805122462023CDF800C000F0DB
:1001100039F9000622D120461C214FF0FF3200F0B1
:1001200036F9E169814219D1E078112816D1A07819
:10013000022813D1E168B1F5002F0FD8606846F2AC
:100140007872C4F26A72904208D1A068FFF7A2FFE9
:100150002169401A18BF012002B010BD012002B071
:1001600010BD00002DE9F0410C4605460E184FF079
:100170000008B4F5803F07D3A8B228B94FF4803700
:100180000321102021E000BFB4F5004F08D328461A
:100190006FF3DF3020B94FF4004702210F2014E045
:1001A00029466FF31F31200BB1FA81F1B8EB143FF0
:1001B00018BF0120490901404FF008004FF4807733
:1001C00018BF0C2018BF4FF4805725FA00F082B2F8
:1001D0004FF0A04047F2305300F0DEF800060BD19C
:1001E0003D44B542A4EB070424BF0020BDE8F081E4
:1001F000B4F5803FC0D2C7E700F0BAF84FF47A7088
:1002000000F0BBF80120BDE8F08100002DE9F047C7
:1002100082B04FF000098AB343F2B83814460E4654
:100220000746C2F2000840F6B83A00BF2546B4F5CA
:10023000807F28BF4FF480754FF0A040394642467A
:100240002B46CDF8009000F09DF890B94FF0A040FB
:10025000314642462B46CDF80090CDF804A000F080
:10026000A0F848B92F44641B2E44DFD14FF0000999
:1002700004E04FF0010901E04FF00109484602B0E7
:10028000BDE8F08780B542F20400C1F200000068CA
:1002900000F08CF880BD0000B0B588B06846FFF76C
:1002A00029FF08B101243CE0DDE90501FFF75AFF11
:1002B00038B100F05DF84FF47A7000F05EF8012478
:1002C0002FE0DDE902020599FFF7A0FF38B100F049
:1002D0004FF84FF47A7000F050F8012421E00399B0
:1002E0000598FFF7D7FE0499884213D14FF0A0403C
:1002F0000021102247F23053002400F04DF805464B
:1003000000F036F828060CD04FF47A7000F035F87B
:10031000012406E000F02CF84FF47A7000F02DF87C
:100320000124204608B0B0BDEC20C6F205000168EB
:100330007F2221F002010160016821F004010160C7
:100340006FF0030143180431342943F8D82CF9D154
:10035000704748F6F57CC0F2000C604747F2613CFC
:10036000C0F2000C604747F21D3CC0F2000C604731
:1003700047F6717CC0F2000C604744F2717CC0F219
:10038000000C604748F69D2CC0F2000C604744F218
:10039000C17CC0F2000C604748F6A10CC0F2000C12
:1003A000604749F2D90CC0F2000C604744F62D0CAE
:1003B000C0F2000C604700000000000000000000D8
:1003C000000000000000000000000000000000002D
:1003D000000000000000000000000000000000001D
:1003E000000000000000000000000000000000000D
:1003F00000000000000000000000000000000000FD
:1004000000000000000000000000000000000000EC
:1004100000000000000000000000000000000000DC
:1004200000000000000000000000000000000000CC
:1004300000000000000000000000000000000000BC
:1004400000000000000000000000000000000000AC
:10045000000000000000000000000000000000009C
:10046000000000000000000000000000000000008C
:10047000000000000000000000000000000000007C
:10048000000000000000000000000000000000006C
:10049000000000000000000000000000000000005C
:1004A000000000000000000000000000000000004C
:1004B000000000000000000000000000000000003C
:1004C000000000000000000000000000000000002C
:1004D000000000000000000000000000000000001C
:1004E000000000000000000000000000000000000C
:1004F00000000000000000000000000000000000FC
:1005000000000000000000000000000000000000EB
:1005100000000000000000000000000000000000DB
:1005200000000000000000000000000000000000CB
:1005300000000000000000000000000000000000BB
:1005400000000000000000000000000000000000AB
:10055000000000000000000000000000000000009B
:10056000000000000000000000000000000000008B
:10057000000000000000000000000000000000007B
:10058000000000000000000000000000000000006B
:10059000000000000000000000000000000000005B
:1005A000000000000000000000000000000000004B
:1005B000000000000000000000000000000000003B
:1005C000000000000000000000000000000000002B
:1005D000000000000000000000000000000000001B
:1005E000000000000000000000000000000000000B
:1005F00000000000000000000000000000000000FB
:1006000000000000000000000000000000000000EA
:1006100000000000000000000000000000000000DA
:1006200000000000000000000000000000000000CA
:1006300000000000000000000000000000000000BA
:1006400000000000000000000000000000000000AA
:10065000000000000000000000000000000000009A
:10066000000000000000000000000000000000008A
:10067000000000000000000000000000000000007A
:10068000000000000000000000000000000000006A
:10069000000000000000000000000000000000005A
:1006A000000000000000000000000000000000004A
:1006B000000000000000000000000000000000003A
:1006C000000000000000000000000000000000002A
:1006D000000000000000000000000000000000001A
:1006E000000000000000000000000000000000000A
:1006F00000000000000000000000000000000000FA
:1007000000000000000000000000000000000000E9
:1007100000000000000000000000000000000000D9
:1007200000000000000000000000000000000000C9
:1007300000000000000000000000000000000000B9
:1007400000000000000000000000000000000000A9
:100750000000000000000000000000000000000099
:100760000000000000000000000000000000000089
:100770000000000000000000000000000000000079
:100780000000000000000000000000000000000069
:100790000000000000000000000000000000000059
:1007A0000000000000000000000000000000000049
:1007B0000000000000000000000000000000000039
:1007C0000000000000000000000000000000000029
:1007D0000000000000000000000000000000000019
:1007E0000000000000000000000000000000000009
:1007F00000000000000000000000000000000000F9
:1008000000000000000000000000000000000000E8
:1008100000000000000000000000000000000000D8
:1008200000000000000000000000000000000000C8
:1008300000000000000000000000000000000000B8
:1008400000000000000000000000000000000000A8
:100850000000000000000000000000000000000098
:100860000000000000000000000000000000000088
:100870000000000000000000000000000000000078
:100880000000000000000000000000000000000068
:100890000000000000000000000000000000000058
:1008A0000000000000000000000000000000000048
:1008B0000000000000000000000000000000000038
:1008C0000000000000000000000000000000000028
:1008D0000000000000000000000000000000000018
:1008E0000000000000000000000000000000000008
:1008F00000000000000000000000000000000000F8
:1009000000000000000000000000000000000000E7
:1009100000000000000000000000000000000000D7
:1009200000000000000000000000000000000000C7
:1009300000000000000000000000000000000000B7
:1009400000000000000000000000000000000000A7
:100950000000000000000000000000000000000097
:100960000000000000000000000000000000000087
:100970000000000000000000000000000000000077
:100980000000000000000000000000000000000067
:100990000000000000000000000000000000000057
:1009A0000000000000000000000000000000000047
:1009B0000000000000000000000000000000000037
:1009C0000000000000000000000000000000000027
:1009D0000000000000000000000000000000000017
:1009E0000000000000000000000000000000000007
:1009F00000000000000000000000000000000000F7
:100A000000000000000000000000000000000000E6
:100A100000000000000000000000000000000000D6
:100A200000000000000000000000000000000000C6
:100A300000000000000000000000000000000000B6
:100A400000000000000000000000000000000000A6
:100A50000000000000000000000000000000000096
:100A60000000000000000000000000000000000086
:100A70000000000000000000000000000000000076
:100A80000000000000000000000000000000000066
:100A90000000000000000000000000000000000056
:100AA0000000000000000000000000000000000046
:100AB0000000000000000000000000000000000036
:100AC0000000000000000000000000000000000026
:100AD0000000000000000000000000000000000016
:100AE0000000000000000000000000000000000006
:100AF00000000000000000000000000000000000F6
:100B000000000000000000000000000000000000E5
:100B100000000000000000000000000000000000D5
:100B200000000000000000000000000000000000C5
:100B300000000000000000000000000000000000B5
:100B400000000000000000000000000000000000A5
:100B50000000000000000000000000000000000095
:100B60000000000000000000000000000000000085
:100B70000000000000000000000000000000000075
:100B80000000000000000000000000000000000065
:100B90000000000000000000000000000000000055
:100BA0000000000000000000000000000000000045
:100BB0000000000000000000000000000000000035
:100BC0000000000000000000000000000000000025
:100BD0000000000000000000000000000000000015
:100BE0000000000000000000000000000000000005
:100BF00000000000000000000000000000000000F5
:100C000000000000000000000000000000000000E4
:100C100000000000000000000000000000000000D4
:100C200000000000000000000000000000000000C4
:100C300000000000000000000000000000000000B4
:100C400000000000000000000000000000000000A4
:100C50000000000000000000000000000000000094
:100C60000000000000000000000000000000000084
:100C70000000000000000000000000000000000074
:100C80000000000000000000000000000000000064
:100C90000000000000000000000000000000000054
:100CA0000000000000000000000000000000000044
:100CB0000000000000000000000000000000000034
:100CC0000000000000000000000000000000000024
:100CD0000000000000000000000000000000000014
:100CE0000000000000000000000000000000000004
:100CF00000000000000000000000000000000000F4
:100D000000000000000000000000000000000000E3
:100D100000000000000000000000000000000000D3
:100D200000000000000000000000000000000000C3
:100D300000000000000000000000000000000000B3
:100D400000000000000000000000000000000000A3
:100D50000000000000000000000000000000000093
:100D60000000000000000000000000000000000083
:100D70000000000000000000000000000000000073
:100D80000000000000000000000000000000000063
:100D90000000000000000000000000000000000053
:100DA0000000000000000000000000000000000043
:100DB0000000000000000000000000000000000033
:100DC0000000000000000000000000000000000023
:100DD0000000000000000000000000000000000013
:100DE0000000000000000000000000000000000003
:100DF00000000000000000000000000000000000F3
:100E000000000000000000000000000000000000E2
:100E100000000000000000000000000000000000D2
:100E200000000000000000000000000000000000C2
:100E300000000000000000000000000000000000B2
:100E400000000000000000000000000000000000A2
:100E50000000000000000000000000000000000092
:100E60000000000000000000000000000000000082
:100E70000000000000000000000000000000000072
:100E80000000000000000000000000000000000062
:100E90000000000000000000000000000000000052
:100EA0000000000000000000000000000000000042
:100EB0000000000000000000000000000000000032
:100EC0000000000000000000000000000000000022
:100ED0000000000000000000000000000000000012
:100EE0000000000000000000000000000000000002
:100EF00000000000000000000000000000000000F2
:100F000000000000000000000000000000000000E1
:100F100000000000000000000000000000000000D1
:100F200000000000000000000000000000000000C1
:100F300000000000000000000000000000000000B1
:100F400000000000000000000000000000000000A1
:100F50000000000000000000000000000000000091
:100F60000000000000000000000000000000000081
:100F70000000000000000000000000000000000071
:100F80000000000000000000000000000000000061
:100F90000000000000000000000000000000000051
:100FA0000000000000000000000000000000000041
:100FB0000000000000000000000000000000000031
:100FC0000000000000000000000000000000000021
:100FD0000000000000000000000000000000000011
:100FE0000000000000000000000000000000000001
:100FF00000000000000000000000000000000000F1
:1020000000700220C13100102D3200103F3200104C
:102010005132001051320010513200100000000007
:10202000000000000000000000000000D1020000DD
:102030005132001000000000750300008103000011
:102040005132001051320010513200105132001044
:102050005132001051320010513200105132001034
:102060005132001051320010513200105132001024
:1020700051320010513200105D7E0010617E001060
:10208000657E00105132001051320010197301208A
:102090005132001051320010DD370010C1370010EE
:1020A00051320010513200105132001051320010E4
:1020B000513200105573012051320010513200107E
:1020C00051320010513200105132001051320010C4
:1020D000697E001051320010513200105132001050
:1020E00051320010513200105132001051320010A4
:1020F0005132001051320010513200105132001094
:102100005132001051320010513200105132001083
:102110005132001051320010513200105132001073
:0C212000513200105132001051320010FA
:10212C0010F8012B11F8013B012A28BF9A42F7D075
:10213C00D01A704781F0004102E000BF83F00043E9
:10214C0030B54FEA41044FEA430594EA050F08BF46
:10215C0090EA020F1FBF54EA000C55EA020C7FEA0A
:10216C00645C7FEA655C00F0E2804FEA5454D4EB87
:10217C005555B8BF6D420CDD2C4480EA020281EA51
:10218C00030382EA000083EA010180EA020281EA89
:10219C000303362D88BF30BD11F0004F4FEA0131DB
:1021AC004FF4801C4CEA113102D0404261EB4101EA
:1021BC0013F0004F4FEA03334CEA133302D0524270
:1021CC0063EB430394EA050F00F0A780A4F101042C
:1021DC00D5F1200E0DDB02FA0EFC22FA05F2801866
:1021EC0041F1000103FA0EF2801843FA05F359414C
:1021FC000EE0A5F120050EF1200E012A03FA0EFCCB
:10220C0028BF4CF0020C43FA05F3C01851EBE371F4
:10221C0001F0004507D54FF0000EDCF1000C7EEB11
:10222C0000006EEB0101B1F5801F1BD3B1F5001F4F
:10223C000CD349085FEA30004FEA3C0C04F101046E
:10224C004FEA445212F5800F80F09A80BCF1004F97
:10225C0008BF5FEA500C50F1000041EB045141EA19
:10226C00050130BD5FEA4C0C404141EB0101013CE2
:10227C0028BFB1F5801FE9D291F0000F04BF0146D1
:10228C000020B1FA81F308BF2033A3F10B03B3F1A3
:10229C0020020CDA0C3208DD02F1140CC2F10C0233
:1022AC0001FA0CF021FA02F10CE002F11402D8BF91
:1022BC00C2F1200C01FA02F120FA0CFCDCBF41EA5D
:1022CC000C019040E41AA2BF01EB0451294330BD2C
:1022DC006FEA04041F3C1CDA0C340EDC04F1140409
:1022EC00C4F1200220FA04F001FA02F340EA0300E0
:1022FC0021FA04F345EA030130BDC4F10C04C4F126
:10230C00200220FA02F001FA04F340EA0300294605
:10231C0030BD21FA04F0294630BD94F0000F83F44F
:10232C00801306BF81F480110134013D4EE77FEA32
:10233C00645C18BF7FEA655C29D094EA050F08BF7E
:10234C0090EA020F05D054EA000C04BF194610465F
:10235C0030BD91EA030F1EBF0021002030BD5FEAA3
:10236C00545C05D14000494128BF41F0004130BDCB
:10237C0014F580043CBF01F5801130BD01F000451F
:10238C0045F0FE4141F470014FF0000030BD7FEA92
:10239C00645C1ABF194610467FEA655C1CBF0B468D
:1023AC00024650EA013406BF52EA033591EA030FA4
:1023BC0041F4002130BD00BF90F0000F04BF00219C
:1023CC00704730B54FF4806404F132044FF00005CF
:1023DC004FF0000150E700BF90F0000F04BF002148
:1023EC00704730B54FF4806404F1320410F00045AE
:1023FC0048BF40424FF000013EE700BF42004FEAA9
:10240C00E2014FEA31014FEA02701FBF12F07F4325
:10241C0093F07F4F81F06051704732F07F4208BFDC
:10242C00704793F07F4F04BF41F40021704730B5E3
:10243C004FF4607401F0004521F000411CE700BF2F
:10244C0050EA010208BF704730B54FF000050AE0B2
:10245C0050EA010208BF704730B511F0004502D5B3
:10246C00404261EB41014FF4806404F132045FEAB5
:10247C00915C3FF4D8AE4FF003025FEADC0C18BF5E
:10248C0003325FEADC0C18BF033202EBDC02C2F150
:10249C00200300FA03FC20FA02F001FA03FE40EAE2
:1024AC000E0021FA02F11444BDE600BF70B54FF0E6
:1024BC00FF0C4CF4E06C1CEA11541DBF1CEA1355C4
:1024CC0094EA0C0F95EA0C0F00F0DEF82C4481EA2C
:1024DC00030621EA4C5123EA4C5350EA013518BF4C
:1024EC0052EA033541F4801143F4801338D0A0FB39
:1024FC0002CE4FF00005E1FB02E506F00042E0FBE6
:10250C0003E54FF00006E1FB03569CF0000F18BFEB
:10251C004EF0010EA4F1FF04B6F5007F64F5407493
:10252C0004D25FEA4E0E6D4146EB060642EAC62126
:10253C0041EA55514FEAC52040EA5E504FEACE2E93
:10254C00B4F1FD0C88BFBCF5E06F1ED8BEF1004F96
:10255C0008BF5FEA500E50F1000041EB045170BD12
:10256C0006F0004646EA010140EA020081EA030156
:10257C00B4EB5C04C2BFD4EB0C0541EA045170BD52
:10258C0041F480114FF0000E013C00F3AB8014F1CC
:10259C00360FDEBF002001F0004170BDC4F1000415
:1025AC00203C35DA0C341BDC04F11404C4F1200596
:1025BC0000FA05F320FA04F001FA05F240EA0200F1
:1025CC0001F0004221F0004110EBD37021FA04F627
:1025DC0042EB06015EEA430E08BF20EAD37070BDE1
:1025EC00C4F10C04C4F1200500FA04F320FA05F040
:1025FC0001FA04F240EA020001F0004110EBD37042
:10260C0041F100015EEA430E08BF20EAD37070BDB1
:10261C00C4F1200500FA05F24EEA020E20FA04F38A
:10262C0001FA05F243EA020321FA04F001F0004139
:10263C0021FA04F220EA020000EBD3705EEA430EAA
:10264C0008BF20EAD37070BD94F0000F0FD101F0D9
:10265C000046400041EB010111F4801F08BF013C12
:10266C00F7D041EA060195F0000F18BF704703F050
:10267C000046520043EB030313F4801F08BF013DD7
:10268C00F7D043EA0603704794EA0C0F0CEA135593
:10269C0018BF95EA0C0F0CD050EA410618BF52EA4D
:1026AC004306D1D181EA030101F000414FF0000053
:1026BC0070BD50EA410606BF1046194652EA430661
:1026CC0019D094EA0C0F02D150EA013613D195EAD5
:1026DC000C0F05D152EA03361CBF104619460AD11D
:1026EC0081EA030101F0004141F0FE4141F4700127
:1026FC004FF0000070BD41F0FE4141F4780170BD17
:10270C0070B54FF0FF0C4CF4E06C1CEA11541DBF7B
:10271C001CEA135594EA0C0F95EA0C0F00F0A7F87D
:10272C00A4EB050481EA030E52EA03354FEA0131AA
:10273C0000F088804FEA03334FF0805545EA1313BD
:10274C0043EA12634FEA022245EA111545EA106585
:10275C004FEA00260EF000419D4208BF964244F11C
:10276C00FD0404F5407402D25B084FEA3202B61A3B
:10277C0065EB03055B084FEA32024FF480104FF40F
:10278C00002CB6EB020E75EB030E22BFB61A754683
:10279C0040EA0C005B084FEA3202B6EB020E75EB16
:1027AC00030E22BFB61A754640EA5C005B084FEA7E
:1027BC003202B6EB020E75EB030E22BFB61A75464B
:1027CC0040EA9C005B084FEA3202B6EB020E75EB56
:1027DC00030E22BFB61A754640EADC0055EA060E17
:1027EC0018D04FEA051545EA16754FEA06164FEA5A
:1027FC00C30343EA52734FEAC2025FEA1C1CC0D106
:10280C0011F4801F0BD141EA00014FF000004FF092
:10281C00004CB6E711F4801F04BF01430020B4F153
:10282C00FD0C88BFBCF5E06F3FF6AFAEB5EB030C0B
:10283C0004BFB6EB020C5FEA500C50F1000041EB08
:10284C00045170BD0EF0004E4EEA113114EB5C04D5
:10285C00C2BFD4EB0C0541EA045170BD41F48011A8
:10286C004FF0000E013C90E645EA060E8DE60CEAB0
:10287C00135594EA0C0F08BF95EA0C0F3FF43BAFCD
:10288C0094EA0C0F0AD150EA01347FF434AF95EA84
:10289C000C0F7FF425AF104619462CE795EA0C0F68
:1028AC0006D152EA03353FF4FDAE1046194622E735
:1028BC0050EA410618BF52EA43067FF4C5AE50EA0F
:1028CC0041047FF40DAF52EA43057FF4EBAE12E7FF
:1028DC004FF0FF3C06E000BF4FF0010C02E000BFE0
:1028EC004FF0010C4DF804CD4FEA410C7FEA6C5CC3
:1028FC004FEA430C18BF7FEA6C5C1BD001B050EA66
:10290C00410C0CBF52EA430C91EA030F02BF90EA50
:10291C00020F0020704710F1000F91EA030F58BF0F
:10292C00994208BF90422CBFD8176FEAE37040F071
:10293C00010070474FEA410C7FEA6C5C02D150EA0F
:10294C00013C07D14FEA430C7FEA6C5CD6D152EACA
:10295C00033CD3D05DF8040B704700BF844610468F
:10296C0062468C461946634600E000BF01B5FFF78E
:10297C00B7FF002848BF10F1000F01BD4DF808ED5E
:10298C00FFF7F4FF0CBF012000205DF808FB00BF2F
:10299C004DF808EDFFF7EAFF34BF012000205DF889
:1029AC0008FB00BF4DF808EDFFF7E0FF94BF0120D6
:1029BC0000205DF808FB00BF4DF808EDFFF7CEFFD7
:1029CC0094BF012000205DF808FB00BF4DF808ED16
:1029DC00FFF7C4FF34BF012000205DF808FB00BFE7
:1029EC004FEA410212F5001215D211D56FF478732B
:1029FC00B3EB625212D94FEAC12343F0004343EACE
:102A0C00505311F0004F23FA02F018BF40427047A8
:102A1C004FF00000704750EA013005D111F0004032
:102A2C0008BF6FF0004070474FF00000704700BFC8
:102A3C0080F0004002E000BF81F0004142001FBF67
:102A4C005FEA410392EA030F7FEA226C7FEA236C70
:102A5C006AD04FEA1262D2EB1363C1BFD218414065
:102A6C0048404140B8BF5B42192B88BF704710F0FB
:102A7C00004F40F4000020F07F4018BF404211F09E
:102A8C00004F41F4000121F07F4118BF494292EA06
:102A9C00030F3FD0A2F1010241FA03FC10EB0C0032
:102AAC00C3F1200301FA03F100F0004302D54942BF
:102ABC0060EB4000B0F5000F13D3B0F1807F06D36C
:102ACC0040084FEA310102F10102FE2A51D2B1F164
:102ADC00004F40EBC25008BF20F0010040EA030059
:102AEC007047490040EB0000013A28BFB0F5000FD9
:102AFC00EDD2B0FA80FCACF1080CB2EB0C0200FA8F
:102B0C000CF0AABF00EBC25052421843BCBFD040DD
:102B1C001843704792F0000F81F4000106BF80F457
:102B2C0000000132013BB5E74FEA41037FEA226C1A
:102B3C0018BF7FEA236C21D092EA030F04D092F0E5
:102B4C00000F08BF0846704790EA010F1CBF002019
:102B5C00704712F07F4F04D1400028BF40F0004076
:102B6C00704712F100723CBF00F50000704700F096
:102B7C00004343F0FE4040F4000070477FEA2262BD
:102B8C0016BF08467FEA23630146420206BF5FEA8E
:102B9C00412390EA010F40F4800070474FF000038E
:102BAC0004E000BF10F0004348BF40425FEA000C55
:102BBC0008BF704743F0964301464FF000001CE0FD
:102BCC0050EA010208BF70474FF000030AE000BF53
:102BDC0050EA010208BF704711F0004302D5404291
:102BEC0061EB41015FEA010C02BF84460146002003
:102BFC0043F0B64308BFA3F18053A3F50003BCFA1E
:102C0C008CF2083AA3EBC25310DB01FA02FC6344CA
:102C1C0000FA02FCC2F12002BCF1004F20FA02F2D1
:102C2C0043EB020008BF20F00100704702F12002C4
:102C3C0001FA02FCC2F1200250EA4C0021FA02F225
:102C4C0043EB020008BF20EADC7070474FF0FF0C2A
:102C5C001CEAD0521EBF1CEAD15392EA0C0F93EA25
:102C6C000C0F6FD01A4480EA010C400218BF5FEAC7
:102C7C0041211ED04FF0006343EA501043EA51113A
:102C8C00A0FB01310CF00040B1F5000F3EBF490034
:102C9C0041EAD3715B0040EA010062F17F02FD2A38
:102CAC001DD8B3F1004F40EBC25008BF20F001001B
:102CBC00704790F0000F0CF0004C08BF49024CEA32
:102CCC00502040EA51207F3AC2BFD2F1FF0340EAC4
:102CDC00C250704740F400004FF00003013A5DDC35
:102CEC0012F1190FDCBF00F000407047C2F1000276
:102CFC00410021FA02F1C2F1200200FA02FC5FEA63
:102D0C00310040F1000053EA4C0308BF20EADC70AC
:102D1C00704792F0000F00F0004C02BF400010F41E
:102D2C00000F013AF9D040EA0C0093F0000F01F0CB
:102D3C00004C02BF490011F4000F013BF9D041EAED
:102D4C000C018FE70CEAD15392EA0C0F18BF93EAEF
:102D5C000C0F0AD030F0004C18BF31F0004CD8D119
:102D6C0080EA010000F00040704790F0000F17BFA0
:102D7C0090F0004F084691F0000F91F0004F14D0E6
:102D8C0092EA0C0F01D142020FD193EA0C0F03D13E
:102D9C004B0218BF084608D180EA010000F0004041
:102DAC0040F0FE4040F40000704740F0FE4040F41C
:102DBC00400070474FF0FF0C1CEAD0521EBF1CEABB
:102DCC00D15392EA0C0F93EA0C0F69D0A2EB0302D9
:102DDC0080EA010C49024FEA402037D04FF0805373
:102DEC0043EA111143EA10130CF000408B4238BF38
:102DFC005B0042F17D024FF4000C8B4224BF5B1A46
:102E0C0040EA0C00B3EB510F24BFA3EB510340EA93
:102E1C005C00B3EB910F24BFA3EB910340EA9C0041
:102E2C00B3EBD10F24BFA3EBD10340EADC001B01B1
:102E3C0018BF5FEA1C1CE0D1FD2A3FF650AF8B4255
:102E4C0040EBC25008BF20F0010070470CF0004C62
:102E5C004CEA50207F32C2BFD2F1FF0340EAC2508D
:102E6C00704740F400004FF00003013A37E792F04E
:102E7C00000F00F0004C02BF400010F4000F013AAC
:102E8C00F9D040EA0C0093F0000F01F0004C02BFA7
:102E9C00490011F4000F013BF9D041EA0C0195E710
:102EAC000CEAD15392EA0C0F08D142027FF47DAFA9
:102EBC0093EA0C0F7FF470AF084676E793EA0C0F99
:102ECC0004D14B023FF44CAF08466EE730F0004C97
:102EDC0018BF31F0004CCAD130F000427FF45CAF27
:102EEC0031F000437FF43CAF5FE700BF4FF0FF3C95
:102EFC0006E000BF4FF0010C02E000BF4FF0010CE8
:102F0C004DF804CD4FEA40024FEA41037FEA226CB0
:102F1C0018BF7FEA236C11D001B052EA530C18BFD2
:102F2C0090EA010F58BFB2EB030088BFC81738BF37
:102F3C006FEAE17018BF40F0010070477FEA226C25
:102F4C0002D15FEA402C05D17FEA236CE4D15FEA21
:102F5C00412CE1D05DF8040B704700BF8446084655
:102F6C006146FFE70FB5FFF7C9FF002848BF10F116
:102F7C00000F0FBD4DF808EDFFF7F4FF0CBF01205B
:102F8C0000205DF808FB00BF4DF808EDFFF7EAFFE5
:102F9C0034BF012000205DF808FB00BF4DF808EDA0
:102FAC00FFF7E0FF94BF012000205DF808FB00BF95
:102FBC004DF808EDFFF7D2FF94BF012000205DF81B
:102FCC0008FB00BF4DF808EDFFF7C8FF34BF012028
:102FDC0000205DF808FB00BF4FEA4002B2F1FE4F43
:102FEC000FD34FF09E03B3EB12620DD94FEA0023BF
:102FFC0043F0004310F0004F23FA02F018BF404298
:10300C0070474FF00000704712F1610F01D142027E
:10301C0005D110F0004008BF6FF0004070474FF032
:10302C000000704742000ED2B2F1FE4F0BD34FF0AE
:10303C009E03B3EB126209D44FEA002343F0004322
:10304C0023FA02F070474FF00000704712F1610F45
:10305C0001D1420202D14FF0FF3070474FF0000017
:10306C00704700BF7BB972B90029BEBF00204FF07A
:10307C00004106E008BF00281CBF6FF000414FF074
:10308C00FF3000F057B8ADF1080C6DE904CE002903
:10309C0009DB002B1ADB0DF02DF8DDF804E0DDE97F
:1030AC00022304B07047404261EB4101002B1BDB53
:1030BC000DF020F8DDF804E0DDE9022304B0404215
:1030CC0061EB4101524263EB43037047524263EBA5
:1030DC0043030DF00FF8DDF804E0DDE9022304B042
:1030EC00404261EB41017047524263EB43030DF0E8
:1030FC0001F8DDF804E0DDE9022304B0524263EB91
:10310C004303704753B94AB9002908BF00281CBFB4
:10311C004FF0FF314FF0FF3000F00CB8ADF1080C60
:10312C006DE904CE0CF0E6FFDDF804E0DDE90223E6
:10313C0004B07047704700BF4A0011D212F500125C
:10314C0011D20DD56FF47873B3EB62520ED44FEAF3
:10315C00C12343F0004343EA505323FA02F0704773
:10316C004FF00000704750EA013002D14FF0FF30B1
:10317C0070474FF0000070470A4B0B4A03F59670EE
:10318C0053F8041B834242F8041FF9D1074B084A39
:10319C009A605A6942F010025A615A6942F480727C
:1031AC005A61704700200010FC6F012000ED00E018
:1031BC0000700120244880F30888244880F30A8892
:1031CC0023488047002103E0224B5B5843500431D5
:1031DC002148224B42189A42F6D3002103E0204B9F
:1031EC005B58435004311F481F4B42189A42F6D388
:1031FC00002103E01D4B5B58435004311C481D4B10
:10320C0042189A42F6D31C4A02E00023136004329F
:10321C001A4B9A42F9D30BF063FF00F0E1FAFEE788
:10322C005FEA0E00EFF30881EFF30982144B984725
:10323C00FEE75FEA0E00EFF30881EFF30982114B12
:10324C009847FEE7FEE700000070022000600220B5
:10325C0085310010B80102100030002020750020CC
:10326C00D846021000720120787A0120504F0210CB
:10327C0000F0012000F4012000F401201CFE0120CC
:10328C0051330010553300102DE9F84F431C88467C
:10329C0034D00138012828D8002A2FDD4C1E4FF0DD
:1032AC00000BDFF860A0184DDFF86090A6180FE057
:1032BC00B5F800C002680CF1010302F80C1082880A
:1032CC009BB29A422B8098BFA5F800B0B44210D0A4
:1032DC00DAF80000274614F8011F0028E8D1D9F8C5
:1032EC0000000DF00FF90028F0D04FF0FF30BDE8D2
:1032FC00F88FB81CA0EB0800BDE8F88F0020BDE8E3
:10330C00F88F00BF00F4012008F4012004F4012020
:10331C00012070474FF0FF30704700BF002070470E
:10332C004FF4005300204B60704700BF00207047E3
:10333C00012070474FF0FF30704700BFFEE700BF21
:10334C00FEE700BFFEE700BF10F0040F18BF1146E8
:10335C008A69184B82B00192DA6ADA6ADA6A50002A
:10336C0026D59A6AD2B242B19A6A9A6A910748BF34
:10337C009B6A104B9A6A9A6A9B6A0E4B9A6A12F471
:10338C007F4F09D09A6A9A6A920548BF9B6A094B8B
:10339C009A6A9A6A9A6A9B6A064B9A6AB2F5803F55
:1033AC0006D39A6A9A6A9A6A9A6A9A6A9A6A9B6A1B
:1033BC00FEE700BF00ED00E003490448044B054A5A
:1033CC0008601A60704700BFE80000204933001005
:1033DC00EC0000204D330010F0B5484C484D2260F5
:1033EC00044685B0474B2960012202200DF10701EC
:1033FC001C700DF0ABF89DF80750C5F34115022D6C
:10340C0014D0032D1FD0042C07D8032C72D0042CFD
:10341C000CBF022000200DF035F809230B220321EC
:10342C00012005B0BDE8F0400DF024B84FF4504138
:10343C00012235480DF0EAF82A464FF4483132485B
:10344C000DF0E4F8DFE7012502A906223A200DF081
:10345C007DF89DF808002C4F2C4E00F01F012A46D9
:10346C0005FA01F11F2894BF384630460DF0CEF80E
:10347C009DF80900022200F01F0105FA01F11F2836
:10348C0094BF384630460DF0C1F89DF80A002A4624
:10349C0000F01F0105FA01F11F2894BF3846304691
:1034AC000DF0B4F89DF80B002A4600F01F0105FA48
:1034BC0001F11F2894BF384630460DF0A7F89DF84F
:1034CC000C00022200F01F0105FA01F11F2894BF25
:1034DC00384630460DF09AF89DF80D1002221F293F
:1034EC0094BF3846304601F01F0105FA01F10DF08A
:1034FC008DF888E701200CF0C5FF8EE70CF4012055
:10350C0010F401200AF4012000B0046080B00460C3
:10351C0000207047014B1878704700BF18F4012049
:10352C00704700BF002400B501224FF400616048D1
:10353C0083B00DF063F825465D4E01200CF062FF60
:10354C004FF48051304601AA01950CF0C3FF0134B1
:10355C0018B9019B0BB10446EFE71E2CEDD10022EC
:10356C004FF4001153480DF049F800224FF400714C
:10357C004F480DF01BF802224FF400714C480DF02F
:10358C0019F800224FF4007149480DF03FF8002261
:10359C00802147480DF00AF80222802144480DF0A2
:1035AC0009F80022802142480DF030F800224FF437
:1035BC0080613F480CF0FAFF02224FF480613C48D6
:1035CC000CF0F8FF00224FF4806139480DF01EF822
:1035DC0020200CF073FF2A200CF010FF29200CF097
:1035EC000DFF002108460CF025FF022132480CF09B
:1035FC00D9FF0122022130480CF008FF4FF40023C0
:10360C002E4CC4F88030BFF34F8FBFF36F8F172150
:10361C00C4F8803101200CF0A5FF00254FF4000305
:10362C00C4F8803184F817532360162101200CF064
:10363C0099FF042302224FF480511D480CF09EFF89
:10364C00012102200CF096FF2A464FF480511848B5
:10365C000CF0C0FF0B234FF48052012102200CF020
:10366C00D9FE4FF4805112480CF014FF4FF48051E6
:10367C000F480CF0B3FF4FF480036022C4F8803184
:10368C0084F8162323600CF069FF01220C4B1A708E
:10369C000CF0B8FFBFF34F8F0A490B4BCA6802F40A
:1036AC00E0621343CB60BFF34F8F00BFFDE700BF59
:1036BC0080B0046000B004600020036000E100E012
:1036CC0018F4012000ED00E00400FA05704700BF7B
:1036DC00704700BF014B1868704700BF28F40120E9
:1036EC00084B10B41A684FF40061002A0EBF012475
:1036FC00002401221C6008BF0022034810BC0CF0FF
:10370C007DBF00BF14F4012080B0046000224FF490
:10371C00006101480CF072BF80B00460002310B54A
:10372C001D4C82B04FF480511C4801AA24680193AF
:10373C000CF0D0FE88B9019B7BB1194B194A1B7850
:10374C00107043B1184B1A78EAB1184B1B68E31A86
:10375C00B3F5FA6F1DD202B010BD124B1A7862B1DC
:10376C00134B1B68E41A1D2CF5D9002001220E49BD
:10377C000B4B08701A7002B010BD01220C490C6082
:10378C001A7002B010BD012208490C601A7002B008
:10379C0010BDFFF7C7FE00BF28F4012080B0046005
:1037AC0026F4012024F4012025F4012020F401202A
:1037BC001CF40120002300B583B001A801930CF088
:1037CC002DFF01980CF052FE03B05DF804FB00BF16
:1037DC004FF4805101480CF05DBE00BF80B0046016
:1037EC0080B59A4884B00CF07DFE64200CF00AFE83
:1037FC0002200CF06BFE0CF025FE03200CF07EFE7C
:10380C0000200CF0C3FE00200CF088FE00200CF011
:10381C00E9FE002301AC012221460F208DF8043073
:10382C000CF094FE9DF80430002B00F0FD8001227A
:10383C00214610200CF08AFE9DF8040000B9A92046
:10384C000CF080FE00200CF019FE032164220846C7
:10385C000CF0A0FE40F6C41102200CF06FFE00220A
:10386C00012011460CF062FEFFF7A6FD04F07AFA77
:10387C002D200CF01FFE0C224FF0006174480CF050
:10388C0095FE02224FF0006171480CF0BFFE4FF420
:10389C0061234FF4002560266E4A21466E48CDE91F
:1038AC0001320CF03FFE0E216C4A6D4804F05EFBB9
:1038BC006C4B6D4A07CA84E80700C3F8805183F843
:1038CC0013631D60132101200CF04CFE22460221D3
:1038DC0066480CF0A7FD0122022164480CF0FEFDA5
:1038EC00022162480CF072FE0022012160480CF0AB
:1038FC008DFE4FF4887300250A225E484221C38056
:10390C005D4B02710360058185720AF059FEBD2082
:10391C000AF06AFE02205949594AFFF75DFD2A4612
:10392C004FF4805152480CF041FE02224FF480516A
:10393C004F480CF03FFE01224FF480514C480CF0E4
:10394C0065FE504A504B15705049514A1D70514BF1
:10395C000D7015604FF48051224645481D6001954D
:10396C000CF0B8FD0546C0B9019BB3B14A4EDFF867
:10397C000081376806E0019B6BB13368DB1BB3F544
:10398C00FA6F0AD222464FF48051404601950CF052
:10399C00A1FD0028EFD0FFF7C5FD20200CF08EFD17
:1039AC004FF480614FF480300CF0B4FD00283FD010
:1039BC0000224FF4001126480CF0F8FD00224FF4C1
:1039CC00001123480CF022FE01224FF40011204874
:1039DC000CF0F0FD01224FF400111D480CF00EFE0E
:1039EC0064200CF00FFD00224FF4006120480CF015
:1039FC00DDFD00224FF400611D480CF007FE032290
:103A0C004FF400611A480CF04DFD01224FF4006197
:103A1C0017480CF0CFFD00224FF4006114480CF055
:103A2C00EDFD01F061FDFEE756200CF017FDFEE602
:103A3C001A4B59680CF0FEFC29200CF03BFD2A2097
:103A4C000CF038FD20200CF0A9FDB1E700E004607B
:103A5C0000B0046021300101000800601D35001029
:103A6C0038F4012000E100E0300601100020036072
:103A7C0080B004602CF4012000000260213500109D
:103A8C002D35001026F4012025F4012024F401200A
:103A9C0020F401201CF4012028F401200030002027
:103AAC002DE9F84F0D461E4600EBC503D3F80C80EC
:103ABC0000EBC20204462F494046BDF82870D2F8EC
:103ACC000C90FFF761FA002841D149464046FEF7B9
:103ADC00B3FF29498146FFF757FA002837D14946E9
:103AEC004046FEF7ABFFDFF894A001465AF82500DC
:103AFC00FEF7A4FF224A4AF82500535DDFF884A0A4
:103B0C00FF2B5AF825B01CBF01335355414658467C
:103B1C00FFF73AFAE8B1DFF870B06FF003031C223C
:103B2C00204612FB0532194B4AF825804BF825909C
:103B3C001A4404F13801C3680830884242F8043F43
:103B4C00F9D1134A134B42F8256023F81570BDE8E0
:103B5C00F88F58464146FFF70DFA0028F7D0DFF8EA
:103B6C0028B049465BF82500FFF70EFA0028EED086
:103B7C00D3E700BF0AD7A33E0AD7233D94F5012013
:103B8C008CF5012074F501205CF50120B4F40120C2
:103B9C009CF4012090F4012003680868184700BFCA
:103BAC0010B40468086811681A68234610BC1847DA
:103BBC00034610B5104652B15A18C02A07D8054C06
:103BCC008A0004EB83010BF0C0FA002010BD4FF00B
:103BDC00FF3010BDB8F5012070B500241D491E4BF7
:103BEC001E4D1F4EA822C1E90044C1E90244C1E99F
:103BFC0004441C482146C3E90044C3E90244C3E918
:103C0C000444C5E90044C5E90244C5E904443460F0
:103C1C00B4800BF009FA144BFF20C3E90044C3E94C
:103C2C000244C3E904449C61104B114A1C60114BC3
:103C3C0011491C800023C2E90044C1E90044C2E9D7
:103C4C000244C2E904448C600C490D4A08701360AC
:103C5C0070BD00BF74F501205CF5012094F50120C6
:103C6C008CF50120B4F4012070F4012064F40120DF
:103C7C009CF4012060F4012090F4012000F001205C
:103C8C008CF401200BF034B808B528B130F8023CA4
:103C9C00C01AFFF7F7FF08BD6B21024B024A03481D
:103CAC000AF0E4FF3C060110400601106C060110FE
:103CBC002DE9F843D0F80CE01C469EF85460DDF872
:103CCC0020C0D3F8805066B100212F1D55F831006B
:103CDC0020B157F831309A4207D033B101318E42BE
:103CEC00F4D16FF02000BDE8F883BEF86270E7B144
:103CFC000568DEF86460013FDCF80080DCF80490B5
:103D0C002F44043E013D15F9010FFEF74BFF4146D0
:103D1C00FEF792FE4946FEF799FF56F8043FBD4266
:103D2C0004F1080423606060EDD10020BDE8F88345
:103D3C00012A02D1016000207047022A05D0032A13
:103D4C00F9D0002AF7D10260F5E70B680360F2E7BF
:103D5C00012A02D1016000207047022A05D0032AF3
:103D6C00F9D0002AF7D10260F5E70B680360F2E79F
:103D7C00012A02D1016000207047022A05D0032AD3
:103D8C00F9D0002AF7D10260F5E70B680360F2E77F
:103D9C002DE9F04F04680868A1681268B0FBF1F9CE
:103DAC00B2FBF1FAD3F80080E36887B01A6A02FB21
:103DBC0009F902FB0A9AD14538BF4FF0000B2CD2FF
:103DCC0039B30025012708EB8B06CDF8048006E0FB
:103DDC00A1686B1C8B4206F1040614D21D46D4E973
:103DEC0000035B5D82684B44CDE903370596C2B195
:103DFC00D0F80C8005AB04AA03A9C0470028E7D073
:103E0C0007B0BDE8F08F0BF1010BDDF80480E3681F
:103E1C00AB441A6A9144D145D2D3002007B0BDE817
:103E2C00F08F0AF00DFF00BF70B5D0E9001391F8C8
:103E3C003C20054682B10024264653F8240030B1BC
:103E4C000368DB689847D5E9001343F8246091F8C0
:103E5C003C2001349442F0D31846FFF713FF284658
:103E6C0070BD00BF2DE9F04F83B005460F464FF4EF
:103E7C007A79FFF72FFCA0FB0998002D5DD0EE6836
:103E8C00F36C2BB3002402E0F36CA34220D9D5F8D9
:103E9C0010E021463B462846BEF1000F01D05EF8EB
:103EAC0024E0326D02EB441CDCF81C20CDF804E05D
:103EBC00DCF818E00134CDF800E0DCF810A0D047B5
:103ECC0082460028E0D0FFF705FC4FF47A7328E017
:103EDC0096F85420FAB10024D7F88030A2460AE0B4
:103EEC002846FFF7CFFED7F8803043F80BA096F8A2
:103EFC005420A2420FD953F834504FEAC40B01346A
:103F0C00002DF6D028680028EAD02B7B002BE7D0B8
:103F1C00FFF7B8FEE4E7FFF7DDFB4FF0000A4FF4C4
:103F2C007A73A0FB0332B3EB090362EB0802C7E917
:103F3C001C32504603B0BDE8F08F6FF00A0AF8E768
:103F4C00002070472DE9F0430546C068984690F86C
:103F5C0044300E46174685B00BB3002404E0E868E5
:103F6C0090F84430A3421AD9826C04EB440302EB60
:103F7C00C30CDCF81030CDF80C80DCF80820CDE94F
:103F8C0001729CF8141022460091DCF80490314622
:103F9C00C84701340028E2D005B0BDE8F083FFF734
:103FAC00CFFF831C18BF002005B0BDE8F08300BF15
:103FBC000FB470B5C2B046AB53F8042B4FF48071FC
:103FCC0002A801930AF0F8FF00280DDD02ACFF28CF
:103FDC00D4BF251804F1FF05064E14F8011B30461A
:103FEC000CF090FAAC42F8D142B0BDE8704004B08D
:103FFC00704700BF000800600B4601782DE9F041C6
:10400C0003290446D3E9012002FB00F00AD0092958
:10401C002DD0012921D02B48FFF7CAFF6FF00D00DE
:10402C00BDE8F081A16981423BD199B165681E68F8
:10403C000139276905EB0108043E013D15F8010F14
:10404C00C01BFEF7AFFDE168FEF700FEA84546F881
:10405C00040FF3D10020BDE8F081A269B0EB920F00
:10406C0026D1616818680BF070F80020F3E7A1699D
:10407C00814216D10029EDD065681E680139276987
:10408C0005EB0108043E013D15F9010FC01BFEF7BD
:10409C0089FDE168FEF7DAFD454546F8040FF3D1DA
:1040AC00D8E702460848FFF783FF6FF01700B7E721
:1040BC00111EB8BF0331024689100348FFF778FF81
:1040CC00F3E700BF30070110EC0601102DE9F84FA3
:1040DC000A9B81461546002B00F088800026B346CB
:1040EC003746D9F800402978D4E9013202FB03F0B5
:1040FC00032907440AD009294DD0012933D041485E
:10410C00FFF756FF6FF00C00BDE8F88F4FF000087A
:10411C00D0B12368E96853F82800FEF74BFE0AF08B
:10412C004FFDFEF759FF2A696B68104480F30800B5
:10413C0003F80B00D4E9013202FB03F308F1010888
:10414C0043450BF1010BE4D80A9B0136B342C8D1AD
:10415C00A969B7EB910F03D0B94218BFBA464AD13F
:10416C000020BDE8F88F0028EED023686A680BF1B8
:10417C008041043B013902EB810203EB800453F8CC
:10418C00041F9C4242F8041FF9D10A9B0136B3422A
:10419C008344A6D1DCE70028D6D04FF0000A6FF09C
:1041AC007F082268E96852F82A00FEF703FE0AF03D
:1041BC0007FDFEF711FF29696A6808447F28A8BF2C
:1041CC007F204045B8BF404602F80B00D4E90121DE
:1041DC0001FB02F20AF1010A52450BF1010BE0D886
:1041EC000A9B0136B3427FF47CAFB1E791698B082F
:1041FC00B6D0DDF828A004485246FFF7D9FE6FF080
:10420C00170081E770070110940701102DE9F041A8
:10421C000C461E4690460546FFF75CFA4FF47A7C36
:10422C000346A3FB0C322F69366879681448C4E93D
:10423C00003288470146E0B941463B69984704463D
:10424C0080B92B7B93B1034602E02A7B9A420DD9AD
:10425C00AA6806EB8311D05C7B6998470134E3B202
:10426C000028F2D06FF00200BDE8F0810020BDE81C
:10427C00F0810448FFF79CFE6FF00500F7E700BFE4
:10428C00B1430010E4070110002370B586B08D68AF
:10429C0001934B68D66805FB03F305698268AB4252
:1042AC0028BF2B4602930B680C460493002A55D06A
:1042BC00C56804AB02AA01A9A8474FF07E5130464D
:1042CC00FEF758FE054610B1002006B070BD03463F
:1042DC00A288314662F30F03ADF80820228902A8A8
:1042EC0062F31F4304932368ADF80A2004AA0393D6
:1042FC00059303F06DFE0028E6D019491948FFF725
:10430C0057FE2B46A2883146ADF8082062F30F0306
:10431C00228902A862F31F4304932368ADF80A2094
:10432C0004AA0393059303F053FE01460E48FFF7CE
:10433C003FFEA38831462689ADF8083063F30F059C
:10434C00236804AA02A866F31F45CDE90335ADF82E
:10435C000A60059303F03CFE06B070BD0AF070FCD9
:10436C0014080110180801102008011030B58BB08A
:10437C00FEF744F804460D46064A2021CDE90045D7
:10438C0002A80AF0B9FD044802A9FFF711FE0BB010
:10439C0030BD00BF340801103C0801100AF0A0BC6D
:1043AC000AF082BC431E034210B5044613D180B1FF
:1043BC0079B1481C20440121FFF7F2FF024640B1BD
:1043CC00631C0344644203EA0400821A20F8022CA2
:1043DC0010BD002010BD4821024B034A03480AF0CF
:1043EC0045FC00BF400801105C0801106C06011070
:1043FC000B462DE9F04F8FB0099393680446049057
:10440C00544950690893FDF78BFE002814BF032311
:10441C000123D4F810900393B9F1000F00F09080B1
:10442C004FF0000B4E46DA464B4CCDF814B0B6F5B7
:10443C00806F354628BF4FF48065089B012105FB32
:10444C0003F080000295FFF7ABFF834600287BD07A
:10445C00059B0D90CDE90B35049B9B68002B77D009
:10446C00049A0DAB1046D5680BA90CAAA847002ED0
:10447C0058D0099B0027CDE9066BD3F80090ABF11F
:10448C00040820E0354901903046FEF7DFFB024678
:10449C00334928461546FEF7D9FB01462846FEF758
:1044AC00CDFA019B05462F491846FEF7CFFB014676
:1044BC002846FEF7C3FA029B0137BB420AF1010AF8
:1044CC0049F80B002CD958F8040FFEF7ABFD054644
:1044DC00C0F30740FEF762FB2146FEF76BFC064675
:1044EC00C5F30720FEF75AFB2146FEF763FC034693
:1044FC00E8B21D46FEF752FB2146FEF75BFC039922
:10450C004FEA8A0B032909EB8A02BBD1029B0137C4
:10451C00BB4249F82A60556090600AF1030AD2D870
:10452C00DDE9066B029B5846F61AFFF7ABFB049BC2
:10453C00059A1B6902F58062934205923FF677AFAC
:10454C0000200FB0BDE8F08F07480FB0BDE8F08F2A
:10455C000AF076FB9408011000007F438716993E01
:10456C00A245163FD578E93D16FCFFFF2DE9F04F2B
:10457C00A3B02E9C8146207B2569800117469B4663
:10458C0005950D46FFF70AFF04900890FFF7A2F877
:10459C0000217B4B12AE12937A4B139110937A4BF2
:1045AC000DF134080F931191324696E8030008ABD5
:1045BC0088E8030020460AA9FFF728FE8246B0B11E
:1045CC00119A0F9C42B10992002C00F0D680404603
:1045DC00109A09A990470F9C002211921CB103223A
:1045EC0041464046A047504623B0BDE8F08F2C9979
:1045FC005B46009199F844103246029199F83C10B0
:10460C00284601912D99D1F88010FFF75FFD824665
:10461C000028D5D1DDE90A69226992689047002803
:10462C0040F0A880FFF756F84FF47A72A0FB0221F5
:10463C002D9B921B61EB0901C3E91A21FFF780FC4A
:10464C00023008BF6FF0010A227B002A53D04FF0D2
:10465C000009FD00049E2D9FCDF81CA0B2681068C7
:10466C00002840F3848000234FF0010B52F8041F04
:10467C000133834201FB0BFBF8D196F800A0BAF191
:10468C00030F0CD0BAF1090F09D0BAF1010F54D0B5
:10469C0051463E48FFF78CFC6FF00D0A90E7237DE6
:1046AC00102083BBFFF77AFE012182465846FFF7A4
:1046BC0077FE0123CAF80000D7F880E0B269716870
:1046CC00CAF808B08AF80C30CAF804304EF805A0C5
:1046DC000AF03BFDD7F8803062682B444A445A609C
:1046EC00237B09F101094B4506F1400605F108054C
:1046FC00B4D8DDF81CA0059B2148DA6890470498D3
:10470C00FFF7C0FA5CE7FFF749FE012182464FEA4A
:10471C008B00FFF745FE0122D7F880C0CAF80000D5
:10472C00CAF808B08AF80C20CAF804205146304662
:10473C004CF805A0FFF760FCCCE71020FFF72EFE2D
:10474C00034651464FEA8B000693FFF729FE069B62
:10475C00D7F88020C3F808B0186083F80CA0C3F811
:10476C0004A071685351B2690AF0EFFCB2E74FF044
:10477C00010B82E76FF0020A66E70AF061FA00BFEC
:10478C00953C0010A53B00107D3D0010300701103A
:10479C002DE9F04FB5B03E9E0446307B3569800163
:1047AC00119507910F920D939DF8FCA0FFF7F6FD64
:1047BC00002305463E493F4A22913F4924922593C6
:1047CC0024AA23931FAB21910E9092E8030083E857
:1047DC000300304617AB1CA91795FFF717FD0746CA
:1047EC00002840F07C819DF89030092B02D0032BDF
:1047FC0040F04E83FEF76EFF259BA2690593159240
:10480C001290002B00F0398300231093236C28980E
:10481C00DD68FEF7C7F90346A26C6869D2682749C0
:10482C000C92AA6801930B92FDF77AFC079B002867
:10483C001D6914BF03230123DDF89C900693002D02
:10484C0000F0D5804FF000083E96CDF850A04646BB
:10485C00AB46CA461397BBF5806F5C4628BF4FF436
:10486C0080640B9B012103FB04F08000FFF798FD93
:10487C008146002800F0A182079BCDE918649B6853
:10488C001A90002B00F00A83079B19AA1846DD68C2
:10489C0018A91AABA847BBF1000F00F0988002943E
:1048AC000025CDE9089B0C9CA9F104070A9637E07A
:1048BC00A53B0010953C00107D3D001094080110A4
:1048CC00FEF758FB002800F021814FF0434101987E
:1048DC00FEF750FB002800F01981002C40F05781A6
:1048EC0049F2456044F68B4300FB0BF003FB0900D7
:1048FC0041F62F5303FB06000014FEF753F94FF05B
:10490C008641FEF799F8FEF767FB00F3070040B20B
:10491C00039B01351870029BDDF81080AB4252D915
:10492C0057F8040FFEF77EFB08F101030493059B77
:10493C00C0F3074943440393069BC0F3072B032B97
:10494C00C6B2A5495046BBD1FEF714FB002800F0B7
:10495C004F814FF043410198FEF70CFB002800F00B
:10496C0047814846002C40F08D81FEF71BF94FF033
:10497C008641FEF761F8FEF72FFB81465846FEF79D
:10498C0011F94FF08641FEF757F8FEF725FB034669
:10499C0030465EB2FEF706F94FF08641FEF74CF852
:1049AC00FEF71AFB4FFA89F940B2039B059A08F1FE
:1049BC00010183F8009056549870029B0135AB426C
:1049CC0008F10308ACD8DDE9089B1C460A9E484652
:1049DC00FFF758F9079B06F580661B69ABEB040BD8
:1049EC009E42FFF438AF139F3E9EDDF850A0FFF7B8
:1049FC00A7FA831C00F03F82FEF76CFE129BC01AD4
:104A0C0062EB0202510143011B1A41EAD06161EBD6
:104A1C000201890041EA93719B001B1842EB0102D1
:104A2C00D2000D9942EA5372DB004A660B66BAF16A
:104A3C00000F40F0FF81FEF74DFE4FF47A74A0FB9F
:104A4C0004953369CDE91C959B689847002840F084
:104A5C002282FEF73FFEA0FB04320D99B3EB090353
:104A6C0062EB0502C1E91A32FFF76AFA023008BF9D
:104A7C006FF00107337B002B00F0978100250F9B13
:104A8C000E9CDDF834804FEAC3090197A2681068C8
:104A9C00002840F3FA8100234FF0010A52F8041F5A
:104AAC000133834201FB0AFAF8D194F800B0BBF150
:104ABC00030F00F04D81BBF1090F00F04981BBF1F0
:104ACC00010F00F0818159464448FFF771FA6FF0ED
:104ADC000D07059B1BB1109B002B40F0A781239A5F
:104AEC00219B42B11B92002B00F0D881229B1FA866
:104AFC001BA99847219B002223921BB11FA90322BB
:104B0C0008469847384635B0BDE8F08F4846FEF762
:104B1C0045F880465846FEF741F881463046FEF788
:104B2C003DF80646002C3ED140462D49FEF742F991
:104B3C002B4980464846FEF73DF9294981463046C7
:104B4C00FEF738F9064640462649FEF77FF8264917
:104B5C0080464846FEF77AF801464046FDF76EFF60
:104B6C000346224930461E46FEF770F80146304691
:104B7C00FDF764FF5146FEF71DF90AF021F80146D6
:104B8C000198FDF75BFFFEF727FA40B2C0E64846F6
:104B9C00FEF704F880465846FEF700F8814630468A
:104BAC00FDF7FCFF0646022C00F08E80042CCAD1C7
:104BBC0040464FF08641FDF73FFF4FF0864180465F
:104BCC004846FDF739FF4FF0864181463046FDF7E8
:104BDC0033FF0646B7E700BF8180803B30070110EA
:104BEC0000007F438716993EA245163FD578E93DD4
:104BFC004846FDF7D3FF81465846FDF7CFFF834665
:104C0C003046FDF7CBFF0646002C46D14846A4495A
:104C1C00FEF7D0F8A24981465846FEF7CBF8A049DA
:104C2C0083463046FEF7C6F8064651464846FEF720
:104C3C00C1F809F0C5FF01460198FDF7FFFEFEF72C
:104C4C00CBF9514681465846FEF7B4F809F0B8FF47
:104C5C00DDF804B001465846FDF7F0FEFEF7BCF94E
:104C6C000346514630465EB2FEF7A4F809F0A8FFA1
:104C7C0001465846FDF7E2FEFEF7AEF94FFA89F908
:104C8C0040B292E6FDF78AFF81465846FDF786FF53
:104C9C0083463046FDF782FF0646022C36D0042CA4
:104CAC00C3D148464FF08641FDF7C6FE4FF0864112
:104CBC0081465846FDF7C0FE4FF08641834630468C
:104CCC00FDF7BAFE0646B0E740467549FEF772F8A6
:104CDC007449FDF7B1FE7449FEF76CF870498046D3
:104CEC004846FEF767F87149FDF7A6FE7049FEF7D6
:104CFC0061F86B4981463046FEF75CF86D49FDF76B
:104D0C009BFE6D49FEF756F806461CE7484664497B
:104D1C00FEF750F86349FDF78FFE6349FEF74AF83A
:104D2C005F4981465846FEF745F86049FDF784FE19
:104D3C005F49FEF73FF85A4983463046FEF73AF88A
:104D4C005C49FDF779FE5C49FEF734F806466CE7E2
:104D5C00337D1020002B50D0FFF720FB0121834620
:104D6C004FEA8A00FFF71CFB0123D8F88020CBF810
:104D7C000000CBF808A08BF80C30CBF80430594667
:104D8C00204642F809B0FFF737F9D8F8803072683E
:104D9C004B442A445A60337B0135AB4204F1400446
:104DAC0009F108093FF672AE019F119B4348DB687D
:104DBC0098470E98FEF766FF8BE641494148FFF78E
:104DCC00F7F86FF0040784E61020FFF7E7FA59466E
:104DDC0007464FEA8A00FFF7E3FAD8F88020C7F8B5
:104DEC0008A0386087F80CB0C7F804B0616842F8C6
:104DFC000970A2690AF0A9F9C7E7FFF7CFFA0121F8
:104E0C0083465046FFF7CCFA0123CBF80000D8F8C4
:104E1C0080C0A2696168CBF808A08BF80C30CBF885
:104E2C0004304CF809B00AF090F9AEE70598FEF79B
:104E3C0029FF54E6C96C2448FFF7BAF8159BB3B1A7
:104E4C00159B224D5C1E059B1C4403F1FF39289BCE
:104E5C0019F9010FC01AFDF7A5FE2799FDF7F6FE0B
:104E6C00FFF784FA2846FFF7A3F84C45EFD1184812
:104E7C00FFF79EF8DFE507462BE601211046FFF70A
:104E8C008FFA012305901093C0E44FF0010A0CE651
:104E9C006FF0080723E66FF00207EBE509F0D0FE90
:104EAC0000007F43EC51F83EFA7E6A3ED578E93E2D
:104EBC004260653E3BDFCF3E6666663E953C001029
:104ECC0016FCFFFFA0080110C8080110DC08011037
:104EDC00E40901102DE9F04FA3B0804691460691EC
:104EEC000B93002800F0D782C368002B00F0D3820C
:104EFC00002A00F0D082002900F0CD828822002107
:104F0C0048460AF091F8D8F80C3093F85440E40075
:104F1C002046FFF743FA22460021C9F880000C9086
:104F2C000AF082F8D8F80C0090F85530826C022BFD
:104F3C00D2E9014100F02A81053BDBB2092B06D8EE
:104F4C0040F2452222FA03F3DA0700F11F8190F8B0
:104F5C003C300A930A9BDC002046FFF71FFA82467E
:104F6C00002800F0C381224600210AF05DF80A9C5B
:104F7C00A31C9B0018460F9309F060FE04230360EA
:104F8C00034608330E9044600D932CB10A9B00210C
:104F9C000D989A000AF048F8FEF79CFBD8F80C30F4
:104FAC00119093F83C20002A00F0AA8000240E9A5D
:104FBC00029402F1040BCDF82490196C04EBC40399
:104FCC0001EB830251F823609B000893D2E9015353
:104FDC000793D36810200593136957690493D36919
:104FEC000393FFF7DBF901218146A800FFF7D8F9FD
:104FFC004FF0010389F80C3001235BF8041FC9E959
:10500C000135CBF80090C9F8000051B1086818B10F
:10501C000B7B002B40F018810846FEF733FED9F8C5
:10502C000000002800F06881029B0AF104022B4466
:10503C00D8F80C504AF8349042F83460AA690293BC
:10504C00934200F280810022049B1F92296A1A93DA
:10505C00069B8F421DAE1D92CDE91B7519932092B4
:10506C00726000F0BD801692BC4AB1461F92BC4AD9
:10507C0020921A6919ABB2FBF1F207FB02F21593FD
:10508C00219213AB15AA92E8030083E80300039B5B
:10509C0086E80300002B00F0A980B24D2B78002B82
:1050AC0000F0AC80D8F8045055F82400002800F02B
:1050BC00B680DDF824C0D8F80C7005685AF8342096
:1050CC00CDF804C0BF6B49460097059B6D68A84797
:1050DC00002840F05981FEF733FF831C00F06681F5
:1050EC001F9B1BB10322314630469847D8F80C3031
:1050FC00013493F83C20A2423FF65FAFDDF82490D8
:10510C00FEF7E8FA119BC01A62EB0202510143014F
:10511C001B1A41EAD06161EB0201890041EA9371EB
:10512C009B001B1842EB0102D20042EA5372DB00D7
:10513C00C9F860300B9BC9F86420002B40F08181CA
:10514C000B9B4A4651464046FEF7FCFE0F9B05461C
:10515C00A3F108040D9B1C44002800F029810D9B31
:10516C009C4276D00D9F04E03046FEF78BFDA742A3
:10517C006FD054F8046D002EF9D030680028F3D0AD
:10518C00337B002BF0D0FEF77DFDEDE790F83C5023
:10519C0090F861200A95002A7FF4DCAE724B9C4299
:1051AC007FF4D8AE4B7B002B3FF4D4AE012D7FF4B3
:1051BC00D1AE036C9C686D4B9C4240F06F810B9B95
:1051CC00CDE900134B460699FFF7E2FA0546002895
:1051DC0047D00C98FEF756FD284623B0BDE8F08F5B
:1051EC00039BDDF81890002B7FF457AFAB6B484650
:1051FC00059A5AF83410079DA84769E75C495D4841
:10520C00FEF7D6FE5C48FEF7D3FE4FF001032B7081
:10521C00D8F8045055F8240000287FF44AAFD8F889
:10522C00003008991A6C0A44D068996BD369984776
:10523C00D8F8043045F8240053F8240000287FF4F3
:10524C0038AF6FF00A05A5E01091FEF71BFD109921
:10525C00E2E6DDE90E0109F0DEFC5046FEF712FD38
:10526C00B7E749464046FEF7FDFD0546D9E918016A
:10527C0010F5FA704FF47A724FF0000341F100010F
:10528C00FDF7F0FE0346D9F86800D9F86C1010F55C
:10529C00FA704FF47A7241F10001C9F84C300023D6
:1052AC00FDF7E0FE0346D9F87800D9F87C1010F52C
:1052BC00FA704FF47A7241F10001C9F850300023B2
:1052CC00FDF7D0FE0346D9F87000D9F8741010F52C
:1052DC00FA70C9F858304FF47A724FF0000341F16C
:1052EC000001FDF7BFFEC9F8540072E72348FEF732
:1052FC005FFE6FF007056CE721462148FEF758FE6C
:10530C000F9BA3F108040D9B1C449C4214D0264611
:10531C000D9F04E02846FEF7B5FCBE420CD056F8B3
:10532C00045D002DF9D028680028F3D02B7B002BCE
:10533C00F0D0FEF7A7FCEDE7DDE90E0109F06BFC00
:10534C006FF007050BE70F48FEF732FE0F9B6FF06F
:10535C000405A3F108040D9B1C4400E73D3D00101F
:10536C009D3D0010B8F8012079450010FD43001058
:10537C0074090110180801107C090110E0080110D3
:10538C00100901104809011001465248FEF710FEA1
:10539C006FF004051F9B1BB1032231463046984722
:1053AC000F9BA3F108040D9B1C44D8E60546F1E7BE
:1053BC0040464946FEF756FD054600287FF4CFAE21
:1053CC00D9F86030D9F8641013F5FA704FF47A728A
:1053DC004FF0000341F10001FDF744FED9F86830AD
:1053EC00D9F86C10C9F84C0013F5FA704FF47A72B6
:1053FC004FF0000341F10001FDF734FED9F878308D
:10540C00D9F87C10C9F8500013F5FA704FF47A7281
:10541C004FF0000341F10001FDF724FED9F8703084
:10542C00D9F87410C9F8580013F5FA704FF47A7261
:10543C004FF0000341F10001FDF714FEC9F85400D0
:10544C008DE6D9F84C102448FEF7B2FD0A9BF3B157
:10545C000025224C224FDDF828B05AF835309BB18C
:10546C009A6800266AB11B6853F82600FEF77EFF87
:10547C002046FEF79DFD5AF8353001369A68B24247
:10548C00F1D83846FEF794FD01355D45E5D1154858
:10549C00FEF78EFD54E66FF015059DE6082002928E
:1054AC00FEF77CFF029A824600283FF41FAFCAF831
:1054BC000020CAF804200C2009F0C0FB04230C22A5
:1054CC0003600A9B0F92436000F108030E900D934A
:1054DC005CE500BFA0080110C8080110DC08011031
:1054EC00E4090110E80901102DE9F04FC1B001F0F9
:1054FC0073FE68B9FEF7F4F8C824FEF70FF9012023
:10550C000AF080FF013CF8D101F066FE0028F1D0D2
:10551C000024FEF7FBF84FF4407221469C4809F03A
:10552C0083FD9C4B9C4F1C609C4BDFF874A21C6051
:10553C009C4BDFF85CB21C709B4B1C70FEF74CFB59
:10554C009A4B9B4A1C609B4B14601C609A4B9B4A69
:10555C001C60012314709A4A137004231D460CA876
:10556C0001F010FE002863D03A68964B02F51C42FD
:10557C004032A3FB0213DAF8004009A804EB5304F1
:10558C005B0803EBC303D21A3A60CAF8004001F07F
:10559C00D3FD00284AD08A4B1B78002B46D0874A73
:1055AC001378002B47D101231370234645F6EA32BA
:1055BC001344814A136000227D4B1A60754B1E68A0
:1055CC0006F10608B8F1C00F88BF1A602ED8BDF9D5
:1055DC002400FDF7E7FA4BF82600BDF92600FDF78D
:1055EC00E1FA731C4BF82300BDF92800FDF7DAFA39
:1055FC00B31C4BF82300BDF92A00FDF7D3FAF31CBA
:10560C004BF82300BDF92C00FDF7CCFA331D4BF8F9
:10561C002300BDF92E00FDF7C5FA5E4B0536B8F137
:10562C00C00F4BF82600C3F800800FD0013D96D177
:10563C00FEF774F891E7604B1B68E21A002AF5DB61
:10564C005B4A126802F5B7426A32B1E700231F9336
:10565C005D4B88221E935D4BCDF8548013935C4BAD
:10566C0014931EAB93E8030016AB83E8030011AB55
:10567C0083E803001EA809F0D7FCFEF72BF80023E3
:10568C0081461EAA534811A9FFF724FC0646FEF7D3
:10569C0021F8002E5FD14FF6FF72A0EB0903934265
:1056AC0028BF13469BB20593FEF714F80346DDF8AA
:1056BC008C90DDF88480484641460493FDF782FCCB
:1056CC00002860D1C1464FF0010803960226CDE9AF
:1056DC0006451EAB03EBC603DC6849462046FDF7C6
:1056EC0071FC40AB03EBC801F5B2002846D1204653
:1056FC0051F87C1CFDF766FC002818BFA846013643
:10570C00062EE6D1DDE906452D9E49463046FDF7CD
:10571C0059FC002840F06E81CDF8189030462E4987
:10572C00FDF746FC1F4B1B7800285BD1002B40F08B
:10573C006681204B049A1B68D31A002B0BDB48465E
:10574C002649FDF735FC30B130462349FDF71CFCEA
:10575C00002840F0758122494FF41072A1F1C0006D
:10576C0009F048FC90230B4A1360139B002B3FF469
:10577C005DAF11A903220846984757E7DDF80C8066
:10578C00A1460395BBE70123B04603939EE700BFF8
:10579C00B8F50120B4F5012058F40120B0F5012032
:1057AC005CF40120ADF50120ACF501206CF4012076
:1057BC0050F4012068F4012054F401204CF4012031
:1057CC004DF40120398EE338BD3B00105D3D0010D7
:1057DC00AD3B0010BCF801209A99593F9A99993E1B
:1057EC0078F60120002BA4D0059B42460093039928
:1057FC0023461EA8FEF754F9A44B1B78FF2B08D0A8
:10580C00A24A0133DBB21370A14A012B126800F0DB
:10581C003281A04B5E681C6830462146FDF7D2FBF6
:10582C00002800F0088134464FF001084FF00009C1
:10583C0002262046984B05950393039B444653F848
:10584C00045F29460393FDF79FFBF2B248B134463F
:10585C000136062EC146904611D08E4B53F82400CB
:10586C00EBE78C4B284653F829100692FDF7AAFB60
:10587C00069A0136002818BF9146062EEDD1DDE9B7
:10588C00043503F5AF76854B1B5D002B00F0EC80E7
:10589C00804B002153F829904846FDF793FB7D4B34
:1058AC0053F8243048B149461846FDF7C5F87C49F1
:1058BC00FDF76AFB002840F0E1807A4BC4EBC40C86
:1058CC001E600026784B794A83F80080784BDFF80D
:1058DC00E4E103EB8C0C784B53F82490774BC3F832
:1058EC000090774B53F8243032F81440754A0393E8
:1058FC001360754B1C80754B1E70644B1E70BCE89E
:10590C000F00AEE80F009CE807008EE80700484641
:10591C006F49FDF74DFB00283FF41DAF039B6D4A0B
:10592C001893136800211793013313606A4B484690
:10593C008DF86480CDF86660CDF86A60CDF86E6045
:10594C00CDF87260ADF876601693FDF727FB88B939
:10595C004FF07E514846FDF72BFB002869D15F497B
:10596C004846FDF773F94FF07C51FDF767F8FDF7EA
:10597C0059FBC6B28DF86560DFF86491594E0DF194
:10598C006408039515E04FF07E512846FDF710FB97
:10599C0090BB49462846FDF759F94FF07C51FDF76D
:1059AC004DF8FDF73FFB83B228F8023F4E4BB34254
:1059BC000DD056F8045F00212846FDF7EFFA0028B9
:1059CC00E1D0002328F8023F474BB342F1D100222B
:1059DC00039DADF874400DF1570313F8011F0A44F1
:1059EC000DF175018B42F8D116A8ADF8762002F0B6
:1059FC00C5F9B0E6069691E642F21073D4E7059B22
:105A0C00039900931EA823464246FEF749F80698D0
:105A1C003649FDF7B9FA00287FF4EEAE1B4A1C4B51
:105A2C0010701B68049AD31AB3F5C86FBFF4F1AEAB
:105A3C0091E6FF269EE74FF000084FF00109F7E6CC
:105A4C00049A134B1A600123204A137000230F4A47
:105A5C001370FEF7C1F8059B424600930399234649
:105A6C001EA8FEF71DF876E60E4A1660174A13704C
:105A7C00064A13706FE6049B9B1AD5E7094B134A31
:105A8C001E6000231370014A137064E6ACF501200C
:105A9C006CF4012094F5012098F501208CF501207F
:105AAC00CDCC4C3D68F4012000F0012090F4012095
:105ABC00B4F4012070F4012074F501208CF4012061
:105ACC009CF4012064F4012060F40120ADF5012068
:105ADC003333B33EB0F50120AA55010200007F43D9
:105AEC0000401C466CF4012088F401209A99993EE0
:105AFC002DE9F04100270F4D0F4B95F83C600F4CF2
:105B0C001B684FEA860840462560EB662772FEF755
:105B1C0045FC60601EB14246394609F085FA002307
:105B2C00E560C4E90433BDE8F041054A0549034882
:105B3C0009F06AB804F00120D4F80120BCF8012067
:105B4C0048F40120353E001010B52C2200210446EB
:105B5C0009F06AFA0423A371002010BD034619B1A1
:105B6C0010B10020196070470320704730B40568ED
:105B7C0008462C6811461A461CB1A446AB6830BCCA
:105B8C006047022030BC704730B4056808466C682A
:105B9C0011461A461CB1A446AB6830BC60470220C3
:105BAC0030BC704710B5032982B014D883798B426E
:105BBC000ED0036881711C6809018DF807106CB157
:105BCC0001227F209B680DF10701A04702B010BD98
:105BDC00002002B010BD032002B010BD0220F5E77A
:105BEC00002230B5817983B0044603688DF8042017
:105BFC0041B182711D682DB19B6801227F2001A9E2
:105C0C00A84723685D68ADB1012206209B6801A9F5
:105C1C00A84768B925689DF804302C6843F08003C8
:105C2C008DF8043034B101220620AB6801A9A047DD
:105C3C0003B030BD022003B030BD00BF70B50022F0
:105C4C000446807982B00E4623688DF8042040B15A
:105C5C00A2711D682DB19B6801227F2001A9A84764
:105C6C0023685D68ADB1012206209B6801A9A84795
:105C7C0068B925689DF804302C6866F386138DF896
:105C8C00043034B101220620AB6801A9A04702B050
:105C9C0070BD022002B070BD70B500220446807940
:105CAC0082B00E4623688DF8042040B1A2711D68A5
:105CBC002DB19B6801227F2001A9A84723685D684C
:105CCC00ADB1012206209B6801A9A84768B92568D7
:105CDC009DF804302C6866F345138DF8043034B10C
:105CEC0001220620AB6801A9A04702B070BD0220BA
:105CFC0002B070BD002230B5817983B004460368D0
:105D0C008DF806208DF8072049B182711D6835B1D8
:105D1C009B6801227F200DF10701A84723685C686E
:105D2C0074B1012200209B680DF10601A04728B92F
:105D3C009DF80600EA3818BF0120800003B030BD82
:105D4C00022003B030BD00BF2DE9F04184B00192B8
:105D5C008A070C4606466BD011F0010505D1A30746
:105D6C003ED4284604B0BDE8F08102258279036850
:105D7C008DF80F50AA42BDF80470D3F800805CD0A7
:105D8C00202285718DF80F20B8F1000F57D09B6839
:105D9C0001227F200DF10F01C04705463368D3F86F
:105DAC0000808DF80F703F0A8DF80E70B8F1000F5F
:105DBC0045D09B68012210200DF10E01C0473368BD
:105DCC0005431F68EDB2002F42D09B6801221120C1
:105DDC000DF10F01B847A30745EA0005EDB2C0D598
:105DEC000223B27931688DF80F309A420C680ED0CC
:105DFC002022B3718DF80F202CB38B6801220DF18A
:105E0C000F017F20A047316828430C68C5B29DF86C
:105E1C0006308DF80F30CCB18B68012200200DF1CB
:105E2C000F01A0472843C5B2284604B0BDE8F08155
:105E3C000725284604B0BDE8F0810025B1E745F000
:105E4C000205EDB28BE718461D43EBE70220E9E7AC
:105E5C0045F0020583E700BF70B500220446807947
:105E6C0082B00D4623688DF8042058B1A2711E68CB
:105E7C000EB301227F209B6801A9B04708B102B084
:105E8C0070BD23685E68B6B1012203209B6801A92E
:105E9C00B0470028F3D126689DF80430346865F3C8
:105EAC0086138DF8043034B10122B36801A90320A4
:105EBC00A04702B070BD0220E1E700BF002230B560
:105ECC00817983B0044603688DF8042061B1827136
:105EDC001D68002D32D001227F209B6801A9A847A4
:105EEC0008B103B030BD23685D683DB30122682062
:105EFC009B6801A9A8470028F3D121689DF80430BC
:105F0C000D6843F01F038DF80430BDB18B6801227E
:105F1C00682001A9A8470028E3D11E2225689DF816
:105F2C0004302C6862F304038DF8043034B1012280
:105F3C00AB6801A96820A04703B030BD0220D0E7B0
:105F4C00002270B50D46817982B0044603688DF845
:105F5C00042059B182711E6856B301227F209B68C0
:105F6C0001A9B04708B102B070BD23685E68FEB1EC
:105F7C000122702069469B68B0470028F3D1216844
:105F8C009DF800304C6803F01F038DF800307CB195
:105F9C008B680122712001A9A0470028E3D19DF84C
:105FAC0000209DF8043043EA02232B8002B070BD20
:105FBC00022002B070BD00BF4FF0000CF0B50D46D2
:105FCC00817983B00446164603688DF807C069B121
:105FDC0080F806C01F68A7B101227F209B680DF1D5
:105FEC000701B84708B103B0F0BD23685C6844B141
:105FFC00324629467220A4469B6803B0BDE8F040A7
:10600C0060470220EFE700BF70B50022044680799C
:10601C0082B00D4623688DF8042058B1A2711E6819
:10602C000EB301227F209B6801A9B04708B102B0D2
:10603C0070BD23685E68B6B1012203209B6801A97C
:10604C00B0470028F3D126689DF80430346865F316
:10605C00C7138DF8043034B10122B36801A90320B1
:10606C00A04702B070BD0220E1E700BF002230B5AE
:10607C00817983B0044603688DF8042059B182718C
:10608C001D680DB301227F209B6801A9A84708B1A8
:10609C0003B030BD23685D68B5B1012203209B6855
:1060AC0001A9A8470028F3D125689DF804302C6875
:1060BC0043F008038DF8043034B10122AB6801A918
:1060CC000320A04703B030BD0220E1E730B50379CF
:1060DC00044683B003B38279036849BA022A1D6867
:1060EC00ADF804100FD00221202281718DF803200D
:1060FC00ADB101227F209B680DF10301A84708B1C7
:10610C0003B030BD23681C684CB102229B6801A906
:10611C005020A04703B030BD082003B030BD022092
:10612C00EEE700BF2DE9F04707460D46904699462D
:10613C0082B0002B53D0002382798DF807305AB1EE
:10614C00837103681C68002C37D001227F209B6868
:10615C000DF10701A04788BBFA792B0A9A428DF8FA
:10616C0006302ED10026B8F1000F1CD13BE00DF10A
:10617C00070101227C209B68D04709EB0601E8B996
:10618C003B68102CD3F800A028BF1024BAF1000FE4
:10619C0013D07D2022469B68D04725442644ADB2BF
:1061AC0060B9B0451FD93B688DF80750D3F800A0F3
:1061BC00A8EB0604BAF1000FD9D1022002B0BDE859
:1061CC00F087FB713B681C68002CF6D001227E2006
:1061DC009B680DF10601A0470028C3D0EEE706200E
:1061EC0002B0BDE8F087002002B0BDE8F08700BF28
:1061FC002DE9F04707460D469046994682B0002B94
:10620C0053D0002382798DF807305AB1837103681B
:10621C001C68002C37D001227F209B680DF10701F0
:10622C00A04788BBFA792B0A9A428DF806302ED1FA
:10623C000026B8F1000F1CD13BE00DF10701012243
:10624C007C209B68D04709EB0601E8B93B68102C11
:10625C00D3F804A028BF1024BAF1000F13D07D206E
:10626C0022469B68D04725442644ADB260B9B04560
:10627C001FD93B688DF80750D3F800A0A8EB060493
:10628C00BAF1000FD9D1022002B0BDE8F087FB7142
:10629C003B681C68002CF6D001227E209B680DF117
:1062AC000601A0470028C3D0EEE7062002B0BDE8E7
:1062BC00F087002002B0BDE8F08700BF2DE9F04F59
:1062CC001F46037904468846164689B0002B5FD0DA
:1062DC0043791BB1002009B0BDE8F08F81790268C9
:1062EC008DF8103041B1837115682DB193687F2002
:1062FC00012204A9A84722685568002D78D093681C
:10630C000620012204A9A8470028E4D122689DF8A0
:10631C001030156860F386138DF81030002D67D09F
:10632C0093680620012204A9A8470028D3D101466E
:10633C002046FFF7B1FC0028CDD1002E67D03546A2
:10634C00C246B94600E045B3102DAB4628BF4FF00E
:10635C00100B1FFA8BFB5BFA89F3B3F5807FC8BF78
:10636C00A3F5807B51465A4604A808F0EEFE494638
:10637C0004AB5A462046FFF7D5FE1FFA8BF3ED1AF5
:10638C004B44ADB2DA441FFA83F90028DBD0A2E704
:10639C00082009B0BDE8F08F66B3102EB14628BFB7
:1063AC004FF0100959FA87F2B2F5807FC8BFA2F5F9
:1063BC0080796B46394620464A46FFF719FF00B1F3
:1063CC00013541464A4604A808F0BFFE4A466846D5
:1063DC0004A908F0FFFDC8441FFA89F9A6EB0906C9
:1063EC00B944B6B21FFA89F70028D5D0092072E754
:1063FC00022070E701212046FFF74EFC00287FF4B5
:10640C006AAF002D7FF466AF0123637162E701214F
:10641C002046FFF741FC0028F6D05CE7902343F2BE
:10642C00DD720149FFF74ABFC00B011070B503794B
:10643C0005460E4682B0002B3FD0002152BAADF873
:10644C000020ADF80410FFF7F9FB044610B120460C
:10645C0002B070BD01462846FFF71EFC044600281A
:10646C00F5D1A03E1E2E1ED8DFE806F0391D1D1DED
:10647C00471D1D1D551D1D1D631D1D1D1D1D711D44
:10648C00101D7F1D8D1D9B1DA91D2B000222B421EB
:10649C006B462846FFF746FE02229421284601ABA4
:1064AC00FFF740FE044601212846FFF7F5FB0028C4
:1064BC0018BF0446204602B070BD0824204602B026
:1064CC0070BD0222BE216B462846FFF72BFE02222E
:1064DC009E21284601ABFFF725FE0446E3E7022286
:1064EC00A0216B462846FFF71DFE0222802128467C
:1064FC0001ABFFF717FE0446D5E70222A4216B4639
:10650C002846FFF70FFE02228421284601ABFFF735
:10651C0009FE0446C7E70222A8216B462846FFF76E
:10652C0001FE02228821284601ABFFF7FBFD044641
:10653C00B9E70222AC216B462846FFF7F3FD022295
:10654C008C21284601ABFFF7EDFD0446ABE7022298
:10655C00B2216B462846FFF7E5FD02229221284620
:10656C0001ABFFF7DFFD04469DE70222B6216B4627
:10657C002846FFF7D7FD02229621284601ABFFF7EC
:10658C00D1FD04468FE70222B8216B462846FFF75F
:10659C00C9FD02229821284601ABFFF7C3FD044632
:1065AC0081E70222BA216B462846FFF7BBFD022287
:1065BC009A21284601ABFFF7B5FD044673E702228A
:1065CC00BC216B462846FFF7ADFD02229C212846D4
:1065DC0001ABFFF7A7FD044665E700BF2DE9F04FBF
:1065EC00037985B004460190002B62D013295CD846
:1065FC007D4B5B5C2B2B58D84FF6FF717B4830F8EA
:10660C001300884251D0D4E904781F2B55D90121AD
:10661C00203B9940002A40F0E180019B28EA0108C8
:10662C00C3F8148000224FF0010916461546144693
:10663C006F48DFF8C0B1DFF8C0A122E0E1B1B0F8DB
:10664C0000C011F4DD6F46EA0C0601F0840C4AD050
:10665C0045F0020544F4007413EA0A0F43D045F0E8
:10666C00010544F4807403EA0B0353EA0C031CBFCA
:10667C0045F0080544F080040132202A00F10200A4
:10668C003CD009FA02F303EA08013B40D6D030F8BB
:10669C0040CCDFF868E146EA0C0603EA0E0EA9B915
:1066AC00BEF1000F25D08C46D2E7072005B0BDE81F
:1066BC00F08F082005B0BDE8F08F01219940002A29
:1066CC0040F0888027EA01072761ABE7B0F800C0EB
:1066DC0046EA0C0601F0840CBEF1000FB8D111F49F
:1066EC00DD6FB5D1B8E740F6180E11EA0E0FB6D132
:1066FC00B9E713EA0A0CB6D0F446B0E7019F0021C3
:10670C003846FFF79BFA0028D0D101463846FFF7F0
:10671C00C3FA0028CAD144F240031E4242F220536D
:10672C00DDF804804FEA560707F4804718BF47F49A
:10673C00005796FA96FC1E424FF002024FF04001B1
:10674C004046A8F8206003AB18BF47F48057ADF85B
:10675C000CC0FFF7E7FC0028A8D18DF80D00A8F8B5
:10676C00227002223F0A4221404603AB8DF80C7086
:10677C00FFF7D8FC002899D18DF80C0002228A2151
:10678C004046A8F8245003AB8DF80D50FFF7CAFC17
:10679C0000288BD1720548BF44F0400416F0170F47
:1067AC0018BF44F40054F30548BF44F00804019D9D
:1067BC0060BAADF80C0002224E21284603ABEC84E3
:1067CC00FFF7B0FC00287FF471AF01212846FFF7DA
:1067DC0063FA6BE7019B0F431F6123E7019B48EAB8
:1067EC000108C3F814801DE7BC0A0110D00A01107F
:1067FC00100B01100C481083188E01E60A8E9EE2D5
:10680C0070B5037905460C4686B0002B00F0F88174
:10681C000DF10601FFF794FB002840F0EF81BDF865
:10682C000660012E40F2028220800222284602A934
:10683C00FFF7C2FB002840F0E181BDF80830023EB2
:10684C005BBAB6B223809AB21B076080ADF80660C3
:10685C0000F1D981100400F1EC8151041BD50B2EF1
:10686C0040F22C820C22284602A9FFF7A5FB002837
:10687C0040F0C481B94A02A902F1300C52F8043B31
:10688C0011F8010B234462459872F7D10C3EB6B255
:10689C002288ADF80660930426D5052E40F2268298
:1068AC000622284602A9FFF787FB002840F0A681A4
:1068BC0003469DF80920063E62F307039DF8082065
:1068CC00B6B262F30F239DF80B20ADF8066062F3AD
:1068DC0017439DF80A2062F31F63C4F81630BDF805
:1068EC000C3022885BBA6383D00400F1C681110599
:1068FC001CD50B2E40F213820C22284602A9FFF75E
:10690C005BFB002840F07A81954A02A902F1300C19
:10691C0052F8043B11F8010B2344624583F8240020
:10692C00F6D10C3EB6B22288ADF8066053051DD5E3
:10693C000D2E40F201820E22284602A9FFF73CFBE5
:10694C00002840F05B81874A0DF1070102F1380CF9
:10695C0052F8043F11F8010F2344944583F830009A
:10696C00F6D10E3EB6B22288ADF80660900525D55C
:10697C00052E40F2EE810622284602A9FFF71CFBE9
:10698C00002840F03B819DF80930063E63F3070078
:10699C009DF80830B6B263F30F209DF80B302288B7
:1069AC0063F317409DF80A30ADF8066063F31F607F
:1069BC00BDF80C3020645BBAA4F84430D1051DD569
:1069CC000D2E40F2D3810E22284602A9FFF7F4FACD
:1069DC00002840F01381634A0DF1070102F1380CD5
:1069EC0052F8043F11F8010F2344944583F84800F2
:1069FC00F6D10E3EB6B22288ADF80660130615D558
:106A0C00052E40F2C0810622284602A9FFF7D4FACF
:106A1C00002840F0F3800298063EA065BDF80C30CB
:106A2C00B6B22288ADF80660A4F85C3090061CD58E
:106A3C000B2E40F2B5810C22284602A9FFF7BCFAB6
:106A4C00002840F0DB80464A02A902F1300C52F8D3
:106A5C00043B11F8010B2344624583F86C00F6D11A
:106A6C000C3EB6B22288ADF80660D10611D5032EC5
:106A7C0040F2A4810422284602A9FFF79DFA0028BF
:106A8C0040F0BC80029B043EB6B21BBAADF8066067
:106A9C00A36763885A0414D5012E40F29D8102220B
:106AAC00284602A9FFF788FA002840F0A780BDF815
:106ABC000830023E5BBAB6B2A4F87C306388ADF8FD
:106ACC000660980412D5012E40F2948102222846C9
:106ADC0002A9FFF771FA002840F09080BDF8083049
:106AEC00023E5BBAADF80660A4F87E306288BDF851
:106AFC000660D104334613D5012E40F2898102225F
:106B0C00284602A9FFF758FA002877D1BDF80820CB
:106B1C00023E52BAA4F880206288ADF80660B3B287
:106B2C0050051E4613D5012B40F28E8102222846B9
:106B3C0002A9FFF741FA002860D1BDF80820023EF7
:106B4C0052BAA4F884206288ADF80660B3B211067C
:106B5C001E462CD5052B40F2858105E0280B011033
:106B6C00580B0110840B01100622284602A9FFF7CE
:106B7C0023FA002842D19DF80820063E62F3070054
:106B8C009DF80920ADF8066062F30F209DF80D20EA
:106B9C00B3B262F31740BDF80A2052BAA4F88C20A5
:106BAC009DF80C2062F31F606288C4F888005206BE
:106BBC001E4611D5012B40F263810222284602A900
:106BCC00FFF7FAF9D0B9BDF80820023E52BAADF879
:106BDC000660B3B2A4F89020012B1E4640F2268129
:106BEC000222284602A9FFF7E7F938B9022E18BF8E
:106BFC000C20BDF808305BBAA4F8923006B070BD1A
:106C0C00082006B070BD012E64D90222284602A9C4
:106C1C00FFF7D2F90028F1D1BDF80830023EB6B228
:106C2C005BBA2288ADF80660638013E60A2006B0D2
:106C3C0070BD052E35D90622284602A9FFF7BCF9EE
:106C4C000028DBD19DF80930063E63F307009DF860
:106C5C000830B6B263F30F209DF80B30228863F333
:106C6C0017409DF80A30ADF8066063F31F60BDF85D
:106C7C000C3060605BBA2381EFE5072E42D9082205
:106C8C0028460DEB0201FFF797F90028B6D1083E14
:106C9C00B6B202AB03CB2288ADF80660E06121628C
:106CAC0025E628460DF10601FFF74AF90028A5D183
:106CBC00BDF80660052EBED80B209FE728460DF1C7
:106CCC000601FFF73DF9002898D1BDF806600B2EA0
:106CDC00F2D9C7E528460DF10601FFF731F9002876
:106CEC008CD1BDF80660012EE6D98EE728460DF151
:106CFC000601FFF725F9002880D1BDF80660052EA6
:106D0C00DAD9CDE528460DF10601FFF719F900286F
:106D1C007FF474AFBDF80660072ECDD9AFE72846D7
:106D2C000DF10601FFF70CF900287FF467AFBDF8F1
:106D3C0006600B2EC0D9DFE528460DF10601FFF7E2
:106D4C00FFF800287FF45AAFBDF806600D2EB3D9BA
:106D5C00F1E528460DF10601FFF7F2F800287FF463
:106D6C004DAFBDF80660052EA6D904E628460DF1F8
:106D7C000601FFF7E5F800287FF440AFBDF8066088
:106D8C000D2E99D91FE628460DF10601FFF7D8F80C
:106D9C0000287FF433AFBDF80660052E8CD932E69F
:106DAC0028460DF10601FFF7CBF800287FF426AF3B
:106DBC00BDF806600B2E7FF67FAF3CE628460DF142
:106DCC000601FFF7BDF800287FF418AFBDF8066088
:106DDC00032E7FF671AF4DE628460DF10601FFF745
:106DEC00AFF800287FF40AAFBDF80660012E7FF6DD
:106DFC0063AF54E628460DF10601FFF7A1F8002811
:106E0C007FF4FCAEBDF80660012E7FF655AF5DE653
:106E1C0028460DF10601FFF793F800287FF4EEAE3B
:106E2C00BDF80660012E7FF647AF68E628460DF1E7
:106E3C000601FFF785F800287FF4E0AEBDF8066088
:106E4C00012E7FF639AFCBE628460DF10601FFF790
:106E5C0077F800287FF4D2AEBDF80660012E7FF6DD
:106E6C002BAF63E628460DF10601FFF769F8002801
:106E7C007FF4C4AEBDF80660052E7FF61DAF73E639
:106E8C0028460DF10601FFF75BF800287FF4B6AE3B
:106E9C00BDF80660012E7FF60FAF8EE670B5037954
:106EAC0004460D4682B0002B4AD00122817903683A
:106EBC0091428DF804200AD0102182718DF80410B3
:106ECC001E6826B19B687F2001A9B04723685E68C5
:106EDC00002E38D0012228209B680DF10301B04709
:106EEC0060BB9DF90320194B1949681C002AA0FBB3
:106EFC00030305FB01112273BDBF02F07F02C2F533
:106F0C009E62063202F2F6421944D317FCF7FAF8E5
:106F1C000023104AFCF7F6F8B0F1004F71F10001B4
:106F2C0028BF6FF00040042205BAA0604FF498719E
:106F3C0020460DEB02030195FFF7F4F802B070BD8B
:106F4C00082002B070BD0220F8E700BFF05A676657
:106F5C0035080F00A086010030B50278002A52D007
:106F6C002D4C0023A44601E0462B45D00CF8012BF8
:106F7C0010F8012F9E460133002AF5D10EF10205BF
:106F8C000EF1030C0EF104000EF1050E2022E2545A
:106F9C0073226255742204F80C203D22632922547A
:106FAC0026DD1E4A0533A2FB01025209303204F8D9
:106FBC000E201B4A03F1010EA2FB0150C008A2FBDC
:106FCC000052D20802EB8202A0EB42003030E054B7
:106FDC000022134BA3FB0103DB0803EB8303A1EBA0
:106FEC004301303104EB0E0304F80E105A7030BD1F
:106FFC000929EDDD7346DCE74FF04A0E49204FF0CE
:10700C00480C4725C2E74FF0040E03204FF0020C4A
:10701C0013460125004CB9E7ECF001201F85EB511C
:10702C00CDCCCCCC10B50E4C1D2009F043FA1C2253
:10703C004FF40071204609F0B9FA1D228021204638
:10704C0009F0B4FA02224FF40071204609F0DEFA7E
:10705C002046BDE810400222802109F0D7BA00BFBB
:10706C0080B0046070B515461C4686B0E3B1D9B14A
:10707C00102A19D88DF804000DF1050008F065F8F8
:10708C000121206809F0EEF92179206809F052FA03
:10709C006A1C0123206801A992B207F0DFFB0546A8
:1070AC0030B9284606B070BD0325284606B070BD21
:1070BC00206807F0B3FA012DF6D00125F1E700BFE7
:1070CC00F0B583B00D4616461C468DF8070043B349
:1070DC0039B3102A25D81868012109F0C3F9217990
:1070EC00206809F027FA0023012220680DF107011E
:1070FC0007F0B4FB0746B8B90221206809F0B2F9D1
:10710C002179206809F016FA294601232068B2B2C9
:10711C0007F0BAFA054628B1206807F07FFA012D6E
:10712C0007D1032003B0F0BD206807F077FA012FD8
:10713C00F7D00120F6E700BF10B5044684B020B1AB
:10714C0000210F48FEF72EFD10B1002004B010BD39
:10715C000C232D210A4801AAFEF716FD0028F4D1B4
:10716C00A11E01AB0A3418785A78023342EA002285
:10717C0021F8022F8C42F6D1012004B010BD00BFC3
:10718C00DCF8012010B50446A6B058B100219422B9
:10719C0001A807F049FF0F4801A9FFF731FB20B107
:1071AC000C2802D0002026B010BDBDF8043003F42A
:1071BC000843B3F5084FF5D1DDE90B2301200A99FB
:1071CC006260A360029ABDF80C302160E2602382F9
:1071DC0026B010BDDCF801202DE9F04F764D774C30
:1071EC00DFF8DCA195E80700534603C4110C24F822
:1071FC00022B2170002495E8070003C3DFF8C4B10B
:10720C00DFF8C48191B023F8022B150C32201D70CD
:10721C008BF8004088F8004009F0F4F8FFF702FF03
:10722C004FF4007122466948CDE90C4409F0BEF9CF
:10723C0022468021654809F0B9F902224FF4007109
:10724C00624809F0E3F902228021604809F0DEF976
:10725C0002224FF400715D4809F0ACF90222802142
:10726C005A4809F0A7F9022009F0CCF84FF4007144
:10727C000CAA564809F02EF9802154480DAA09F0A1
:10728C0029F90C9B002B4AD00D9B002B56D00322C6
:10729C004F4B504E504F1A7006F1020916F8015B15
:1072AC004E4BCDE90D443B608DF82C408DF83040B1
:1072BC003D710F94FFF7B6FE4FF4C8730D939DF814
:1072CC003E300DA923F01F0343F0150343488DF8FE
:1072DC003E30ADF8385009F071F9404809F0A6F885
:1072EC0029463E4809F026F93B4601227F200BA98E
:1072FC00FFF7B8FE58B93B4601220CA9FFF7E0FE98
:10730C0028B99DF83030EA2B88F8003018D04E455B
:10731C00C4D198F800103248FFF71EFE07E00D9913
:10732C0049B90B462A4A2F481370FFF715FE002067
:10733C0011B0BDE8F08F01231946F3E70221F0E705
:10734C001023482205930A93E4238DF80A208DF824
:10735C000B304FF4807240232349CDE90623234B95
:10736C008BF80050CDE90B1303F1AB63134D204C9C
:10737C0003F56C33C533CDE908008DF807008DF8A3
:10738C000900ADF80C000D930FCC0FC594E8030069
:10739C004FF001092F46DFF85C80286040468DF8DD
:1073AC00089027F8041FFEF7CFFB044620B32146B4
:1073BC000248FFF7D1FDBAE7A04301103CF10120D0
:1073CC00ECF00120DAF80120D9F8012080B004603B
:1073DC00D8F80120F048011008F9012000340060B1
:1073EC00C8480110AC43011000E8BA2E3D27D27DED
:1073FC00D4430110DCF80120CE4CA5F110060FCCC3
:10740C000FC694E80300306039704046CA4988F8CA
:10741C000490FEF7A3FB04460028C8D1C74EA5F183
:10742C0010040FCE0FC433682646238040461B0C35
:10743C0006F8023FFEF7D4FB04460028B7D16420BF
:10744C0008F0E0FF4FF60473DFF8F4C2A5F1100466
:10745C00A8F80630BCE80F000FC4DCF8003040463A
:10746C0023801B0C3370FEF745FC044600289ED18C
:10747C00DFF8D0E2A5F1100CBEE80F00ACE80F006D
:10748C009EE80700ACE80300214640468CF800203B
:10749C00FEF788FB0446002889D1AB4CA5F1100CF3
:1074AC000FCCACE80F0094E803004B46CCF800007E
:1074BC0002AA398040460621FEF758FB04460028F4
:1074CC007FF475AF0A2008F09DFFDFF880C2103DF5
:1074DC00BCE80F000FC59CE8070085E807002146B3
:1074EC004046FEF7ABFB044600287FF460AF984C97
:1074FC00103D0FCC0FC594E80F0085E80F0000215C
:10750C004046FEF7C9FB044600287FF450AF0A2022
:10751C00904C08F077FF0FCCA5F1100CACE80F00E5
:10752C0094E803004B462860A980404607210DF1E2
:10753C000902FEF71BFB044600287FF438AF0A2033
:10754C0008F060FFDFF810C2A5F1100EBCE80F00C8
:10755C00AEE80F009CE80F0085E80F00214640467E
:10756C00FEF77AFC044600287FF421AFDFF8ECE14B
:10757C00A5F1100CBEE80F00ACE80F009EE80F0060
:10758C00ACE807002146ACF8003040461B0CAB734E
:10759C00FEF73AFD044600287FF409AFDFF8C0C1BE
:1075AC00A5F1100EBCE80F00AEE80F009CE803003C
:1075BC0085E8030021464046FEF7F4FA044600280D
:1075CC007FF4F5AE674CA5F1100C0FCCACE80F00B6
:1075DC0094E803004B4628600DF1070239704046D1
:1075EC006621FEF7C3FA044600287FF4E0AE5E4C39
:1075FC00A5F1100C0FCCACE80F0094E803004B463F
:10760C0028600DF10702397040466721FEF7AEFA8B
:10761C00044600287FF4CBAE544FA5F110040FCFD5
:10762C000FC497E8070003C440462270FEF746FCDF
:10763C00044600287FF4BBAE4D4FA5F110040FCFCC
:10764C000FC40FCF0FC43B684FF4805140462360EA
:10765C00FEF73CFD044600287FF4A9AE454CA5F18D
:10766C0010070FCC0FC794E8030085E803004046D1
:10767C00FEF7D4FE044600287FF499AE3E4C103D34
:10768C000FCC0FC594E80F0007C5002140462B70A6
:10769C00FEF7D4FA044600287FF489AEDFF8DCC08C
:1076AC00A5F11C07BCE80F000FC7BCE80F000FC703
:1076BC00DCF80030214640463B70FEF7EDFA0446FC
:1076CC0000287FF474AE0A202D4C08F09BFE0FCCE2
:1076DC00A5F11C0CACE80F000FCCACE80F0094E843
:1076EC0003003860397140464FF48051FEF7EEFCD0
:1076FC00044600287FF45BAE224C1C3D8DF8100034
:10770C000FCC0FC594E8070085E80700022140461E
:10771C00FEF748FA044600287FF449AE4B46142184
:10772C00404604AAFEF730FA044600287FF43FAE28
:10773C002AE000BFEC430110F4480110044401108E
:10774C00184401102C4401104844011060440110ED
:10775C007C4401109C440110B4440110D444011029
:10776C00F44401100C450110244501103C45011056
:10777C00584501107C45011094450110B445011089
:10778C00D8450110004601109DF81030142143F02B
:10779C0006038DF8103040464B4604AAFEF7E6F976
:1077AC00044600287FF403AE4B461421404604AA3D
:1077BC00FEF7EAF9044600287FF4F9AD9DF8103085
:1077CC0003F00603062B01D00124F0E50123C04889
:1077DC00194604AAFEF7D8F9044600287FF4E7AD51
:1077EC0001239DF81020194642F006028DF8102056
:1077FC00B74804AAFEF7BAF9044600287FF4D7ADBF
:10780C000123B348194604AAFEF7BEF90446002822
:10781C007FF4CDAD9DF8103003F00603062BD3D1C9
:10782C004FF00408AB4DAC4C8DF812800FCC0FC54B
:10783C0094E8070003C5ADF810802A800321049A50
:10784C00A348FEF781FA044600287FF4B0ADDFF8B8
:10785C008CC2A5F11807BCE80F000FC7DCF800308C
:10786C0021469B483B60FEF79DF9044600287FF4B7
:10787C009EAD9B4CA5F1180C0FCCACE80F0094E816
:10788C000300012338603971914875210DF10A020A
:10789C00FEF76CF9044600287FF489ADDFF844C28A
:1078AC00A5F11804BCE80F000FC49CE80F0007C436
:1078BC0024F8023B1B0C23702621012384480DF174
:1078CC000B02FEF753F9044600287FF470AD864B8B
:1078DC00A5F118090FCBA9E807004246A9F800301A
:1078EC004FF4F0717A4805ABFEF71CFC04460028F7
:1078FC007FF45DAD7D4BA5F118040FCB07C4A9F83F
:10790C0000301B0C89F80230424640F2F4417048BA
:10791C0006ABFEF707FC044600287FF448AD744C18
:10792C00A5F1180C0FCCACE80F00236842463B7055
:10793C0040F2E461664809ABFEF7F4FB044600280C
:10794C007FF435AD6B4C183D0FCC0FC52368424608
:10795C003B704FF4DD615E4809ABFEF7E3FB044678
:10796C0000287FF424AD644C103D0FCC0FC5236868
:10797C0042462B7040F2EC61554809ABFEF7D2FB46
:10798C00044600287FF413AD5C4BA5F110070FCB18
:10799C0007C73B801B0C07F8023F42464FF450616F
:1079AC004B4807ABFEF7BEFB044600287FF4FFAC48
:1079BC00534BA5F110040FCB07C423801B0C3B7059
:1079CC00424640F60451424808ABFEF7ABFB044676
:1079DC0000287FF4ECAC4B4BA5F110040FCB07C483
:1079EC0023801B0C3B70424640F60851384808ABCC
:1079FC00FEF798FB044600287FF4D9AC424BA5F166
:107A0C0010040FCB07C423801B0C3B70424640F67E
:107A1C000C512F4808ABFEF785FB044600287FF479
:107A2C00C6AC3A4BA5F110040FCB07C423801B0C3A
:107A3C003B7042464FF45161254807ABFEF772FB91
:107A4C00044600287FF4B3AC314BA5F110040FCBE6
:107A5C0007C423801B0C3B70424640F614511C4853
:107A6C0008ABFEF75FFB044600287FF4A0AC294B63
:107A7C00A5F110040FCB07C423801B0C3B704246AE
:107A8C0040F61851124808ABFEF74CFB0446002890
:107A9C007FF48DAC204BA5F110040FCB07C42380D1
:107AAC001B0C3B70424640F61C51094808ABFEF7D4
:107ABC0039FB044600287FF47AAC184B103D0FCBF1
:107ACC0007C52B801B0C3B7042464FF4526127E0DC
:107ADC00DCF801203CF101201C4601103846011055
:107AEC004C46011064460110844601109446011066
:107AFC00A4460110B8460110CC460110E046011016
:107B0C00F0460110004701101047011020470110EA
:107B1C0030470110404701105047011060470110D9
:107B2C00804807ABFEF7FEFA044600287FF43FAC12
:107B3C000C3D2C467C4F0FCF0FC497E8070003C4B5
:107B4C004146227077480322FFF7A8F90446002823
:107B5C007FF42DAC2F46754C0FCC0FC723684246D3
:107B6C003B801B0C337040F28C416E480AABFEF725
:107B7C00D9FA044600287FF41AACAC466C4C0FCCF6
:107B8C00ACE80F00236842463B604FF486716548B1
:107B9C000BABFEF7C7FA044600287FF408ACAC46E2
:107BAC00644C0FCCACE80F00236842463B604FF4AA
:107BBC00B6615C480CABFEF7B5FA044600287FF4BE
:107BCC00F6AB5D4B0FCB85E80F0042464FF4B86126
:107BDC0054480DABFEF7A6FA044600287FF4E7AB39
:107BEC00AC46564C0FCCACE80F00236802223B800D
:107BFC001B0C337040F2E4514A4803ABFEF792FA87
:107C0C00044600287FF4D3AB2C464D4E0FCE0FC448
:107C1C000FCE0FC43368012224F8023B09211B0C40
:107C2C0040482370FEF7DAFC044600287FF4BFAB13
:107C3C002C46444E0FCE0FC40FCE0FC43368012216
:107C4C00112138482380FEF7C9FC044600287FF434
:107C5C00AEABAC463C4E0FCEACE80F0033682246C0
:107C6C00AC2130483B70FEF7E1FB044600287FF462
:107C7C009EAB364E0FCE0FC533682246BE21294827
:107C8C003B70FEF7D3FB044600287FF490AB103D0D
:107C9C002E462F4C0FCC0FC694E8070003C6214884
:107CAC003280FEF70BF9044600287FF480AB2C469B
:107CBC00284F0FCF0FC497E8070003C4130C012102
:107CCC0018483280B370FEF7C7F8044600287FF4DA
:107CDC006EAB2C46204F0FCF0FC43B68114823606E
:107CEC00FEF7C4F9044600287FF461AB2C461B4F09
:107CFC000FCF0FC497E8070003C401210948328055
:107D0C00FEF782F9044600287FF451AB144B012096
:107D1C001B681A0C2B80AA70AAF800308AF8022073
:107D2C00FFF706BBDCF80120704701108C470110EF
:107D3C00A0470110B4470110C8470110D8470110E3
:107D4C00EC4701101048011034480110484801104C
:107D5C005C4801107848011094480110A8480110A3
:107D6C00C448011000224021034B1A605A609A60EB
:107D7C00D9601A611A75704700F002202DE9F041A4
:107D8C0030B11F4CA368C3F57A731F2B02D80020A7
:107D9C00BDE8F081A768C7F57A7EBEF1200F28BF39
:107DAC004FF0200EB7F57A7F26D04FF47A76154D2A
:107DBC0000F1FF3C634622681CF8011F2244117637
:107DCC00216802330131A5FB0182920906FB1212D4
:107DDC001B1A9E452260EDD8B7F57A7F08BF4FF08D
:107DEC00010EAEF12000B0FA80F04009044A93680D
:107DFC0073449360BDE8F08100208646F6E700BF2F
:107E0C0000F00220D34D621010B50F4C82B00DF172
:107E1C000601204608F04AFBBDF806100B060DD5EE
:107E2C00636B5BB1094B03F1200001E0834205D089
:107E3C00626803F8012B626B002AF7D1024808F044
:107E4C0005FB02B010BD00BF0034006010F901202A
:107E5C00FFF7DABFFFF7D8BFFFF7D6BF00B583B087
:107E6C000DF105013A4808F075FB9DF805103848EE
:107E7C0008F014FB9DF805309A0713D400230DF17C
:107E8C00050134488DF8053008F064FB9DF80510A9
:107E9C00304808F003FB9DF805309B072FD403B046
:107EAC005DF804FB0DF10601294808F0EFFA2848AB
:107EBC0008F0B4FA284A2949294BC2F89410C2F8A0
:107ECC009830D2F88C3001211B0C1B0443F020039A
:107EDC002448C2F88C3008F089FB0028CED13F2111
:107EEC001B4808F0DBFA0028C8D10221184808F01A
:107EFC00FDFA0028C2D1164808F0FCFABEE7154876
:107F0C0008F08CFA144A1849164BC2F8D410C2F86F
:107F1C00D830D2F8CC303F211B0C1B0443F020038B
:107F2C000C48C2F8CC3008F0B9FA0028B7D10221BD
:107F3C00084808F0DBFA0028B1D10146054808F0E2
:107F4C0089FA0028ABD1034808F0D4FAA7E700BFA0
:107F5C0080810050C08100500081005004340060CA
:107F6C0010F901200034006030F9012010B520B365
:107F7C0019B3134B134C1960134B206000201A607B
:107F8C0008F020FB022008F01DFB2168022008F0FD
:107F9C0051FA4FF0FF31052008F04CFA4FF0005227
:107FAC0060210A4BC3F8802183F81D131A601D2130
:107FBC00012008F0D7FA002010BD102010BD00BF22
:107FCC0054F9012058F9012050F9012000E100E09A
:107FDC00F8B5048843880F4603FB04F456684568DB
:107FEC0044B155F8040B3946FAF730FE013C46F81B
:107FFC00040BF6D10020F8BD2DE9F0475D68DDF8E3
:10800C0038A0012DDDE90867DDE90AE8DDE90C940B
:10801C0010D1A568AD070DD18D69012D0AD1CDE91F
:10802C000D4ACDE90B89CDE9097E0896BDE8F047EC
:10803C0000F076BC4FF0FF30BDE8F08700F054BE86
:10804C002DE9F04F90460A6993B00C46DDE9210604
:10805C00002A68D14969002965D1E2689D68D3F886
:10806C0000C002FB05F9D0E90227D0F804B0D868AB
:10807C00BCF1000F00FB09F90A9007FB02FAA0689B
:10808C000B974CDD8E460D925A460A99D34601FB4E
:10809C0000F1CA460C9191467146CDF844C001FBE3
:1080AC0005F55A681C98B9F1000F02FB05052DDD8A
:1080BC000027CDE90E1E109301E0B94523D0636A69
:1080CC00284608930C9B209A09930A9B1E990493AB
:1080DC000B9B013703930D9B55440293236A079323
:1080EC006368069323680593D8F804300193D8F895
:1080FC000030009333465E4401F0C2FC0028DCD013
:10810C0013B0BDE8F08F109BDDE90E1E0A9A0EF13C
:10811C00010E1144119A724501D09D68BFE70020F1
:10812C0013B0BDE8F08F4FF0FF30E9E710B58C4687
:10813C0009698AB0002932D1DCF81440002C2ED108
:10814C00DCF8081001292AD1DCF80C10012926D101
:10815C00D968099104911199C9680391D3E9010176
:10816C0000FB01F11B6803FB01F1D2E90023029132
:10817C0001930092DCF82400129B0890DCF820009C
:10818C00109A0790DCF804000E990690DCF80000B9
:10819C0005900C9801F074FC20460AB010BD4FF00D
:1081AC00FF30FAE7002070472DE9F04FAFB0DDF853
:1081BC00E4A09846DAE9014C04FB0CFEDB6814944D
:1081CC0003FB0EFEBEF5007F81460C4615463D9E18
:1081DC0080F2E08102681292002A00F0CC812069C2
:1081EC00D8F808101C90A06806910F90E068B16850
:1081FC001D90B4F92000D8F800201690B4F9240092
:10820C000E9117902868716818906868002A15916B
:10821C00D8F80480F16823926669199040F3628162
:10822C00149F069C07FB03F20CFB02F506FB04F201
:10823C001C985242121A03FB02F25200289213FBB2
:10824C0007F212FB0CF202F00302259204FB08F277
:10825C0003FB02F252000E9F1F92159A4FEA430B3A
:10826C0007FB02F201FB02F2520021921D9A1B95B0
:10827C0002FB04F203FB02F2520027920F9A1A91AE
:10828C0002FB03F25200119204FB03F253002A4644
:10829C00129C0993C5F38F0304EB82021E93013BDE
:1082AC009BB210924242013326924A0024929A00C9
:1082BC0004EBC3032093002563462292159A002AEF
:1082CC0040F3038138992898129F08189E46002283
:1082DC00BA460346DDF8F8C0CDE9296571420D9127
:1082EC00CDF84CC00E99002959DDD14600249A4690
:1082FC001C990D98AEEB01051499CDE92BE20144C4
:10830C00269E08912D930D9F089B9F4236DAAB1B3E
:10831C00B646CDF830A05646CA460BFB03F3CDE962
:10832C000A34AE451FDAB146079674465E4653468C
:10833C00CB46F146B84506DD57EA040103D4069A4C
:10834C00A24200F3D38018463246002106F06CFEA0
:10835C0003460134AC423344B344EBD1CE460A9BC2
:10836C00B346079E9A44099B01371E44089B9F42C3
:10837C00D7D17646D1460B9CDDF830A0109B4B45EF
:10838C0000F0BB800F9B01341D441E44119B9A448A
:10839C000E9BA342B7D1DDE92BE2CA462D9B279950
:1083AC001D980B440D99013201440D911599914280
:1083BC0098D1DDE92965129A73465245DDF84CC017
:1083CC0000F083801A9A002A7FDD3C9FCDF828802C
:1083DC00CDE9077B9846B346189A3A9CA2F1040E55
:1083EC00199AA2F1040A249A0CEB02091E9B002B89
:1083FC0000F0BD800023229ACDE90B8A1298A618B2
:10840C0054F8042B2FFA92F1D0F800A047682FFAF9
:10841C0082F2A642C2EA014828FB0A33C1EA224191
:10842C0000F1080021FB0733EAD1DDE90B8A209A21
:10843C002599002900F09980741816F9011B32F85F
:10844C00020BB44210FB0133F7D13C995EF8042FB8
:10845C005AF8046F00296AD050498A4263DC02F54D
:10846C0000421014D117079A12689A1802FB01F7F0
:10847C000799496841EBE37100FB0171A2FB000213
:10848C008B18C6F10E021236D04003FA06F6203ACB
:10849C0040EA06005CBF43FA02F21043013043107D
:1084AC00169A9342B8BF1346079A08320792179A46
:1084BC009342A8BF13462CF8023BE14596D14346A4
:1084CC005E46DDF82880DDF820B0389A1F9901351A
:1084DC000A44389221993E9A0A443E92239AAA421F
:1084EC007FF4ECAE00202FB0BDE8F08F1846594653
:1084FC00324606F02AFE03462BE7139BDDF8489024
:10850C0005933C9B494604931B9B3A980393179BFA
:10851C000293169B0193189B0093DDE9193200F02E
:10852C0083FF13902EE747F6FF7000219BE726EAA6
:10853C00E67103FA01F14FF080433C98002EC1FB29
:10854C0002304FEAD37343EA4003A9DC012276429E
:10855C00B240013A03EA020133414FEA620248BFDA
:10856C0001329142C8BF01339AE734466DE7264683
:10857C00129A1E9B5CE75146404600F0B5FB002862
:10858C0008DCDAE9012CD9F8003014921293D8F8EF
:10859C000C3024E64FF0FF30A5E700BFFFFFFE7F55
:1085AC00C068D1E9013202FB00F003FB00F080004F
:1085BC00704700BF08462DE9F04F1F460346B9B07F
:1085CC00479C439ED4F80890D6F80880D6F804A0AF
:1085DC006668B868D7F804C0D7F80CB00B96E66894
:1085EC003C681F69D3F81CE014975F694499159790
:1085FC009F68489D1B97DF68CDF848801C979F6942
:10860C00CDF868A0CDF84C901190CDF864C00C97C3
:10861C00CDF834E01F6A002C1D975F6A1E97D2E9D3
:10862C0000721F9240F3718101F1FF3E01460CFB79
:10863C0000F30BFB03F34FEA430C0B9BCDF800E06C
:10864C0003FB09F306FB03F35A0008FB0AF30BFBCD
:10865C0003F006FB09F35B0026930BFB01F30D996A
:10866C00279001FB03F10C9B06910BFB03F908FB14
:10867C000BF30793730025934FEA4B03314600200D
:10868C00664698464FEA490A002940F336814FF076
:10869C00000CCDE92C62D6465A46CB46159BCDE94B
:1086AC002F705B4221933B1F1893429BCDF840C027
:1086BC004344CDE9083C2E94CDF8C480189850F86A
:1086CC00043F189094488342CEBF47F6FF7303F5DE
:1086DC0000431B140A930B9B002B40F3FA80219B45
:1086EC0092460E930023724616930D9B1598013BF0
:1086FC001C18149B0A9E5B422293099B2B9605EB3C
:10870C0043000F904698329100EBC3032893F31764
:10871C002A934895139B002B40F3C7800021199B8B
:10872C00DDF834E0234493FBFEF3099817911F996D
:10873C000C9F51F82000149994FBFEF5CF19C0F151
:10874C000E01209100F1120129911A99229E8B425F
:10875C00A8BF0B4605930E9B25EAE575013F05FB6B
:10876C000E33B6463E462F461199DDF83CC001FB50
:10877C0003F32393129B339403FB05F32493119B74
:10878C000C9803EB060898FBF0F896FBF0F31299A3
:10879C008845A8BF884623EAE371059B01919F4257
:1087AC0080F2B780239BCDE9347E734400FB013308
:1087BC00249800240144109800250AFB0101384636
:1087CC000F46014638460AFB03F3CDE9366C019E91
:1087DC00464525DA86469C46089FCDE90231019E26
:1087EC0007EB43070490BAF1000F10DD429BE14602
:1087FC0003EB4C0394460099714433F9022B11F9A5
:10880C00010FBB42C2FB8045F7D16246CC46013614
:10881C00B045DC44D6441744E5D1DDE90231049877
:10882C00069E01313344079E3044059E8E42CED1C4
:10883C00DDE9347EDDE9366C469B3BB128990B684B
:10884C004968E31841EB05011C460D462A9B03FBC6
:10885C0004F00A9B03FB05002B9BA4FB0313209C39
:10886C0003442998E14003FA00F00143B4F12000DD
:10887C005CBF43FA00F001434B1C1D995B108B420B
:10888C00B8BF0B461B9817998644361A1E980131AF
:10889C008342A8BF0346ACF80030259B17919C443B
:1088AC00139B8B427FF46BAF339C1C990E98169BD9
:1088BC000844269D0E90641A0F980B990133284496
:1088CC00994216930F907FF425AF964652463299F3
:1088DC00489D099B1098279C013320449942099389
:1088EC0010907FF4EBAEDDE92E47F246D9462C9E74
:1088FC00934630982D9ADDF8C480429B0130334466
:10890C008442429315447FF4BFAE002039B0BDE8D9
:10891C00F08F002400258FE7FFFFFE7F00207047BB
:10892C002DE9F04FB7B0419C00689C46D4E9014555
:10893C000E46DDF814E1DB681C90002800F0C981BC
:10894C00DCE901B83169DCF800A025917169DEF829
:10895C000C702691DEE901C9D6E902E12791316854
:10896C00CDF8ACA02C917168A0B21E91316A1F9108
:10897C00716A20911168526821912292AAB20892D0
:10898C00BAB224925246002A99B240F37181AAB22B
:10899C0012FB00F21FFA85FA12FB01F0A4B29AB294
:1089AC000E940AFB04F314461FFA8CF11FFA88F597
:1089BC001FFA89FC02FB03F313920A9505FB02F5DF
:1089CC000CFB01F21FFA87F909FB02F22D922246E9
:1089DC00CDF85CC0DDF870C01FFA8BF84FEA440B81
:1089EC00C3F38F040CEB83032F941893631E08FBC3
:1089FC0005F4CDF82480CDF8B89031940027D946F1
:108A0C00D0460C461FFA8EFE0EFB02F21A920AFB9F
:108A1C000BF29BB2129282B20133239200F003024A
:108A2C0028953092469D9A000CEBC303CDF864E078
:108A3C0029922A93D6E90632002C00F00E810021EF
:108A4C001FFA83FB289B92B203FB02F31193139B37
:108A5C001D950BFB03F3469508930D4623464446A0
:108A6C00DDF870C0109232973396179A002A61D0B5
:108A7C000026BDF89C20BDF8980005FB02F2A2EB85
:108A8C00000A0A9ABDF8940002FB0AF24099139F5F
:108A9C00121A07FB021742420F92CDE93453BDF96B
:108AAC00B020CDF86CA014920E9B9BB339460022DB
:108ABC00CDE91567DDF86CA014B388466646002531
:108ACC00CDE90B120F9FCDF834C0099B9A4505D206
:108ADC00002F03DB0A9B9F42C0F2CE804A46002146
:108AEC00304606F0A1FA089B0135AC424E4498443E
:108AFC005F44EAD1DDE90B12DDF834C0129B9C44D3
:108B0C00119B01321944109B9A440E9B9A42D3D16B
:108B1C00DDE91567189B634500F0B5801A9B199A1F
:108B2C001F440F9B013613440F93179BB342BBD1C9
:108B3C00DDE9345301359D4297DBA0461C461C9B56
:108B4C00329F6345339E469D00F087802E9B002B01
:108B5C0000F08380219ACDF82C90A2F1040B229A7C
:108B6C00A146A2F1040A1D9ADDF810E1D3183A4689
:108B7C00DDF808C10893449B002B00F09E802F99D0
:108B8C00DEF80030002900F09D802999CDE90C8E8B
:108B9C001C9C0CEB0107CDF83CA05CF8041B2FFAD5
:108BAC0091F0D4F800A0D4F804802FFA81F1674535
:108BBC00C1EA004E2EFB0A3EC0EA214004F1080433
:108BCC0020FB08E3E9D1DDE90C8E3098DDF83CA000
:108BDC002A9900287BD007EB000C17F9010B31F810
:108BEC00024B674514FB0033F7D15AF8041F0027DA
:108BFC0021EAE17003FA00F04FF080435BF8044F78
:108C0C000029C0FB04374FEAD37343EA47030DDC5A
:108C1C00012049428840013803EA00040B414FEA25
:108C2C00600048BF01308442C8BF01331E990EF169
:108C3C00040E0B441F998B42B8BF0B4620998B42F4
:108C4C00A8BF0B461D9901F8013B089B1D918B4257
:108C5C0091D117464C46DDF82C90409B319A013748
:108C6C00134440932D9B1D442B9BBB427FF4E2AEDF
:108C7C00002037B0BDE8F08F31464046149B139A64
:108C8C0001F0ECFC2FE71D9B1C9D0693449B294691
:108C9C000593239B249A04931E9B42980193219B3A
:108CAC000093BDF980300393BDF97C300293229B75
:108CBC0000F028F9AC461D9030E72F99449B002911
:108CCC007FF463AF309867461C99002883D1BC466B
:108CDC008BE705FB03F104FB01F100297FF730AEB4
:108CEC004FF0FF30C5E700BFC068D1E9013202FB8D
:108CFC0000F003FB00F08000704700BF2DE9F04F3F
:108D0C0085B0DDE90E54D4E9017607FB06FADDE9FE
:108D1C00106B0195DDE913750295DD68804605FB46
:108D2C000AFABAF5007F9E468C46DDF8489003920D
:108D3C0005DA8D69012D02D1CD69012D11D0029B6F
:108D4C006146CDE9137340467346CDE90F46039A4D
:108D5C00019CCDE911B90E9405B0BDE8F04FFFF7B9
:108D6C0029BCCDE90F46029D019CCDE91375CDE9D7
:108D7C0011B90E9405B0BDE8F04FFFF715BA00BF5E
:108D8C008C46D2E9011301FB03F3DCF80C1001FB58
:108D9C0003F3B3F5007F02DA8369012B03D011468C
:108DAC006046FFF7BBBDC369012BF8D11146604685
:108DBC00FFF7F6BB2DE9F04F83B00C9C8046DDE944
:108DCC000D7BDDE90FA9DDE9116500940C698C467A
:108DDC009E4601920CB94C69F4B1DEF80430012BBB
:108DEC0009D1B3689B0706D1DCF81830012B02D1EE
:108DFC007B68012B33D0734661464046009C019A38
:108E0C00CDE91165CDE90FA9CDE90D7B0C9403B02B
:108E1C00BDE8F04FFFF784BDBC68012CDDD17C6848
:108E2C00012CDAD18C69012CD7D1CC69012CD4D18D
:108E3C008C68012C02D1CC68012C21D07346614680
:108E4C004046009C019ACDE91165CDE90FA9CDE909
:108E5C000D7B0C9403B0BDE8F04FFFF7F1B87346EF
:108E6C0061464046009C019ACDE91165CDE90FA9F8
:108E7C00CDE90D7B0C9403B0BDE8F04FFFF7BCB807
:108E8C00009CCDE91165CDE90FA9CDE90D7B0C94C2
:108E9C0003B0BDE8F04FFFF749B900BF8446084660
:108EAC001146DCF8102012B9DCF8142072B14268BB
:108EBC00012A09D19B689B0706D1DCF81830012BDD
:108ECC0002D14B68012B19D0FFF70EBF8A68012A1B
:108EDC00EDD14A68012AEAD1DCF81820012AE6D142
:108EEC00DCF81C20012AE2D1DCF80830012B03D17C
:108EFC00DCF80C30012B03D000207047FFF79EB834
:108F0C00FFF750B92DE9F04F904697B0BDF9884066
:108F1C00DDF898B00294BDF98C40BDF890C0039474
:108F2C005FEA580402460F461D46CDF814C00B915B
:108F3C000BEB080600F071816046E646611E830863
:108F4C0089B2301D00EB41010D910EF003010E9121
:108F5C000BF102010491209906F1020A0831CDE9C6
:108F6C001246D1460C4611460C93013B9BB2013381
:108F7C00980007EB4C0CCDE9148506900CEBC30064
:108F8C0007EBC303CDF83CC005F1080E119010930C
:108F9C00059BCF18259B002B00F0F681D3E9000A26
:108FAC00083325930C9B002B00F0F581D346034628
:108FBC00069ACDE907E4CDE90991BA180F9E0B9DED
:108FCC0000910192009A2C6852F804CBD6F80080DC
:108FDC0000922FFA9CF22FFA8CFC57F8041BC2EA71
:108FEC002C49CCEA024C2FFA91F2D5F804E02CFB78
:108FFC0004002CFB0833D6F804C02FFA81F129FBAE
:10900C000E0029FB0C33C1EA024929FB04A429FBFD
:10901C0008B9C2EA214222FB0E4A22FB0C9B019AA0
:10902C000835974206F10806CCD1DDE90991DDE956
:10903C0007E4DDE9107C069A11440E9A002A00F030
:10904C00B4810094019C01EB020811F9016B37F912
:10905C00025B14F9012B05FB060005FB02AA3CF987
:10906C00025B414505FB063305FB02BBEDD1009CC1
:10907C005EF8085C002625EAE57188404FF08041D7
:10908C0054F8082C002DC0FB02164FEAD17141EAAE
:10909C0046010DDC01226D42AA40013A01EA0200B0
:1090AC0029414FEA620248BF01329042C8BF0131E8
:1090BC00219A00251144029A9142B8BF1146039A95
:1090CC009142A8BF1146049A02F8021C5EF8081CD3
:1090DC0054F8082C21EAE17003FA00F04FF08043B9
:1090EC00C0FB023500294FEAD37343EA45030DDC7C
:1090FC00012249428A40013A03EA02000B414FEA3D
:10910C00620248BF01329042C8BF0133219A002548
:10911C001344029A9342B8BF1346039A9342A8BFD2
:10912C0013464FF0804209F8023C5EF8041C54F8D8
:10913C00043C21EAE1700AFA00F0C0FB0325002987
:10914C004FEAD27242EA45020DDC012349428B40C0
:10915C00013B02EA03000A414FEA630348BF0133B3
:10916C009842C8BF0132219B00251A44029B9A42A7
:10917C00B8BF1A46039B9A42A8BF1A46049B03F831
:10918C00012C4FF080425EF8041C54F8043C21EA98
:10919C00E1700BFA00F0C0FB032500294FEAD272F4
:1091AC0042EA45020DDC012349428B40013B02EAB5
:1091BC0003000A414FEA630348BF01339842C8BF1A
:1091CC000132219B09F102091A44029B08349A428C
:1091DC00B8BF1A46059B0EF1080E08EB0301049B61
:1091EC0002330493039B9A42A8BF1A460D9B09F8BD
:1091FC00032C4B457FF4CCAEDDE91246DDE914853A
:10920C000A46209BDDF898B003EBC4030BEB440B30
:10921C0006EB4406209305EBC40518F0010F00F093
:10922C00AE800B9B059903EB4109259B002B00F0AD
:10923C00BE801B680599890800F0BB80CC461C4693
:10924C00CDE90016CDE906850B9F02EB810ECDF81A
:10925C0010903E68DCF800A052F8040B2FFA90F145
:10926C00D7F80490DCF804802FFA80F07245C0EA3D
:10927C00014525FB063625FB0A45C1EA204107F1CD
:10928C0008070CF1080C21FB096321FB0854E0D101
:10929C00DDE90016DDE906850B9ADDF8109002EB8E
:1092AC00C10209EBC1090B92059A12F003020DD011
:1092BC000B9872441EF9011B30F8027B964517FB84
:1092CC00013339F8027B17FB0144F3D14FF0804195
:1092DC004FF0000C2F68209A27EAE770126803FA07
:1092EC0000F0C0FB021C002F4FEAD17343EA4C0381
:1092FC000DDC01227F42BA40013A03EA02013B41F4
:10930C004FEA620248BF01329142C8BF0133219A31
:10931C00039FD118029B5A469942B8BF1946B942CD
:10932C00A8BF39464FF08043002002F8011B296882
:10933C00209D21EAE1772D68BC40C4FB0530002953
:10934C004FEAD37343EA40030DDC012049428840C5
:10935C00013803EA00040B414FEA600048BF0130BA
:10936C008442C8BF0133219993460B440299039A56
:10937C009942B8BF19468A42A8BF0A4632700BEB15
:10938C00080017B0BDE8F08FDDF894A00C9B504698
:10939C00002B7FF40BAE0E9A0197D3460346DDF8F3
:1093AC003CC00B9F002A7FF44CAE884660E6259BA0
:1093BC0040E796461C4677E72DE9F04F1D688BB0C9
:1093CC000C46DDE91469DDE9198A17462DB34FF017
:1093DC00010BC246D8F80C20D9F80010DDF86880D3
:1093EC00206905927A68CDE9070B0491E068039235
:1093FC003A68A1680690029222684346CDE90021A2
:10940C003046189A169900F0B1FFD9F80010DAF826
:10941C000C20013D0E449044E2D100200BB0BDE87D
:10942C00F08F00BF002070472DE9F04F97B0BDF9C9
:10943C008440DDF894800594BDF988401E4606945E
:10944C00144602EBD272C2F34F03209D0B915710BE
:10945C004FEA440A08EB440B002B00F07D81239A61
:10946C00013B002A01EB4201B8BF03320D91C2F35C
:10947C008F019AB24B1E0C919BB206F11001013375
:10948C0001EBC20205F108010E920291239A990098
:10949C0007910B9902F0030201EBC301089208F14A
:1094AC00040204920F910BF104020D99039206F140
:1094BC00080201EBC303149401461446CDE9103A9B
:1094CC00CDE9127B15962095CDF89480239BCF186F
:1094DC000C9B002B00F087824FF0000B079BD946AA
:1094EC00FB18019358465B46CDE909410D9E0B9D37
:1094FC000091009A2C6852F804CBD6F800800092A8
:10950C002FFA9CF22FFA8CFC57F8041BC2EA2C4A57
:10951C00CCEA024C2FFA91F2D5F804E02CFB0400B3
:10952C002CFB0833D6F804C02FFA81F12AFB0E006D
:10953C002AFB0C33C1EA024A2AFB04942AFB08BA20
:10954C00C2EA214222FB0E4922FB0CAB019A0835E0
:10955C00974206F10806CCD1DDE90941DDE90F7C23
:10956C00079A1144089DBDB18E46019A02EB05087D
:10957C0037F9026B12F9015B1EF901AB06FB059979
:10958C0006FB0A003CF9026B424506FB0A3306FB5C
:10959C0005BBEDD1089A1144029A54F8087C52F894
:1095AC00085C249A002A00F09581C94A954200F380
:1095BC00868105F500452E14ED17249ADDF890C030
:1095CC001268DCF804E010EB020C0CFB05F84EEB17
:1095DC00E07006FB0088ACFB060CE044C7F10E0CF7
:1095EC00123708FA07FA20FA0CF040EA0A00BCF12C
:1095FC00200A5CBF48FA0AFA40EA0A009A1802FBF1
:10960C0005F54EEBE37E06FB0E55A2FB06262E441B
:10961C0022FA0CF206FA07F7BCF1200C059B42EA81
:10962C00070258BF46FA0CFC00F101004FEA60003B
:10963C0058BF42EA0C02013298424FEA6202B8BFAC
:10964C0018469A42B8BF1A46029B53F8045C069B14
:10965C009842A8BF18469A42A8BF1A46049B23F802
:10966C00040C039B23F8042C994B9D4240F32B8153
:10967C0047F6FF730025249A54F8047CD2E9020EB5
:10968C0019EB000202FB05FC4EEBE97603FB06CC62
:10969C00A2FB0326B444C7F10E0612370CFA07F8E6
:1096AC00F24042EA0802B6F120085CBF4CFA08F816
:1096BC0042EA08021BEB000000FB05F54EEBEB7ECB
:1096CC0003FB0E55A0FB03302844F34000FA07F7C8
:1096DC00203E02F1010543EA0703249A5CBF40FADD
:1096EC0006F63343103201336D1024925810059B4B
:1096FC00069E9D42B8BF1D469842B8BF1846B5425B
:10970C00A8BF3546B042A8BF3046239B039A1944E4
:10971C00029B083408330293049B0432043323F86D
:10972C00065C04930E9B0392A34222F8060C7FF472
:10973C00CDAEDDE911A7DDE914460846DDF84CB0E5
:10974C00209DDDF89480BFB205EBC70508EB8708B8
:10975C000BEB870B06EBC706E30740F1AB80239BB3
:10976C00239A0B9FC3F38F0307EB42099210002B34
:10977C0000F04A810023CC46194692B2CDE900ABE9
:10978C00CDE9029200EB820E049620953E68DCF83F
:10979C0000B050F8044B2FFA94F2D7F804A0DCF880
:1097AC0004902FFA84F47045C4EA024525FB061692
:1097BC0025FB0B35C2EA244207F108070CF1080C13
:1097CC0022FB0A6122FB0953E0D1DDE90292DDE9BB
:1097DC0000AB0B9809EBC209049E00EBC202209D62
:1097EC000B92239A12F003020DD00B9C72441EF9BB
:1097FC00010B34F8027B964517FB001139F8027BFC
:10980C0017FB0033F3D124982A683468002800F041
:10981C00FE802F48824240F3F28047F6FF7600200C
:10982C00249A249D12686F688D1805FB00FC47EB89
:10983C00E17106FB01CCA5FB0615AC44C4F10E0589
:10984C0012340CFA04FEE94041EA0E01B5F1200E87
:10985C005CBF4CFA0EFE41EA0E019A1847EBE37717
:10986C0002FB00F306FB0733A2FB0626981900FA4D
:10987C0004F422FA05F3203D43EA04035CBF40FAEA
:10988C0005F52B430131013349105B10059A0698FD
:10989C009142B8BF11469342B8BF1346814242462B
:1098AC00A8BF0146834222F8021BA8BF034690467C
:1098BC00ABF8003008EB0A0017B0BDE8F08F47F6A4
:1098CC00FF76002579E605F500452B14ED17D2E659
:1098DC00FFFFFE7F27EAE776B04003FA06F64FF06B
:1098EC0080434FF08042DDF890C0002FC0FB053C58
:1098FC0024984FEAD373C5FB06204FEAD27643EA8D
:10990C004C0346EA400654DD002B75DB4FF08045D6
:10991C004FF0000C059A54F8047C9342B8BF1346E0
:10992C009642B8BF1646029A4FF0000E52F8048CBD
:10993C0027EAE77209FA02F0C0FB085C4FF080409E
:10994C000BFA02F2C8FB020E069AED0F9342A8BF67
:10995C0013469642A8BF1646049AC00F22F8043C40
:10996C00039B002F45EA4C0540EA4E0023F8046C9B
:10997C000BDD002DBFF6BBAE002213460028B8BF8E
:10998C0001339342B8BF0130B1E601237F42BB40A3
:10999C00013B05EA030603EA00023D414FEA63037B
:1099AC0040FA07F054BF1F465F1CBE42E6DD01358E
:1099BC00E4E701227F42BA40013A03EA020502EAD7
:1099CC0006003B414FEA620246FA07F654BF1746BF
:1099DC00571CBD4200DD0133002EB8BF013282425C
:1099EC00B8BF013692E70197DDF834C0DDE90B70A2
:1099FC00834681460346B5E524980246ECE702F51A
:109A0C0000421614D0170BE786461946E9E64FF0CC
:109A1C00804024EAE47601FA06F50146B340249E20
:109A2C00002CC5FB0216249D4FEAD171C2FB030525
:109A3C004FEAD07341EA460143EA450305DD0029AC
:109A4C00BFF624AF2498024612E001226442A240E1
:109A5C00013A01EA020502EA030021414FEA6202DF
:109A6C0043FA04F354BF1446541CA54200DD0131E3
:109A7C00002BB8BF01328242B8BF013306E700BFEA
:109A8C002DE9F04FA5B01646DDE92E451F46209274
:109A9C00379B329A814693428C46DDF8C0E0DDF864
:109AAC00CCA0C0F26084319B3199013B01291D93FC
:109ABC0040F36E826FF003018846319B4FEA6E00D3
:109ACC0003FB00F359001F9141461C903798A2F1FB
:109ADC001003091A03914146013A62440E9223F095
:109AEC000F02134632984FF0000B091A3846103209
:109AFC001092379A02911432D118379A329BCDF8C2
:109B0C006C90C3EB4203119323970EF00103B14603
:109B1C005F46864615913299321D49001691211DDA
:109B2C000591291D04913199CDF85CC049001E9313
:109B3C0012912192CDF888C0329B002B40F3028405
:109B4C0000220E9D11462846179B013B13F9014F2D
:109B5C00214410F9014F9D422244F7D101FB0AF335
:109B6C000D9302FB0AF30C93B9F1000F0AD059F8CC
:109B7C0027300D9A1A44219B0D9253F827300C9ADA
:109B8C001A440C921C9A002A00F0D783319BCDE921
:109B9C0006E2013373440893329B109A033B0F93F4
:109BAC00179BCDE918E713441393379BDDF86CB082
:109BBC0004331493CDF86890CDF8CCA0329B0F2BC6
:109BCC0040F37A820C9B0D9C1D4621460E9ACDF8D3
:109BDC0024B0571D149A0BEB0206159A5A440192A5
:109BEC00029A039852F8079050F806A000EB060C66
:109BFC0002EB070E57F8048C2FFA89F02FFA8AF231
:109C0C002FFA99F92FFA9AFA22FB00442AFB0944FD
:109C1C002FFA88FB2FFA98F822FB0B322AFB082329
:109C2C0056F8042C2FFA82FA2FFA92F22AFB001023
:109C3C002AFB0B5A22FB090022FB08A2DEF8049037
:109C4C00DCF804A0D7F800802FFA89F12FFA8AF5F6
:109C5C002FFA99F92FFA9AFA25FB01442AFB0944A9
:109C6C002FFA88FB2FFA98F825FB0B3533682AFB63
:109C7C0008552FFA83FA2FFA93F32AFB01012AFBDA
:109C8C000B2A23FB091123FB08A3DEF80890DCF850
:109C9C0008A0D7F804802FFA89F22FFA8AF02FFA4D
:109CAC0099F92FFA9AFA20FB02442AFB09442FFA5D
:109CBC0088FB2FFA98F820FB0B502AFB0800D6F8EB
:109CCC0004A02FFA8AF52FFA9AFA25FB021225FB2B
:109CDC000B35DEF80C10DCF80C302AFB0858D7F8E2
:109CEC0008C02AFB09222FFA81FE2FFA83F52FFADE
:109CFC0091F12FFA93F325FB0E4423FB01442FFA29
:109D0C008CF92FFA9CFC25FB090523FB0C53B56839
:109D1C002FFA85F02FFA95F520FB0E2E019A1036AE
:109D2C0020FB0980B24225FB01E107F1100725FB5E
:109D3C000C057FF455AFDDF824B0DDF840801398A6
:109D4C00C3440F9A904580F2B5818646329ACDF87D
:109D5C000480A2F10409A9EB08029208571CBE006A
:109D6C00CDE909060BEB870A0B925EF8046B5BF8E6
:109D7C00042B5EF809002FFA86FC2FFA82F72FFAD3
:109D8C0096F62FFA92F227FB0C4422FB06442FFA8C
:109D9C0080F82FFA90F027FB083722FB0073379AD4
:109DAC005A4452F8042C2FFA82F72FFA92F227FB1E
:109DBC000C1CD34527FB085722FB06C122FB007560
:109DCC00D3D1DDE90906DDF804800B9A08F104080B
:109DDC00304408EB8208329A424523DD169A00F192
:109DEC00FF3E00EB0209329AA9EB0809821837985A
:109DFC000AF1FF3B0AEB000C12F9016B1BF9010F86
:109E0C001EF9017F00FB063300FB07441CF9010B14
:109E1C00914507FB001106FB0055EDD1329AA2EBE0
:109E2C000808C2444FF080404FF0000C049A52F8DE
:109E3C00046C059A002E52F8047C26EAE67204FAA9
:109E4C0002F4C4FB070C01FA02F14FF000044FF0CE
:109E5C008042C7FB01244FEAD0704FEAD27240EA2D
:109E6C004C0042EA440240F310814FF0000C64466F
:109E7C0004994FF0000E0E6805994FF000080F681A
:109E8C0026EAE6718B408D404FF08041C3FB071EE4
:109E9C004FF08043C7FB0538C90FDB0F002E41EA9A
:109EAC004E0143EA480340F3DB8000273D46002A7D
:109EBC00B8BF01346445B8BF0132002BB8BF0135BF
:109ECC00349CBD42B8BF0133214422442344204476
:109EDC00359CA042B8BF2046A142B8BF2146A24241
:109EEC00B8BF2246A342B8BF2346119C0AEB040B11
:109EFC00369CA042A8BF2046A142A8BF2146A24240
:109F0C00A8BF2246A342A8BF2346069C61700899AD
:109F1C00207001F8012C22460B70129B1A44CB18AE
:109F2C000893079B0692013B07937FF447AEDDE94C
:109F3C0018E71F9BDDF868907344DDF8CCA0019303
:109F4C001E9B002B40F0C080DDE9162313441793B1
:109F5C000E9B023713440E93059B0EF1020E083331
:109F6C000593049B083304931D9B9F42FFF6E4ADBD
:109F7C00DDE930E3DDE922C7DDE92E45023B5B0874
:109F8C0003FB0222DDF86C900133944407EB43078A
:109F9C00319BDB0760D5BEF1000F5DDD4FF0804BD0
:109FAC000020379B329AA3EB0208319B5B44013BA8
:109FBC0005EB83020192209A04EB830402EB8303EA
:109FCC00CDE902C3DDF8C8C0209B002B00F0BE8198
:109FDC00039BBCF1000F1A6840F3BD81029B09EB97
:109FEC000C06591E19F9013B11F9015F5344B14597
:109FFC0005FB0322F6D1019B06EB08091D68002620
:10A00C0025EAE57102FA01F15A462368002DC1FBDD
:10A01C0003264FEAD27343EA46030DDC01226D425C
:10A02C00AA40013A03EA02012B414FEA620248BFFF
:10A03C0001329142C8BF0133349A01301344359A2E
:10A04C009342B8BF1346369A9342A8BF13463B704F
:10A05C00319B86451F44B7D1002025B0BDE8F08F59
:10A06C0001257642B540013D01EA050E05EA0307DC
:10A07C0031414FEA650543FA06F354BF2E466E1C78
:10A08C00B6457FF714AF013111E701247642B44095
:10A09C00013C00EA040104EA020C30414FEA64047A
:10A0AC0042FA06F254BF2646661CB1427FF7E0AE78
:10A0BC000130DDE6DA468EE60C9B0D9C1D462146F2
:10A0CC004FF0000817983CE6329B0F2B40F347816A
:10A0DC000E9BCDE906E7109A029D0533CDF8209032
:10A0EC000BEB0208DDE90C2155F803C053F8046CA6
:10A0FC00DBF80000EC182FFA8CFE2FFA80F72FFA01
:10A10C0086F92FFA9CFC2FFA90F02FFA96F627FB83
:10A11C000E1E27FB0927DBF8041020FB0CE220FBAA
:10A12C00067066681F682FFA86FE2FFA81FC2FFADC
:10A13C0087F92FFA96F62FFA91F12FFA97F72CFB55
:10A14C000E2E2CFB090C21FB07C021FB06E6D3F8D5
:10A15C0004C0D4F808E0DBF808102FFA8EF72FFAB9
:10A16C0081F22FFA8CF92FFA9EFE2FFA91F12FFA29
:10A17C009CFC22FB076722FB090221FB0C2021FB24
:10A18C000E77DBF80C20E1689C680BF1100B2FFAB2
:10A19C0081FC2FFA82F62FFA84FE2FFA91F12FFA16
:10A1AC0092F22FFA94F426FB0C7CC34526FB0E0688
:10A1BC0022FB01C103F1100322FB046294D1DDE9FF
:10A1CC0006E7CDE90C211099179B0A46DDF8209083
:10A1DC005C18329B033B934240F3BF802546329B75
:10A1EC00CDE90824A3F1040CACEB02039808461C3F
:10A1FC00B300CDE90A0308EB8606CDE906E7DDE9F5
:10A20C000C7E55F8040B58F8043B55F80C202FFA2B
:10A21C0080F42FFA83F12FFA82FB2FFA90F02FFAA9
:10A22C0093F32FFA92F221FB04E4B04521FB0B715E
:10A23C0023FB004E23FB0217E3D1DDE90824DDE903
:10A24C000A030C97CDF834E01C44079F131DDDF86E
:10A25C0018E003EB8002329B934214DD9B1A329A76
:10A26C003344601EA118DDE90C4516F9012B11F9D8
:10A27C0001CB9E4202FB0C4410F901CF12FB0C5592
:10A28C00F3D1CDE90C454FF080440021049B0D9D8A
:10A29C0053F8040C059B20EAE07253F8043C9540FB
:10A2AC00C5FB034100284FEAD47444EA41050DDC98
:10A2BC00012342429340013B05EA030115414FEA59
:10A2CC00630348BF01339942C8BF01354FF0804248
:10A2DC000020049B0C9E1C68059B24EAE4711B68FF
:10A2EC008E40C6FB0320002C4FEAD27242EA400299
:10A2FC000DDC012361428B40013B02EA03000A4161
:10A30C004FEA630348BF01339842C8BF0132349906
:10A31C00349B0A4435992B448B42B8BF0B468A4276
:10A32C00B8BF0A4636998B42A8BF0B468A42A8BFD3
:10A33C000A4601990B704A7006E6DDF86CB0CDF850
:10A34C0004E0FDE50023CDE90C330DE4BCF1000F76
:10A35C00209A3FF743AE4E464DE646467BE7D8463D
:10A36C000022179C35E74FF0FF3076E62DE9F04FD1
:10A37C0095B0239F1E9D07EBD7746410012FCDE978
:10A38C0006042EB20C46C6EA064611469A46229898
:10A39C0040F3F68002460028B8BFC21C22F0030E20
:10A3AC009210099242000192269A219B52005B4224
:10A3BC000892219A0C93069B22EAE2727344CDF820
:10A3CC0028E00B9204EB0E0B72464FF0010E0D932E
:10A3DC000C9B4FF000090EFA03F3013B109343FA68
:10A3EC000EF30F9373448E46821AD046A446494608
:10A3FC00CDE911340E92CDF84CA02397BEF1000F8D
:10A40C0000F08E80744654F8082BDEF80430A64613
:10A41C00019F0CEB000467440297099F002F00F08A
:10A42C001B81CDE90381DDF81890CDF814B059F8F3
:10A43C00041B26FA91FB5CF804AB26FA81F12FFA87
:10A44C009AF828FB0B282FFA8AFA2AFB018254F877
:10A45C00048B2FFA98FA2AFB0B3A2FFA88F8013F53
:10A46C0028FB01A3E3D1DDE90381DDF814B00D9FD6
:10A47C00DC460BEB0004DDF82890484512DDDDF8D6
:10A48C003890039607EB090A17F9016B1CF9019B2D
:10A49C002E4406FB092214F9019B574506FB093390
:10A4AC00F2D1039E0B9C0027A240A3404FF08044A6
:10A4BC00DDF880C0C2FB0C47E20F42EA47024FF0C6
:10A4CC0080440027CCFB0347E30F219C43EA47035E
:10A4DC00002C28DD002A42DB1F9C0131224423443E
:10A4EC00249CA242B8BF2246A342B8BF2346019C7B
:10A4FC00A344259CA242A8BF2246A342A8BF234640
:10A50C0088F80020269A08F80230089B9844079B8C
:10A51C008B4227DDDDF808C0BEF1000F7FF472AF6F
:10A52C007346724674E7DDF840C00C9F0CEA0304D6
:10A53C003B4102EA0C07DDF830C052FA0CF24CBF7A
:10A54C00DDF844C0DDF83CC067450F9FC8BF013241
:10A55C00002BB8BF0137BC42C8BF0133BCE7002495
:10A56C002746F5E7239F7146012FD8BF0123019A97
:10A57C00129CDDF84CA003FB0244089A03FB02AAD0
:10A58C00FB0765D501B1096880460028B8BF00F10A
:10A59C0003085FEAA8081DD0A6464746DDF818C098
:10A5AC005CF8042B26FA92FB5EF8043B26FA82F246
:10A5BC002FFA93F929FB0B112FFA83F3013F23FB9D
:10A5CC000211EDD1069B04EB880403EB8803069380
:10A5DC004FEA8808404511DD424200F0030302F0C7
:10A5EC000302069858BF5342034410F9012B14F987
:10A5FC00016B2A44984202FB0611F6D14FF08043BE
:10A60C000020219A22EAE2729140209AC1FB02308A
:10A61C00DA0F219B42EA4002002B0DDC01215B4248
:10A62C009940013902EA01001A414FEA610148BF21
:10A63C0001318842C8BF01321F9B1344249A9342B4
:10A64C00B8BF1346259A9342A8BF13468AF8003028
:10A65C00002015B0BDE8F08F069F0CE72DE9F04304
:10A66C00C3EA03464FEA92084546B8F1000F19D0E9
:10A67C000C46074657F804CB013D4FEA3C2E26FA10
:10A68C008EFE26FA8CFC04F10804CEEA2C49CCEAA6
:10A69C000E4C44F8049C44F808CCEBD101EBC801F7
:10A6AC0000EB880012F0030208D09BB2024410F9B0
:10A6BC00014B1C44904221F8024BF8D1BDE8F083C9
:10A6CC002DE9F04FA5B015935368DDE92E051A93CB
:10A6DC009368476817934B686E681B930B681C97BD
:10A6EC001093CF688B68AD6880681993002EC7F102
:10A6FC0000030995D2F80CE0309DB1F91080B1F946
:10A70C00149018961190129340F3E380179B4FEA24
:10A71C004E060EFB03F35B000893099B002106FB1E
:10A72C0003F31D934FEA6E031A464FEA820B1697FA
:10A73C005F46B3460E460493199BCDE91F895B42D5
:10A74C001E935300139321943095099B002B40F3D7
:10A75C00B080129A1699002AD4BF0B460023984653
:10A76C000F931A9B00200B441C991E9C8B42A8BF74
:10A77C000B460793199B1799994601EB030CEB19A0
:10A78C0005934346CDF838E02395864625464C463E
:10A79C00134401FB03F322961493059B119E002D89
:10A7AC000F99A3EB0708079BD4BF224600226645EE
:10A7BC00A8BF6646994268DA149BDDF84C900E9857
:10A7CC00EB18134400FB0393DDF85490069100F052
:10A7DC00010109EB43090D9400230C46CDE90A5EF7
:10A7EC00CDF830C00392039AB24242DAA9EB0701CA
:10A7FC00002B40F0A6805A46404604F0A6FCCC46FE
:10A80C00039A01329642DC4432D0ACEB0701049B34
:10A81C00002B40F393804546E646CDE901B951F84B
:10A82C00040B2B680FFA80F90FFA83FBD9454FEA1A
:10A83C0023434FEA2040B8BFD9468342B8BF0346F2
:10A84C0069F30F0A63F31F4A614545F804ABE6D17F
:10A85C00DDE901B9059B002CD3D0BEF90010B3F98A
:10A86C00000001328842B8BF19809642DC44CCD13A
:10A87C0001230899069A8944079901328A42069263
:10A88C00B1D1DDE90A5EDDE90CC4109B0EF1010EBD
:10A89C001D44E41AACEB030C059B5B440593099B2C
:10A8AC0073457FF47AAFDDE922651D9BDDF838E056
:10A8BC001D44129B1B9A013613441293169B9B1A30
:10A8CC001693189BB3427FF440AFDDE91F89219C9E
:10A8DC00309D1899099B03FB01F10EFB01F14A1005
:10A8EC00002AD8BF2A4619DD05EB82022B6818B264
:10A8FC0040454FEA2343B8BF40464345B8BF4346A3
:10A90C004845A8BF48464B45A8BF4B4660F30F04CB
:10A91C0063F31F4445F8044B9542E7D1CB0709D5A7
:10A92C00B2F900309845B8BF9846C145A8BFC1469A
:10A93C00A2F80090002025B0BDE8F08F8E4643466B
:10A94C0089E7CC46039A62E72DE9F04FA3B0DDE925
:10A95C002C0445688068D4F804C00E905068A46834
:10A96C001690D2E9020215924A68109317920A685F
:10A97C00CB6818928A68089414926246002A19953A
:10A98C002E9CCDF84CC0C3F10007D1E9046540F30F
:10A99C00F4804FF0000C9846159BCDE91C6583465E
:10A9AC00E14626469A4603FB00F20792089A119755
:10A9BC0003FB02F21A929A100392149A2E945242AA
:10A9CC001B9223F003020492089B002B40F3C680D9
:10A9DC001198169B199A43440028D4BFC4464FF0D3
:10A9EC00000C9342A8BF13460693149B1B9C1D4658
:10A9FC000BEB0301049BCDE91F96F71800222E46A2
:10AA0C0025460CEB00030BFB03F3CDF848C08C463A
:10AA1C0018990F93CDF878B0CDF88480049BDDF8AD
:10AA2C003880002D069CA7EB030B129BD4BF30463D
:10AA3C000020E045A8BFE046A3427EDA0593002340
:10AA4C000F9CCDE909C105EB0409CDE90B65109C00
:10AA5C0081440AFB09490D920AF003040290029A00
:10AA6C0042455DDA4E46002B40F0DF8049465246A7
:10AA7C00584604F06AFB4946DDF808C00CF1010C9D
:10AA8C00E04551444BD00E46039B002B40F3CB804A
:10AA9C005D463A46CDE900A8286856F8043B4FFAC3
:10AAAC0080F84FFA83FEF045B8BFF0464FF0000E29
:10AABC0040F3072A68F3070E43F30728D045B8BFC5
:10AACC00D04640F3074A68F30F2E43F30748C245BC
:10AADC004FEA23634FEA2060B8BFC2468342B8BF37
:10AAEC0003466AF3174E63F31F6E45F804EBBD4241
:10AAFC00D2D1DDE900A8049B5E18002CBED0013A2F
:10AB0C00351916F9013B12F9010F9842B8BF1370B1
:10AB1C00AE42F6D10CF1010CE0455144B3D1012306
:10AB2C000799059A8944069901328A42059296D171
:10AB3C00DDE909C1DDE90B650D9A089B01329342F1
:10AB4C000D44A6EB0106ACEB010C57447FF466AF49
:10AB5C00DDE92068DDE91EB91A9B1E44119B179A8A
:10AB6C0009F1010913441193139BA8EB02084B45FF
:10AB7C007FF42AAFDDE91C652E9C089A139B02FB1F
:10AB8C0003F3159A02FB03F399100029D8BF214651
:10AB9C0035DD04EB8101226800274FFA82FE42F377
:10ABAC00072CB64542F30740B8BFB646B4454FEA4A
:10ABBC002262B8BFB446B042B8BF3046B242B8BF4A
:10ABCC0032464FFA8EFE4FFA8CFCAE4540B2A8BF0F
:10ABDC00AE46AC4552B2A8BFAC46A842A8BF284668
:10ABEC00AA42A8BF2A466EF307076CF30F2760F33F
:10ABFC00174762F31F6744F8047B8C42CBD113F0E8
:10AC0C0003030CD00B4491F90020B242B8BF32467A
:10AC1C00AA42A8BF2A4601F8012B9942F3D1002081
:10AC2C0023B0BDE8F08F5A4667E74946DDF808C007
:10AC3C002AE700BF2DE9F04F9FB09DF8A84092463F
:10AC4C000A1E1B941F462B9C1A9240F369844FF0EA
:10AC5C00000B0AF1FF33C2184FEA4A031C93A31EE0
:10AC6C001593DFF804C3631E019200F1FF391493AE
:10AC7C00CDF85CB0CDF84CA0139A99F901E0012AFB
:10AC8C0009F1010340F3C186019913F9012F96458F
:10AC9C00B8BF96468B42F8D10023CB46B846CDE9D7
:10ACAC00033ECDF8489080E0B04CC3FB0421002952
:10ACBC0005DA6FF00043D3181A4641F10001D20FA8
:10ACCC004FF0804342EA410200211C460E4602F13D
:10ACDC00E242119DA2F52522A2F26C72154002955A
:10ACEC00A34DC2FB0546E40F44EA4604029A2040F9
:10ACFC0050400D461A469F4E109CC0FB0625044042
:10AD0C00D20F0B9842EA45021040024618466240A8
:10AD1C000C46994D02EA0E0EC2FB0504C00F40EA28
:10AD2C0044001A4607400846944C8EEA0707C7FBB6
:10AD3C000420D20F42EA40020AEA020A07EA090991
:10AD4C000A9A89EA0A0A0AEA02000C461A468C4D4B
:10AD5C008C4ECAFB0524D20F42EA44020C9C0D46D1
:10AD6C001440224642401846C2FB06050D9CC00FFB
:10AD7C0014400E9A40EA45000240F2206240C2FBA9
:10AD8C000031DB0F43EA410309980F990240194047
:10AD9C004A4010054FEA223300F12586039A1A44E3
:10ADAC000392019B9B4500F01581049A1BF9013F0E
:10ADBC009B1A299A9A42F4DC289A934088EA030257
:10ADCC00D20F002A15BF62464FF080424FF0FF3180
:10ADDC000021C3FB0821002904DA6FF0004012188F
:10ADEC0041F10001D20F42EA41029845029200F073
:10ADFC00CD804FF080430026029A42F07F40410103
:10AE0C0001F18051C1FB0136002EA0EB020005DAE6
:10AE1C006FF000429A18134646F10006DB0F43EA26
:10AE2C004603A3FB0324F61703FB06F512F180423D
:10AE3C0044EB4504002C079305DA6FF000455519D7
:10AE4C002A4644F1000401FB06F6D20F42EA440202
:10AE5C00CC1703FB046683EA0104E40F0694A1FB00
:10AE6C0003433344C0F340660894741EC0F3006679
:10AE7C001094741E9610119454BF01240224C0F334
:10AE8C00007A059440F340640B940AF1FF34C0F34C
:10AE9C0080790A94CAF100040C9409F1FF34C0F3D0
:10AEAC0040750994C9F10004C0F3C06EC0F380670B
:10AEBC000F946C1E6D420EF1FF39CEF1000A02F0B8
:10AECC00030207F1FF3E40F300600D940E957F42A4
:10AEDC00059D9542069AB8BF0136002A15BF6246F9
:10AEEC004FF080424FF0FF340024089D521944EB80
:10AEFC000304002C05DA6FF00043D3181A4644F112
:10AF0C000004D20F42EA44023244D30F002B15BF87
:10AF1C0063464FF080434FF0FF3400241A4DC2FBC0
:10AF2C000534002C05DA6FF000429A18134644F1F0
:10AF3C000004079ADB0F43EA44031A44531002D46B
:10AF4C00D40748BF01330B44DA0F029C002A15BF0B
:10AF5C0062464FF080424FF0FF310021002C7FF40D
:10AF6C00A3AE4FF4002319E7010000C094A8F570BC
:10AF7C007BBEAF63F2CBA24D6CAC162FA4AA5211C0
:10AF8C00B72A580211FE0A00ABAAAA2AB8F1004F40
:10AF9C007FF42FAF6FF000430293012300204FF09A
:10AFAC00FF34844A0593844B07920893A6464FF4CA
:10AFBC000036024682460746A146CDE90E00CDE991
:10AFCC0009447E4B7E4910940B90069011940D947D
:10AFDC000C907DE7039B4746DDF810E0DDF84890C8
:10AFEC00002B00F01485B3FA83F803FA08F303F18D
:10AFFC00004313F100424FEAE37343F1000352089C
:10B00C0042EAC3726F485B10544200FB0344A2FB3C
:10B01C00001011EB0C01204460F1000000281646D2
:10B02C0005DA6FF000440C19214640F10000C90FFD
:10B03C0041EA400101F15A3101FB03F4C81702FB4C
:10B04C000044A1FB025015F1804544EB0000ED0FCC
:10B05C0045EA4005C5F1005595EA010F81FB050451
:10B06C0040F1C48410EB0C0064F10004002CC0F21D
:10B07C00C484C00F40EA44008000014481EA02000D
:10B08C00C00F002815BF65464FF080454FF0FF3BC1
:10B09C004FF0000B01FB03F4C81702FB0044A1FBAB
:10B0AC00020A4019544444EB0B04002C05DA6FF0EF
:10B0BC0000454519284644F10004C00F40EA4400FD
:10B0CC00C0F1005080EA0104E40F002C15BF644667
:10B0DC004FF080444FF0FF350025C1FB0045002D9B
:10B0EC0005DA6FF000402018044645F10005E40F26
:10B0FC0044EA4504B4F1005F80F26784B4F1604F18
:10B10C0000F3928401F1004196EA010F40F11D8495
:10B11C0001FB03F3C81702FB0030A1FB022312EB67
:10B12C000C02034463F10003002B05DA6FF00040BE
:10B13C001018024643F10003D20F42EA43024FF0CB
:10B14C00FF306346C2F10052C2FB0130002805DA21
:10B15C006FF000429A18134640F10000DB0F43EAEF
:10B16C004003B3F1604F00F365844A0001F10043E2
:10B17C000392B3F1404F039BD8BF4FF000430393AE
:10B18C001B9B002B00F0F881139BC8F11B02002BBA
:10B19C00169240F3B28101239340013B1599189309
:10B1AC005B10CA4602911993CDF814E0CDF8749057
:10B1BC00049795E1F8FFFF0100010040FFFF1F001D
:10B1CC00E0FFFF0FC4C3C3C3289A0498934080EADE
:10B1DC000302D20F002A15BF61464FF080414FF099
:10B1EC00FF320022C0FB0312002A05DA6FF0004088
:10B1FC000818014642F10002C90F41EA4201049AC3
:10B20C009A4200F090814FF08043002541F07F443A
:10B21C00600100F18050641AC0FB0035C4F38079E2
:10B22C0009F1FF32C4F30078C4F30067129208F1FD
:10B23C00FF32C4F3406611927A1E1092002D06F173
:10B24C00FF32089205DA6FF000429A18134645F166
:10B25C000005DB0F43EA4503A3FB032EED1703FBAD
:10B26C0005FB12F180424EEB4B0EBEF1000F079323
:10B27C0006DA6FF0004B12EB0B0B5A464EF1000E38
:10B28C00B1FA81F100FB05F5D20F42EA4E02C9F189
:10B29C00000ECDF834E0C8F1000E4FEAE07803FB65
:10B2AC000858CDF818E083EA000EA0FB03394909D1
:10B2BC00C144C1F1000801390B91C4F3C0610139DB
:10B2CC000C91C4F34071013928F000480E91911093
:10B2DC00CDF8248054BF4FF001084FF00208C4F39E
:10B2EC00806544F3C06B44F340740F947F426C1E32
:10B2FC0076424FEADE7E02F00302CDF828B06D42B2
:10B30C009045B8BF0131BEF1000F15BF62464FF03A
:10B31C0080424FF0FF3E4FF0000E9A1849EB0E0E94
:10B32C00BEF1000F05DA6FF00043D3181A464EF148
:10B33C00000ED20F42EA4E020A44D30F002B15BF67
:10B34C0063464FF080434FF0FF310021DFF854E2A9
:10B35C00C2FB0E31002905DA6FF000429A18134631
:10B36C0041F10001079ADB0F43EA41031A445310E1
:10B37C0002D4D20748BF01330344DA0F002A15BFA9
:10B38C0062464FF080424FF0FF3100218648C3FBEC
:10B39C000021002905DA6FF00043D3181A4641F159
:10B3AC000001D20F42EA410202F1E242109BA2F5E7
:10B3BC002522A2F26C72002102EA030E4FF08043A8
:10B3CC008B461846DFF8E481DFF8E491C2FB080BEA
:10B3DC00C00F40EA4B0007408EEA07071A468E461C
:10B3EC00DFF8D0810898C7FB082ED20F42EA4E0234
:10B3FC003840164046401A4608466F4F3440C6FB4C
:10B40C000720D20F42EA4002154065401A460C460E
:10B41C006A4E0C98C5FB0624D20F42EA44020A9CE1
:10B42C002840144022460D4642401846644E119C5A
:10B43C00C2FB06051440C00F069A40EA45000240C4
:10B44C000D4618466240C2FB09050E9CC00F144005
:10B45C000F9A40EA45000240F2206240C2FB0031E4
:10B46C00DB0F43EA410312980D99024019400B9BE4
:10B47C004A401A40099B03985A4082EA0003DB0FAA
:10B48C00002B15BF63464FF080434FF0FF31002176
:10B49C00C2FB0031002905DA6FF000429A181346FE
:10B4AC0041F10001169ADB0F43EA410353FA02F211
:10B4BC001ED418990B401999994258DAA2F5FF43FA
:10B4CC007F3B47F6FE729342CCBF47F6FF731BB22D
:10B4DC00029A22F8023F019B0292534500F07F82B0
:10B4EC00059A1AF9013F9B1A299A9A427FF76CAE7A
:10B4FC00344BEDE7DDF86490049F139A01991C9886
:10B50C00114401911599179B01441591149991447B
:10B51C0011441A9A01339A42179314917FF4ACABED
:10B52C001FB0BDE8F08F049BB3F1004F7FF46BAEFE
:10B53C0000224FF0FF35244B2C46CDE91055CDE9B8
:10B54C000852CDE90A25CDE90C52CDE90E521295DF
:10B55C0007934FF400314FF00108964617461646F4
:10B56C0015461A481A4BDFF86C900692C8E6A2F5FD
:10B57C000043002AA5D1ABE7139BC8F12302002B93
:10B58C001292BADD01239340013B149916935B1080
:10B59C00C84602911893CDF814E0CDF86490049746
:10B5AC009FE100BFABAAAA2A94A8F5707BBEAF633B
:10B5BC0011FE0A00F2CBA24D6CAC162FA4AA5211AC
:10B5CC00B72A58020080FFFFF8FFFF01E0FFFF0FD2
:10B5DC0000010040FFFF1F00289A0498934080EA66
:10B5EC000302D20F002A15BF62464FF080424FF083
:10B5FC00FF310021C0FB0321002905DA6FF0004068
:10B60C001018024641F10001D20F42EA410204999E
:10B61C00994200F071814FF08043002542F07F4049
:10B62C004401801AC0F3406104F180544F1EC4FBE6
:10B63C0004354942C0F380660B9140F34071013EE2
:10B64C00109140F300710D960F91C0F3006640F31A
:10B65C0080610E91002D06F1FF311197C0F3407AF5
:10B66C00C0F3007EC0F3C0670C9105DA6FF00041A7
:10B67C0059180B4645F10005DB0F43EA4503A3FBC4
:10B68C000319ED1703FB05FB11F1804149EB4B0945
:10B69C00B9F1000F0A9306DA6FF0004B11EB0B0BAC
:10B6AC00594649F10009B2FA82F204FB05F5C90FBB
:10B6BC0041EA49010AF1FF394FEAE47A03FB0A5ADD
:10B6CC00CDF81C9083EA0409A4FB033552095544B8
:10B6DC00C2F1000A013A0692C0F3807240F3807006
:10B6EC002AF0004A08908810CDF824A054BF4FF0DF
:10B6FC00010A4FF0020A02F1FF3B76427A420EF148
:10B70C00FF3E4FEAD97901F00301013F8A45B8BFEA
:10B71C000130B9F1000F15BF61464FF080414FF079
:10B72C00FF394FF00009C91845EB0909B9F1000FB1
:10B73C0005DA6FF00043CB18194649F10009C90F1F
:10B74C0041EA49010144CB0F002B15BF63464FF072
:10B75C0080434FF0FF300020BC4DC1FB053000286A
:10B76C0005DA6FF0004159180B4640F100000A99B8
:10B77C00DB0F43EA400319444B1002D4C90748BFFE
:10B78C0001332344D90F002915BF61464FF0804186
:10B79C004FF0FF300020AE4CC3FB0410002805DA3C
:10B7AC006FF00043CB18194640F10000C90F4FF061
:10B7BC00804341EA400100201C46824601F1E241EF
:10B7CC00DFF89092A1F52521A1F26C71C1FB094A19
:10B7DC000C9DE40F44EA4A040D4026406E40194685
:10B7EC000546DFF87492119CC6FB0915C90F41EA96
:10B7FC0045010B9D34400D402946064661401C46D0
:10B80C00DFF858920D9DC1FB09460D40E40F0E99CF
:10B81C0044EA4604214069401C460546904E0F40C0
:10B82C00C1FB0645E40F44EA450419462240044690
:10B83C008C4D7A40C2FB051402EA0E0EC90F0F9A0A
:10B84C0041EA440105460A401946874E8EEA020237
:10B85C00C2FB0615079CC90F1440109A41EA45011A
:10B86C000A40F2216240C2FB01300899DB0F43EA27
:10B87C004003194002EA0B02069B4A401A40099BFE
:10B88C0003985A4082EA0003DB0F002B15BF634676
:10B89C004FF080434FF0FF310021C2FB00310029F3
:10B8AC0005DA6FF000429A18134641F10001129A22
:10B8BC00DB0F43EA410353FA02F21AD416990B40F8
:10B8CC00189999423CDAA2F17F037E2BCCBF7F23DF
:10B8DC005BB2029A02F8013F019B029298453FF439
:10B8EC0009AE059A18F9013F9B1A299A9A427FF7DB
:10B8FC0073AE6FF07F03ECE7049BB3F1004F7FF462
:10B90C008AAE00224FF0FF3E584B4FF400300A93A2
:10B91C004FF0010A1146914616467746F346CDE99B
:10B92C000E22CDE90CEECDE907E2514C514B524DB4
:10B93C001092CDF844E00B920992CDF818E0E5E6B0
:10B94C00A2F18003002AC0D1C3E74FF0804000244D
:10B95C0001FB03F3CD1702FB0533A1FB02251218E3
:10B96C002B4443EB0403002B05DA6FF00040101856
:10B97C00024643F10003D20F42EA4302C2F10052E5
:10B98C0082EA0103DB0F002B15BF63464FF08043A7
:10B99C004FF0FF300020C1FB0230002805DA6FF0B9
:10B9AC0000429A18134640F10000DB0F43EA4003B3
:10B9BC00B3F1005FFFF6D5AB6FF000431944B1F162
:10B9CC00804F33DB0393FFF7DBBB6FF00044214464
:10B9DC0091EA060FB9D560464FF0FF34B8E7DDF8B1
:10B9EC007490049F89E50133FFF7D8B910F18040BA
:10B9FC0044F10004002CBFF63CAB6FF00045451938
:10BA0C00284644F10004FFF734BB3FF445A94FF03E
:10BA1C00FF324FF020084FF080454FF0000B1346DB
:10BA2C0016461649FFF736BBA400D0E74B0003932C
:10BA3C00FFF7A6BB01EB83035A00B3F1804F0392CF
:10BA4C00FFF697AB6FF00043BCE700BFABAAAA2A86
:10BA5C0094A8F5707BBEAF63F2CBA24D6CAC162FE5
:10BA6C00A4AA5211B72A580211FE0A00F8FFFF01CE
:10BA7C00E0FFFF0F00010040FFFF1F00B6B4B4B49D
:10BA8C0010B584B0069CDDF81CC000940024CDF8E1
:10BA9C0004C0DDF820C0CDE9024CFFF7CBF804B0B0
:10BAAC0010BD00BF12289ABF024B53F82000024869
:10BABC00704700BFB449011000490110002930B58E
:10BACC0022DD90F90030012943F3030313701BD0DE
:10BADC0004460023551C09E010F90CC00EF1030EAE
:10BAEC004CF3030C714502F803C00DD094F900C05F
:10BAFC009E464FEA2C1C05F803C0023399424FEACC
:10BB0C00630C00EB6304E7DC30BD00BF38B51546B1
:10BB1C001A461C4602F04AFF0022114BF6F7C6FCEF
:10BB2C0003F000F804F0B0FA4FF0004E4FF0000CA8
:10BB3C0086457CEB010203460FDB614508BF70456F
:10BB4C00226803D14FF08043013222601F3202DAA7
:10BB5C000022134622602B6038BD03F07FF800BF33
:10BB6C000000E0412DE9F04115461C46002200235F
:10BB7C0006460F46F6F702FF20B100232B60236028
:10BB8C00BDE8F08123462A4630463946BDE8F041EF
:10BB9C00FFF7BCBF2DE9F04780464FF000408946C7
:10BBAC0008991646C8401F46F6F716FC324604465E
:10BBBC000D463B4640464946F6F778FC02460B4696
:10BBCC0020462946F6F772FC16A3D3E90023044657
:10BBDC000D46F6F7FBFEDDF828A0064698B90022C4
:10BBEC0020462946114BF6F7F1FEC8B1002200237E
:10BBFC0020462946F6F7C2FE40B1099B1E60CAF8E2
:10BC0C000060BDE8F08707A5D5E9004553462046FE
:10BC1C002946099AFFF77AFFDAF80030002BF0DAA0
:10BC2C0003F01CF80000C0FFFFFFDF410000F03FF5
:10BC3C002DE9F8430124074604FA00F001381546B3
:10BC4C000E46F6F7C9FB8046E81B8946C0F1200377
:10BC5C00A0F1200124FA03F304FA01F1194304FAC8
:10BC6C0000F0F6F7F5FB02460B4640464946F6F760
:10BC7C001DFC02460B46A6F12005C6F1200104FA74
:10BC8C0005F524FA01F104FA06F0294314461D4681
:10BC9C00F6F7DEFB02460B4620462946F6F730FD4A
:10BCAC0002F0BCFEF6F79CFEBDE8F8832DE9F047E8
:10BCBC0082B004469A46DDF82890CD68D2F80C8004
:10BCCC006BB32846F6F79AFB064640460F46F6F746
:10BCDC0095FB02460B4630463946F6F7E7FB06461F
:10BCEC00DAF80C000F46F6F789FB0B46024639468C
:10BCFC003046F6F723FA0246D9F80C00164621F026
:10BD0C000047F6F77BFB02460B4630463946F6F702
:10BD1C00F7FC1CA3D3E90023F6F744FE00B341461D
:10BD2C002846F6F793FF00210546F7F741F920B3B3
:10BD3C002846F6F763FB0446D9F80C000D46F6F7D7
:10BD4C005DFB02460B4620462946F6F7D9FC024617
:10BD5C000B4600200B99C1E9002302B0BDE8F08727
:10BD6C004FF49E73094920462569094A00910949F7
:10BD7C00A847012002B0BDE8F08740F249130649FC
:10BD8C00F1E700BF7B14AE47E17A943FA44A01105F
:10BD9C00004A01108C4A0110C84A01102DE9F047E5
:10BDAC0092F800C00546BCF1030F1C4682B047D088
:10BDBC00BCF1090F20D0BCF1070F11D147F6FF7869
:10BDCC00544E0129D768D2F810901ED003295CD0AC
:10BDDC00022939D026600A9B0020C3F8008008E0B5
:10BDEC004D49046940F28F1300914C4A4C49A047CD
:10BDFC00012002B0BDE8F08701294FF07F086FF0F9
:10BE0C007F06D768D2F81090E0D139460020F6F7BB
:10BE1C00D1FF02F0D5FE4FF04F410746F7F7C8F8B7
:10BE2C0030B338464FF09E41F7F7B8F800B33846B8
:10BE3C00F7F7D2F84844B042B8BF30462060CAE7A2
:10BE4C004FF0FF080026BCE739463648F6F7B2FF3C
:10BE5C00824602F0B5FE4FF04F410746F7F7A8F8BF
:10BE6C0030B138464FF09E41F7F798F8002845D18D
:10BE7C002D4928462C6940F257130091274A28492E
:10BE8C00A047012002B0BDE8F08739460020F6F744
:10BE9C0091FF02F095FE4FF04F418246F7F788F87C
:10BEAC000028E5D050464FF09E41F7F777F8002870
:10BEBC00DED05046F7F790F803464B44B342B8BF78
:10BECC003346394619482360F6F774FF02F078FEC2
:10BEDC004FF04F410446F7F76BF80028C8D04FF0ED
:10BEEC009E412046F7F75AF80028C1D02046F7F7B4
:10BEFC0073F848448045A8BF80466CE73846F7F78E
:10BF0C006BF803464B44B342B8BF33460AF10040CA
:10BF1C002360DBE70080FFFFE44A0110004A0110B8
:10BF2C008C4A0110000080BFEC4A01100000C04098
:10BF3C002DE9F04F97B0209C09930594219C91F822
:10BF4C0030300694229C012B0A94239C0546DDE993
:10BF5C0026780B94249C16460794259CDDF8A0A00B
:10BF6C0008940C460FD00126744A0469CDE90123CC
:10BF7C00734AD72300927349734A0396A047012052
:10BF8C0017B0BDE8F08F92F83020012A0BD004696D
:10BF9C006A49CDE902236D4AD923CDE900216A4AC9
:10BFAC006849A047EBE7726B002A00F0AA80D2F830
:10BFBC0000B0BBF1000F00F08D80DBF80030012BDE
:10BFCC0017DD0978092904D0072902D0E923604933
:10BFDC0082E03178092900F08580122900F08280F6
:10BFEC005C492C69EB2300912846574A5A49A047D3
:10BFFC00C5E7059ABAF1000FC868D2F80C9034DD89
:10C00C001193F6F7FBF90A4601464846CDE90E12A4
:10C01C00F6F7F4F9119B10954FF001091D46CDE987
:10C02C000C01043FA8F1040800E09946012DCCBF97
:10C03C005BF82900DBF80400F6F7E0F9DDE90E23E4
:10C04C00F6F734FADDE90C23F6F75AFB14AB13AA16
:10C05C00FFF788FD139BCA4547F8043F149B48F82B
:10C06C00043F09F10103E0D1109D2378032B05D087
:10C07C00092B23D0072B21D0002081E73246002743
:10C08C00002605992846009114A90191099B214687
:10C09C00CDE91467FFF70AFE00287FF471AFDDE9E4
:10C0AC0014010A9A13ABFFF75DFD2378139A0B99D1
:10C0BC005242092B0A6001D0032BDBD1284606998A
:10C0CC00089C0978079B059A209417B0BDE8F04F9F
:10C0DC00FFF764BEE52321492C691B4A00911E49D8
:10C0EC00A0474CE753450FD0CDE9023A1C4A1D49F5
:10C0FC002C69ED23019200912846134A1149A0475F
:10C10C003DE7E4231849E7E79168B26802EB810246
:10C11C0052689A420CD0CDE90232144E10492C6967
:10C12C00EE2300912846084A06490196A04726E7C7
:10C13C00059AE068D2F80C9062E700BF304B011012
:10C14C004C4B0110144B0110004A0110684B0110AC
:10C15C00B44B0110F04B01108C4A0110984B01109C
:10C16C002C4C01103C4C0110844B0110604C011004
:10C17C00436B10B51BB1BDE810403C21184702F0D1
:10C18C006DFD00BF2DE9F04FD1F810800D4606462D
:10C19C00AFB0B8F1000F00F04981D1F81490B9F1AB
:10C1AC00000F00F043818468A14B20461A68236875
:10C1BC009B6998470746002800F0DC8023689D4A5D
:10C1CC00294620469B69126898478246002800F051
:10C1DC00D4802368984A29462046DB691268984720
:10C1EC00089000287AD0BB6819A819460B9351F80F
:10C1FC00043B9A0018930A9302F0A7FF089A1FA811
:10C20C00D2F808B0594651F8042B1E9209929200AC
:10C21C0002F09BFF0A98002840F30881099B199AA9
:10C22C00002B40F303811F99914240F0FF800B9B40
:10C23C0003289968DB680C920D910E9340F3F680FD
:10C24C0009991C9B03290F9340F3F080DAF808102E
:10C25C001492DBF80820DBF80C0015928A68169013
:10C26C001192CA68CDE91223229B109317939AF866
:10C27C000030122B00F084803B78092B3BD0072B2D
:10C28C0039D00593159B29460493169B4A46039374
:10C29C00119B30460293129BCDF8188001930D9B95
:10C2AC0000930E9B00F0DAFA054698B93B78092BFF
:10C2BC0038D0072B36D02368204608995B6A9847FC
:10C2CC002368394620465B6A9847236851462046C6
:10C2DC005B6A984728462FB0BDE8F08F4823574932
:10C2EC00346930460091564A5649A04701252846E4
:10C2FC002FB0BDE8F08F544B30461A68DAF808308E
:10C30C0003EB82035968736B4FEA810B59469847CC
:10C31C00736BC8F824005946304698473B78C8F8E8
:10C32C002800AEE7D9F8080008993A6909692790FE
:10C33C00D9F8040025912690D9F81400092B2B90DC
:10C34C00D9F810002A90D8F804002990D8F80000E9
:10C35C002890C2F100002490D8F82CC0D8F83000F6
:10C36C00CDE92CC037D0072B25D04FF0FF33C8F8C0
:10C37C003830A0E742233549B2E745233449AFE7CB
:10C38C0051F8043B25A84FEA830B5A46099302F057
:10C39C00DCFE099B002B47DD012124AB9B4453F8A9
:10C3AC00042F9B4502FB01F1F9D13046F36B08F1E8
:10C3BC003402984760E70ABB00292DD0CDE9021260
:10C3CC00244F254D34698D2330461D4A234901974E
:10C3DC000095A0478AE70CA914AB10AA24A8FCF777
:10C3EC005DFD01460029C0DD3046F36B08F13802D3
:10C3FC00984700283FF45FAF05466BE70025154BC7
:10C40C001749CDE90132304634698C2300910C4A2E
:10C41C0012490395A04769E70CA914AB10AA24A8EC
:10C42C00FCF7AEFC0146DDE70121BEE702F016FC8D
:10C43C00444F0110404F0110384F0110504D011066
:10C44C00A04C01108C4A0110344F0110284D0110E2
:10C45C003C4D0110B0440110804D0110144B0110E3
:10C46C00644D01102DE9F0470E46144632461E4627
:10C47C002369BEB05B4234935369DDF818813B935A
:10C48C0013694146DDE947573A93A36981463593D1
:10C49C0093681CA837935368369363683993236861
:10C4AC003893E36A3C93236B3D93A36A0993636AC5
:10C4BC00089300F023FE314622A800F01FFE3946F7
:10C4CC0028A800F01BFE29462EA800F017FEDDE977
:10C4DC003C239A4270DC229B042B6DD11C9B042BB9
:10C4EC006AD1289B042B67D1DDF88CC0299B63454E
:10C4FC0062D12698209B83425ED1DDF874E02C9BA0
:10C50C009E4559D185B12B6873B12E99002951DD07
:10C51C0001222EAB03EB810A53F8041F534501FB98
:10C52C0002F2F9D1964547D101230F9013900020C8
:10C53C00249ACDE914330D92259A16930E922A9BC8
:10C54C001E9AA16B119219931F9A2B9B8142CDE9D4
:10C55C000A00CDF830C0CDF860C0CDF840E0CDF881
:10C56C005CE0CDF86CE012921A9304DB4846D9F8E3
:10C57C00403098470A90FEB13368B8F1000F1BD0D9
:10C58C00D8F8001005B12D68B7B1386818AACDE9F4
:10C59C00052014A810AACDE90121CDE903050093CB
:10C5AC0008AA0CAB34A90AA8FCF7A8FB20B93EB02A
:10C5BC00BDE8F0870122B5E702F050FB2DE9F0450C
:10C5CC000D4614462A461D462369BFB05B42349380
:10C5DC005369DDE946173B931369489E3A93A36967
:10C5EC008046359393681CA83793536836936368D9
:10C5FC00399323683893E36A3C93236B3D93A36A86
:10C60C000993636A089300F079FD294622A800F08B
:10C61C0075FD314628A800F071FD39462EA800F0B2
:10C62C006DFDDDE93C239A426DDC229B042B6AD123
:10C63C001C9B042B67D1289B042B64D12698209B30
:10C64C00984203D001203FB0BDE8F085DDF88CE0C6
:10C65C00299B734557D1DDF874C02C9B634552D18F
:10C66C0087B13B6873B12E9900294EDD01232EAAA8
:10C67C0002EB810A52F8041F524501FB03F3F9D176
:10C68C00634540D1012300220F9013902498CDE9EB
:10C69C0014330D90259816930E902A9B1E98A16B1F
:10C6AC00119019931F982B9B9142CDE90A22CDF83A
:10C6BC0030E0CDF860E0CDF840C0CDF85CC0CDF8EE
:10C6CC006CC012901A9304DB4046D8F8403098475F
:10C6DC000A90C5B1469A2B68116807B13F6896B1AC
:10C6EC00306818AACDE9052014A810AACDE90121BB
:10C6FC00CDE90307009308AA0CAB34A90AA8FCF7F0
:10C70C0059FB00289FD002F0A9FA0123B8E700BF1B
:10C71C002DE9F0473E4B88B01A680C46054600F0F0
:10C72C00C5FC3C4B214606461A68284600F0BEFC68
:10C73C00D4F800908046B9F1000F05D0D9F800303C
:10C74C00032B5BD04FF00009334B214628461A6867
:10C75C0000F0C6FCD4F814A00746BAF1000F55D06F
:10C76C002469002C52D0337A027A934210D0CDE94E
:10C77C0002322A492A4E2C694FF4F1730091284653
:10C78C00284A29490196A047012008B0BDE8F08746
:10C79C0098F8082093420CD0072B08D0092B01D114
:10C7AC00122A06D028462B6920499847ECE7092A1B
:10C7BC00F8D143462946626B05A800F0B1FC337AE8
:10C7CC00072B10D0092BDFD19DF81C30092BDBD1A6
:10C7DC00224605AC334651462846CDE901970094D4
:10C7EC00FFF7ECFED1E73346224651462846CDE909
:10C7FC000197CDF80080FFF735FEC6E70C4B2146BC
:10C80C0028461A6800F052FC81469DE702F026FA91
:10C81C00444F0110404F0110384F0110AC4D011026
:10C82C009C4D0110A04C0110144B0110B84D01107F
:10C83C003C4F011030B50025044683B0044B054A2B
:10C84C000549009500F024FC204603B030BD00BF24
:10C85C001DC7001091C100107DC100102DE9F04FD3
:10C86C0014460A688DB012688A46023A012A0546B7
:10C87C009DF86CB01C9E0AD97B4904695223009127
:10C88C007A4A7B49A04701200DB0BDE8F08F4A6879
:10C89C001268012A0CD00126764B0469CDE90132CD
:10C8AC00754A532300927549704A0396A047EAE7EC
:10C8BC001799D4E90420013902FB01F1189AD4F834
:10C8CC0004C0013A00FB02F2D4F808E020780131F0
:10C8DC000132BCF1000F10D0012800F0A180022819
:10C8EC001CD10CEB0300401A90FBFCF00138BEF19C
:10C8FC00000F0CD14FF0FF3713E0BEF1000F0DD03D
:10C90C00012800F0AD8002284FF0FF3008D1169FAF
:10C91C007744BF1A97FBFEF7013F02E04FF0FF3060
:10C92C00074600FB0C1107FB0E22CB1A1699AF68B9
:10C93C0023EAE373521A591003F0010322EAE2725C
:10C94C00B3603B683160511002F001029B693846BC
:10C95C007160F2605146002298478046002870D0E2
:10C96C003B680122514638469B699847814600280E
:10C97C0070D03B68514602229B69384698478446E2
:10C98C003B68514600223846DB69CDF82CC09847ED
:10C99C008246002861D0BBF1010F20D0D9F80830B5
:10C9AC000C345B6801940893CDF800A0B36A284658
:10C9BC000793736A4A46069306F13003059306F112
:10C9CC002C03049306F12003039306F11C0302933A
:10C9DC0041460B9BFFF7ACFA00287FF455AFD8F813
:10C9EC00103041463361D9F8103038467361DAF8AB
:10C9FC001030B3613B685B6A98473B6849463846E0
:10CA0C005B6A98473B68514638465B6A98473B6877
:10CA1C0038460B995B6A984700200DB0BDE8F08F43
:10CA2C000CEB0300013890FBFCF00138BEF1000F59
:10CA3C003FF460AF169F7744013F97FBFEF7013F31
:10CA4C006FE760230E492C6928460091074A084974
:10CA5C00A04718E763230B49F5E768230A49F2E777
:10CA6C004FF0FF30E6E700BFFC4E0110704E011096
:10CA7C008C4A0110AC540110204F0110144B0110C2
:10CA8C00284D01103C4D0110504D0110436B10B559
:10CA9C001BB1BDE810403C21184702F0DFF800BF85
:10CAAC002DE9F047B4B0DDE93C6907460C4624A8F3
:10CABC0049469846154600F021FBDDF890A0AAF1F6
:10CACC000203022B00F2E08001210022A36BCDE9CE
:10CADC00101116931A931E93236BCDE914110F9317
:10CAEC001B93636BCDE91711CDE912336368CDE964
:10CAFC001C111991E16A0A9323689142CDE90B222A
:10CB0C00099303DB38463B6C98470B9006B13668AB
:10CB1C006369BAF1020FD4F81CC0C3F10003D4E965
:10CB2C00020203D0616B11F0030127D00024CDE980
:10CB3C0021C01F9323922094002D00F0A5802B6818
:10CB4C00D8F80020B9F1000F00F09E8002920093FB
:10CB5C000496D9F8003009AA06931BAB059317ABC2
:10CB6C00039313AB01931FA90FAB0BA8FCF724FC89
:10CB7C00002865D1002034B0BDE8F087CDE9320241
:10CB8C000122CDE93022CDE92C22A26BCDE92A3C41
:10CB9C00606AA36A002ACDE92E110D900E930BDD6D
:10CBAC000438043B099A013140F8042F0A9A43F8DF
:10CBBC00042FA26B9142F5DB002D65D02B68D8F8C1
:10CBCC000020B9F1000F5FD0029200930496D9F8BF
:10CBDC0000300DAA06931BAB059317AB039313AB55
:10CBEC0001932AA90FAB0BA8FBF7A0FA0028C1D020
:10CBFC001BABCDE9046317AB039313AB0193D9F8CB
:10CC0C0000300DAA0693D8F800302AA902932B689D
:10CC1C000BA800930FAB3C69FBF788FA002506467E
:10CC2C001A4B384601931A4BCDE902650093194A09
:10CC3C004FF48A731849A047012034B0BDE8F0873F
:10CC4C001BABCDE9046317AB039313AB0193D9F87A
:10CC5C00003009AA0693D8F800301FA902932B685C
:10CC6C000BA800930FAB3D69FCF7A6FB0646074BE0
:10CC7C000A4A0193009238464FF49273054A0649CA
:10CC8C0003940296A847D7E701F0E8FFD84F0110AC
:10CC9C00F04F0110484F0110144B011004510110BA
:10CCAC002DE9F0434B690C46054687B0002B37D075
:10CCBC001C4B1A6800F0FAF91B4B21461A68064601
:10CCCC00284600F0F3F9194B21461A680746284606
:10CCDC0000F0ECF9164B214680461A68284600F005
:10CCEC00FFF924698146DCB13B462946226A03A838
:10CCFC0000F016FA337A092B03D0012007B0BDE8F7
:10CD0C00F0839DF81430092BF7D132462146284682
:10CD1C00CDF8049003ABCDF80080FFF7C1FEEDE732
:10CD2C0001F09CFF305201102C52011028520110BE
:10CD3C00245201102DE9F04FD1F810A00C460646F4
:10CD4C00A3B0BAF1000F00F03A81D1F814B0BBF1E6
:10CD5C00000F00F0348185689A4B28461A682B68BE
:10CD6C009B6998470746002800F0B2802B68964ACA
:10CD7C00214628469B69126898478146002800F096
:10CD8C00B0802B68914A21469B69126828469847C7
:10CD9C0084462B688E4A21462846DB691268CDF8FA
:10CDAC0014C098478046002800F09E80387898F888
:10CDBC0000300690834271D1D9F8081011A851F8AF
:10CDCC00044BA200109402F0C0F9D8F8081017A870
:10CDDC0051F8043B9A001693079302F0B6F9013C04
:10CDEC0000F1ED80012222AB03EB8404079B54F885
:10CDFC00441C581ECDE90922089100F1E080002462
:10CE0C00CAF8341022A901EB800151F82CCCCDF8D2
:10CE1C002CC0A04205D016A901EB8401496801FB86
:10CE2C0002F201349C42F4D14FF0FF339BF8001016
:10CE3C00CAF82C30059BCAF83020CAF838C03046E6
:10CE4C00CDE90093CDE9028A3B46069A00F0E6F85C
:10CE5C008346F8B93B78072B34D0092B47D099F887
:10CE6C000030122B00F084802B68414628465B6A08
:10CE7C0098472B68394628465B6A98472B68494681
:10CE8C005B6A28469847059B23B12B682846059971
:10CE9C005B6A9847584623B0BDE8F08F3569FEF7BA
:10CEAC0001FE044698F80000FEF7FCFD0746494BCE
:10CEBC0030460193484BCDE902470093474A512332
:10CECC004749A8474FF0010B584623B0BDE8F08FF7
:10CEDC0047234449346930460091404A4249A047AF
:10CEEC00F0E74A234149F5E74F234149F2E7B96896
:10CEFC001DAB51F8042B18461C929200069302F0BD
:10CF0C0024F9A31E022B5AD8022C51D0DAF8343053
:10CF1C009B074DD1DAF83810736B8900304698476F
:10CF2C00DAF83810736BCAF8240089003046984739
:10CF3C000123DAF83020CAF828000C92DAF83420F1
:10CF4C000CA8CDE90D330F92FBF72CF9044699F898
:10CF5C000030122B0FD0002C86DD21463046F36BAF
:10CF6C000AF12C02984700283FF47EAF834691E7E4
:10CF7C0004461DAB0693D9F80810069851F8043BEB
:10CF8C009A00CDE9063202F0E0F8069B002B14DD86
:10CF9C000121079A1CAB1A4453F8040F934200FB6F
:10CFAC0001F1F9D13046F36B0AF120029847D2E730
:10CFBC0008A8FCF737FA0446C9E70121F2E701F0AB
:10CFCC004DFE00BF305201102C520110285201109E
:10CFDC00245201109C4D0110AC4D0110484F011012
:10CFEC0008520110284D01108C4A01103C4D0110C3
:10CFFC00504D011030B50025044683B0044B054A52
:10D00C000549009500F044F8204603B030BD00BF40
:10D01C00ADCC001041CD001099CA00102DE9F043A1
:10D02C00012A85B005460E461C460F9F03D10020F1
:10D03C0005B0BDE8F0834FF000084FF000090E9BDF
:10D04C002146009302AB0193DDE90C23CDE9028963
:10D05C00FEF72CFE0028EBD1DDE902013A463B1D20
:10D06C00FEF780FD0C9B22691B693146C7E905233D
:10D07C000E9B28461A6907F10C03FA6100930E9A6D
:10D08C0007F10803FEF78AFE05B0BDE8F08300BF88
:10D09C0010B4002401600199C0E90334C0E90544CF
:10D0AC00C0E90744C0E9011210BC704710B5A8B123
:10D0BC00A1B10968002A8C465CF8044B0CDBA24237
:10D0CC000ADA5CF82240002C06DBBDE8104001EBCC
:10D0DC008201036D49681847002010BD01F0BEFDA8
:10D0EC0010B540B139B1BDE810404968036D01EB92
:10D0FC0082025168184701F0B1FD00BF10B504461B
:10D10C0051B1496841B151F8042B40F8042B9200FD
:10D11C0002F01BF8204610BD00232046236010BDF2
:10D12C002DE9F0431D461B7A0446122B084687B0A6
:10D13C0007D095E8070084E80700204607B0BDE853
:10D14C00F0831146036C9847D5E90087064607B370
:10D15C00394651F8049B01A84FEA89052A4601F08B
:10D16C00F4FFB9F1000F14DD6B4601215A1953F885
:10D17C00045F934205FB01F1F9D140463246FEF7BC
:10D18C009DFC09232046C4E90067237207B0BDE863
:10D19C00F0830121F1E700BF436B10B51BB1BDE873
:10D1AC0010402421184701F059FD00BF10B50C4662
:10D1BC0000F046F918B94FF0FF3223691A6210BD1E
:10D1CC002DE9F84FDDF834908646DDE90EC7D9F825
:10D1DC000060DDF82880032E0C9C3CDDDCF8005050
:10D1EC00D9F81060032D36DDDCF810A0B24532D131
:10D1FC0001264FF0000BD9F808504D60D9F80C50AF
:10D20C000E60C1E9025ADCF8081016605160DCF8B7
:10D21C000C10C2E9021AD7E90112C3E90012D4F8C2
:10D22C0004902568D4E90421C3E90259C3E9042117
:10D23C000B9B0B9A1E603B695360FB68C2E902367C
:10D24C00C8E900BB216A594503DB036C9847C8F851
:10D25C000000BDE8F88F01F001FD00BF2DE9F0479B
:10D26C001C461B7AA6B0092B0746884616462E9DEF
:10D27C0001D0072B40D10DF1500921464846FFF74C
:10D28C003DFF149B042B37D10DF1680A29465046FB
:10D29C00FFF734FF1A9B042B2ED1384610AFCDE983
:10D2AC0004A8CDE901760DF1300806AE20AB42465C
:10D2BC00CDF80C90009608A9FFF782FF237A092B72
:10D2CC0023680DD0C5B1CDE900782A6830460292AA
:10D2DC0020A908AAFDF7F4F970B926B0BDE8F087CB
:10D2EC0055B1CDE900782A683046029220A908AAE7
:10D2FC00FDF72AFB0028F0D001F0B0FCF0B54E6928
:10D30C000C46054683B01EB30F690FB3114B1A6858
:10D31C00FFF7CCFE0346104A2146284612681C46ED
:10D32C00FFF7DEFE8446207A012804D0092804D0B9
:10D33C00072802D0012003B0F0BD284623463A4608
:10D34C003146CDF800C0FFF789FF002003B0F0BDD7
:10D35C0001F084FCC8520110C452011030B50025F4
:10D36C00044683B0044B054A05490095FFF790FE2F
:10D37C00204603B030BD00BF09D30010B9D1001056
:10D38C00A5D100109368F0B4D3E90254D1E9016738
:10D39C00D1E9032304980978DEB301292AD00229A4
:10D3AC0019D04FF0FF318C4601FB06220CFB0733E2
:10D3BC00121B5B1B23EAE37322EAE272541059102E
:10D3CC0002F0010203F00103C0E90041F0BCC0E926
:10D3DC000223002070473119891A91FBF6F10139AB
:10D3EC0047B307EB050CACEB030C9CFBF7FC0CF107
:10D3FC00FF3CD9E73119013991FBF6F10139CFB175
:10D40C0007EB050C0CF1FF3C9CFBF7FC0CF1FF3C13
:10D41C00CAE7002FC5D001290FD002294FF0FF31E8
:10D42C00C1D107EB050CACEB030C9CFBF7FC0CF12E
:10D43C00FF3CB9E74FF0FF3CB6E74FF0FF31DFE7B9
:10D44C002DE9F047D1F814A00C46064682B0BAF18B
:10D45C00000F76D0D1F81090B9F1000F71D085681B
:10D46C0000222B6828469B699847074600283FD026
:10D47C002B68214600222846DB699847044648B3AE
:10D48C0003463A4651463046CDF80090FFF77AFFF6
:10D49C008046D8B93B78012B2DD0092B01D0072B16
:10D4AC0020D109F114039AF8141030460093224647
:10D4BC0009F11003FEF772FC2B68394628465B6AAB
:10D4CC0098472B68214628465B6A9847404602B02D
:10D4DC00BDE8F08740231C493469304600911B4A53
:10D4EC001B49A0474FF00108404602B0BDE8F08749
:10D4FC003D231849F0E79AF81430012B0BD0032B7D
:10D50C0010D0022B15D06FF40003C9F81830124B51
:10D51C00C9F81C30D0E70023C9F818300E4BC9F8F5
:10D52C001C30C9E70023C9F818300C4BC9F81C3063
:10D53C00C2E70B4BC9F818304FF07E53C9F81C30BA
:10D54C00BAE701F08BFB00BF504D011034520110B3
:10D55C008C4A0110284D0110FFFF7F7F0000C04056
:10D56C00000080BF70B5002282B00E460446FFF763
:10D57C009DFD3146054600222046FFF7B1FD01A96D
:10D58C000646287A00F036FB044610B1204602B05D
:10D59C0070BD686800F06EFC019A296800FB02F20D
:10D5AC00336801929942F1D0184601F0CEFD204625
:10D5BC0002B070BD2DE9F043866800223368044642
:10D5CC009B69304685B0884698470546002878D038
:10D5DC003368002241463046DB69984707460028ED
:10D5EC0000F09980A868D0F800C0BCF1000F40F39F
:10D5FC0095800122002150F8043F01316145A2FBC6
:10D60C000323F8D11146D7F80890D8F80030D9F890
:10D61C00000013B11B68012B48D000284EDDCC460E
:10D62C0000234FF0FF384FF0010E04E0013383422A
:10D63C0002FB0EFE0BD05CF8042FB2F1FF3FF5D1CC
:10D64C00B8F1FF3F5AD1984601338342F3D1B8F178
:10D65C00FF3F07D091FBFEF303FB0EFE09EB88099D
:10D66C00C9F8043028783B78834233D18E450FD0EB
:10D67C00CDE9021E2A4A2B4E25694C2301922046E5
:10D68C00294A2A490096A847012005B0BDE8F08335
:10D69C003368294630465B6A9847336830463946CA
:10D6AC005B6A9847002005B0BDE8F0830128B4D12F
:10D6BC00D9F80430002BB2D1C9F800304FF0010E6C
:10D6CC00D0E728231A49256920460091164A1949A2
:10D6DC00A847D9E72669FEF7E5F905463878FEF73D
:10D6EC00E1F90746144B20460193144BCDE9025740
:10D6FC0000930D4A4B231249B047C5E7CDE902828E
:10D70C00104E11492569402300912046064A0749CD
:10D71C000196A847B8E72B230C49D4E7012172E7FF
:10D72C006453011078530110CC520110144B0110AA
:10D73C00284D01108C4A01109C4D0110AC4D01106C
:10D74C00085201105453011058530110504D011040
:10D75C00F0B50B680D46044685B01BB11B68013B48
:10D76C00012B0AD91A492569542300912046194ADC
:10D77C001949A847012005B0F0BD4B6813B11B68CF
:10D78C00012B0DD00126154A2569CDE90123144A38
:10D79C002046009255230F4A12490396A847E9E701
:10D7AC00FFF708FF0028E6D0294620462569FFF739
:10D7BC0001FF002607460C4B204601930B4BCDE98D
:10D7CC0002760093034A56230649A847D2E700BFC6
:10D7DC008C530110CC5201108C4A0110AC54011026
:10D7EC00BC530110144B0110D0530110DC53011029
:10D7FC00002110B5044682B0034B044A0091FFF798
:10D80C0047FC204602B010BD71D500105DD700104A
:10D81C00436B10B51BB1BDE810404021184701F017
:10D82C001DFA00BF70B5002284B00C460646FFF707
:10D83C003DFC2146054600223046FFF751FC246989
:10D84C00BCB12B7A092B02D0012004B070BD037A35
:10D85C00092BF9D1D4E90E120668A3682868029640
:10D86C00A5690195E4680094FEF70AF9002004B05C
:10D87C0070BD01F0F3F900BF2DE9F04F0B680E46B7
:10D88C000446876891B013B11B68012B11D0012697
:10D89C00554A2569CDE90123544A20460092342388
:10D8AC00534A54490396A8470124204611B0BDE8B9
:10D8BC00F08F4D68002D74D02D68012D71D13B680F
:10D8CC00002238469B6998478046002800F08380E8
:10D8DC0083681B68002B7BDD3B6800223146384691
:10D8EC00DB6998478146002878D0D6F810A0BAF1A9
:10D8FC00000F64D0736920464A464146CDF800A01B
:10D90C0000F09AF8D8F80810044651F8046B05A8F2
:10D91C00B200049601F019FCD9F808100BA851F8C4
:10D92C0004BB4FEA8B0201F010FC002E06F1FF3114
:10D93C0057DD002399420DD004AA02EB83029B45CC
:10D94C0050684FEA83024CDD0DF1280C624452689A
:10D95C00824246D10133B342ECD10023994205D027
:10D96C0004AA02EB8302526802FB05F501339E42C6
:10D97C00F4D110AB03EB8103594553F82C2C30DA5E
:10D98C0053F8143C93422CD1CAE90E533B684146E0
:10D99C0038465B6A98473B68494638465B6A984705
:10D9AC0083E70127104B144A26692046CDE901353F
:10D9BC00009235230E4A0F490397B04774E73C2376
:10D9CC000E49256920460091094A0D49A8476BE785
:10D9DC0038230C49F5E737230B49F2E73A230B4977
:10D9EC00EFE701F03BF900BFAC5401108454011077
:10D9FC00FC530110144B0110BC530110B054011016
:10DA0C008C4A011094540110284D0110504D0110F6
:10DA1C0030B50025044683B0044B054A05490095F2
:10DA2C00FFF736FB204603B030BD00BF31D80010E5
:10DA3C0085D800101DD80010F0B50E780D46092EB3
:10DA4C0004461F4689B00BD007693046FEF72AF80A
:10DA5C002B78024652492046B847012009B0F0BD48
:10DA6C001378072B41D0092B4FD1136913F1800F79
:10DA7C002DD14FF06E51D068F5F77CFA002800F0EC
:10DA8C008680E868F4F7BAFC052604460D4638682B
:10DA9C00F4F7B4FC07AB02930E9B224608330193B8
:10DAAC0000962B46FEF776F80E9B07991F22D9603D
:10DABC003046FEF7BDF8F4F78FFC01F10041F4F7A6
:10DACC008FFF034600200E9A936109B0F0BD6FF0F2
:10DADC007F05344A0469CDE90123334A732300924C
:10DAEC003249334A0395A047B7E7136931498B4252
:10DAFC0020D0314D2C4A0469CDE90231CDE9002505
:10DB0C006E232B4A2949A047A7E718462769FDF73A
:10DB1C00C9FF05463046FDF7C5FF0646274B204694
:10DB2C000193274BCDE902560093214A72232549D4
:10DB3C00B84792E7D6684FF05E513046F5F742FA97
:10DB4C00F8B931464FF05E50F4F776FF1E49F5F701
:10DB5C0039FA002895D000221C4B3046CDE904231D
:10DB6C00F4F74CFC06460F46194A1A4B2046CDE9F1
:10DB7C000032194925696F23CDE902670C4AA84781
:10DB8C006BE74FF05E513046F4F756FFDEE7134972
:10DB9C002569742300912046054A1149A8475CE782
:10DBAC00CC540110D0550110804D0110144B0110B4
:10DBBC00E85401100080FFFF78550110C455011086
:10DBCC009C4D0110085201106F1283320000F03E80
:10DBDC00A0550110AC55011080550110D8550110FD
:10DBEC008C4A01104B1E1844B0FBF1F001FB00F005
:10DBFC00704700BF122811D8092811D802280CD957
:10DC0C00012303FA00F212F4127F03D112F4887F7D
:10DC1C001ED0082300200B607047F8B90120704714
:10DC2C000A380828FAD801A353F820F061DC001058
:10DC3C001FDC001071DC00101FDC001069DC001010
:10DC4C0029DC001069DC001029DC00106DDC0010F0
:10DC5C000728E3D1022300200B6070470423D9E787
:10DC6C000123D7E71023D5E72DE9F04180460F4675
:10DC7C00C069042116461D46FFF7B4FFD8F81820DA
:10DC8C0084467AB1002302EB420E00EB8E0EDCF8D8
:10DC9C0004400CF10C0C013408BF0133F445F6D1EF
:10DCAC000B2B10D84FF0FF33CCF80070CCF80430AD
:10DCBC00CCF808602A60D8F8183000200133C8F876
:10DCCC001830BDE8F0810120BDE8F081704700BF3D
:10DCDC00406803685B691847036953F82100704773
:10DCEC00844630B50B46D0E90101D1E9042583B057
:10DCFC000468DCF80C1000956468A04703B030BDD4
:10DD0C00406803689B681847836801EB4101D3E9BD
:10DD1C00043203EBC203586800EB8100704700BF6C
:10DD2C0010B50446182100F074FF204610BD00BF4A
:10DD3C001346D0E901025269FFF796BF30B58B68E4
:10DD4C00002A844653F8041B83B016DB914214DD81
:10DD5C0053F82230002B10DB02680C4952698A42BE
:10DD6C000ED1D0E90101D1E904250468DCF80C10CE
:10DD7C0000956468A04703B030BD002003B030BDEF
:10DD8C00194603B0BDE83040104700BFEDDC001071
:10DD9C0030B50B68002A844653F8041B83B016DB9D
:10DDAC00914214DD53F82230002B10DB02680C4931
:10DDBC0052698A420ED1D0E90101D1E904250468E7
:10DDCC00DCF80C1000956468A04703B030BD00204F
:10DDDC0003B030BD194603B0BDE83040104700BF5A
:10DDEC00EDDC001030B54B68002A844653F8041B58
:10DDFC0083B016DB914214DD53F82230002B10DB7C
:10DE0C0002680C4952698A420ED1D0E90101D1E96C
:10DE1C0004250468DCF80C1000956468A04703B076
:10DE2C0030BD002003B030BD194603B0BDE8304012
:10DE3C00104700BFEDDC001030B40024044DC0E9E5
:10DE4C000444C0E9005130BCC0E90232704700BF45
:10DE5C00045601100EB400B582B003A951F8040B9E
:10DE6C00019100F005F802B05DF804EB03B07047C7
:10DE7C00704700BF10B404680246002C0ADD002372
:10DE8C00012052F8041F0133A34201FB00F0F8D12A
:10DE9C0010BC7047012010BC704700BF30B4002587
:10DEAC000B46194C00EB400214F832C004EBC202D2
:10DEBC0081F82D50557881F814C01D70D568BCF1CF
:10DECC00020F9D6195684FEA40019D60556802D133
:10DEDC000E4A126815440A1804EBC20404F110012E
:10DEEC0003F130025D6003C982E8030093F830202F
:10DEFC00012A06D16269D2E9001249685268D960D8
:10DF0C001A6130BC704700BF6CF20120B8FC0120D4
:10DF1C00044B1B688B42A3BF034B03EBC103586834
:10DF2C000020704760F9012064F90120044B1B6844
:10DF3C009942DDBF034B03EBC103586800207047C7
:10DF4C0060F9012064F90120704700BF38B51D4C01
:10DF5C000023224647F6FF7C1B4D1C482D6850F8C9
:10DF6C0025000144B2F90C00103288420AD06045F9
:10DF7C000BD00133042BF5D119461548F6F718F8D8
:10DF8C00002038BD04EB031038BD124D01EB410CE1
:10DF9C0005EBCC0215F83C5092F801C004EB0310D1
:10DFAC0080F808C0D2F808C0022D52684FEA03135B
:10DFBC00C0F804C002D1084D2D682A44E250234415
:10DFCC00998138BD08FB012050FA012094580110AA
:10DFDC00305601106CF20120B8FC01200020FFF734
:10DFEC00B5BF00BF174870B50246002347F6FF7552
:10DFFC00154E164C366854F826400C44B2F940C005
:10E00C004432A4450BD0AC450FD00133042BF5D1D1
:10E01C00002519460E48F5F7CBFF284670BD03EBDB
:10E02C00031300EB8305284670BD03EB031300EBD1
:10E03C00830529462046FFF731FF2846A5F84040C6
:10E04C0070BD00BF48FB012050FA0120945801100C
:10E05C00685601100020FFF7C5BF00BF38B511F09E
:10E06C000F0308BF0A461C4D18BF01F110020C46E5
:10E07C001A4918BFD21A2B6809689A1A914211D9F9
:10E08C00174D2B68312B1BD801212046F6F788F948
:10E09C000346D8B12A681349501C286041F8223035
:10E0AC00184638BD1B1B0F3B23F00F0310332246C1
:10E0BC00002118462B6000F0B7FF0346184638BD08
:10E0CC0021460948F5F774FF0023E9E72146074884
:10E0DC00F5F76EFFF8E700BFB0FC0120B4FC01209F
:10E0EC0084F9012088F90120A05601102057011055
:10E0FC00F8B5104D0F462B681446032B0FD8FFF7BD
:10E10C00ADFF034680B12E680020721C2A600A4ABB
:10E11C00266042F8367002EBC6025360F8BD074821
:10E12C00F5F746FF0120F8BD39460548F5F740FFE5
:10E13C00F8E700BF60F9012064F90120585701107D
:10E14C00B05701100020FFF789BF00BF10B504467F
:10E15C00024B0360FFF7BAFD204610BD6858011052
:10E16C0010B50446044B0360FFF7B0FD20461821A0
:10E17C0000F04FFD204610BD68580110F8B5104D49
:10E18C000F462B681446032B10D80020FFF766FFB0
:10E19C00034680B12E680020721C2A60094A266052
:10E1AC0042F8367002EBC6025360F8BD0648F5F72C
:10E1BC00FFFE0120F8BD39460448F5F7F9FEF8E7F3
:10E1CC0060F9012064F9012058570110B057011073
:10E1DC002DE9F04F034643F290111020A1B098475F
:10E1EC00774B1860002800F0E0800023754E00F596
:10E1FC004652754F0DF1280B103219463A603060BB
:10E20C001A4658461C46FFF717FE0D226F4B704DF1
:10E21C000A93704BD6F800801A606F4AC3F808B0A6
:10E22C005A636E4ADA636E4A1A646E4ADA646E4A4C
:10E23C001A656E4A1A61204610A9FFF72FFE9DF849
:10E24C0054300134022B06D1EA68119B13449845D3
:10E25C003CBF984633600D2C05F11805EBD13B689B
:10E26C004345C0F09D80624F6846FFF7C1FA6E4689
:10E27C00BC460FCEACE80F000FCEACE80F003368F5
:10E28C006846CCF80030FEF7D5FAEE4607F1240CC0
:10E29C00BEE80F00ACE80F00BEE80F00ACE80F00C2
:10E2AC0033686846CCF80030FFF758F8EE4607F1B3
:10E2BC00480CBEE80F00ACE80F00BEE80F00ACE85D
:10E2CC000F0033686846CCF80030FEF793FEEE463C
:10E2DC0007F16C0CBEE80F00ACE80F00BEE80F00B5
:10E2EC00ACE80F0033686846CCF80030FFF790FBC1
:10E2FC000023EC46DFF8FC80DFF8FC9045464C46EA
:10E30C003E4AD6F800E0136007F19006BCE80F0017
:10E31C000FC6BCE80F000FC608F1060AC6F800E0ED
:10E32C0015F8013B03EBC30357F8233023B100224C
:10E33C006169284898472061554504F12804EFD1BC
:10E34C0000232E4A2E4E2F4D136018F8013B03EB81
:10E35C00C30307EB83039A688AB147F6FF734946F8
:10E36C001C48A6F84030A6F88430A6F8C830A6F8A9
:10E37C000C31AB81AB83AB85AB879047E8B9D0450B
:10E38C0009F12809E1D1002214461C4B1A600F4BED
:10E39C0058460A93FFF79AFC204621B0BDE8F08F4F
:10E3AC001948F5F705FE0124F1E701241748F5F7A4
:10E3BC00FFFD204621B0BDE8F08F0446E7E700BF23
:10E3CC00B8FC0120B4FC0120B0FC012068580110FD
:10E3DC006CF2012058FC012069E00010FDE00010F7
:10E3EC001DDF0010F1DF001059DF001061DE00109E
:10E3FC0054FA01209C5801107CF1012050FA0120A4
:10E40C0048FB012008FB01200C580110E4570110B7
:10E41C000B464FF0000C144A10B5D168107892F8E6
:10E42C0001E09961916802285468996083F800E0D2
:10E43C0083F82DC0187502D10C4909680C440C499D
:10E44C0003F1300C03C95C608CE8030093F83010C6
:10E45C00012906D15269D2E9001249685268D96083
:10E46C001A61002010BD00BF6CF20120B8FC012025
:10E47C007CF201200B464FF0000C154A30B5D2E966
:10E48C00494592F8200192F821E1D2F82C1102288A
:10E49C0099619D6083F800E083F82DC0187502D156
:10E4AC000C4909680C440C4903F1300C03C95C603D
:10E4BC008CE8030093F83010012907D1D2F83421ED
:10E4CC00D2E9001249685268D9601A61002030BD47
:10E4DC006CF20120B8FC01209CF301202DE9F84FCF
:10E4EC0047F6FF74DFF84CA0DFF84CB0DFF84C9027
:10E4FC00134D144F144E0AF106081AF8013B5946F5
:10E50C0003EBC30307EB83033046DB68A9F84040F9
:10E51C00A9F88440A9F8C840A9F80C41AC81AC8397
:10E52C00AC85AC8798470BF1280B08B9C245E4D1F0
:10E53C00BDE8F88F9C5801107CF1012048FB0120AC
:10E54C0008FB012054FA012058FC012070B500246E
:10E55C000A4A0B4E0346106898470A4A33681460FF
:10E56C0043B1094D55F8040BF5F78CFB33680134B6
:10E57C00A342F7D80020306070BD00BFB8FC01206A
:10E58C0084F9012060F9012088F901200A4A0B4B1B
:10E59C00126802F5C05102F5BA505A60C3F8AC10BB
:10E5AC00C3F8C420C3F8DC10C3F8F420C3F80C0182
:10E5BC00C3F82421704700BFB8FC01206CF2012085
:10E5CC0038B504460D460C220649112001F0BEFF59
:10E5DC002946204601F032FF18B94FF42072236807
:10E5EC00DA6538BDBCFC0120B0F5807F10B504465F
:10E5FC0010D8094801F0BAFF14F03F0018BF0120F1
:10E60C00012300EB941003FA00F0013802F002F839
:10E61C00002010BD1020FCE7FFFF0F0038B5194B90
:10E62C00044698420BD003F58063984207D003F55B
:10E63C008063984203D003F5806398421CD1E36B4E
:10E64C0003F01F030A2B09D0E36B03F01F030E2BFF
:10E65C0004D0E36B03F01F030D2B0FD102236425B1
:10E66C00A364E06B10F01F0000D138BD013D07D052
:10E67C00012001F027FFF4E71020F6E70120F4E772
:10E68C000320F2E7003000602DE9F84F9946724BF9
:10E69C0004469842884617460CD003F5806398428E
:10E6AC0008D003F58063984204D003F58063984248
:10E6BC0040F0D080002F00F0CD80B8F1000F00F0BA
:10E6CC00C9800121204601F05DFF0221204601F0A6
:10E6DC00C9FE204601F08EFF2023102FA3644FF0BB
:10E6EC0001064FF6FF733D4628BF10252361E9B2A2
:10E6FC0066642046266401F009FFA6646426E36B79
:10E70C0003F01F03092B04D0E36B03F01F030A2B48
:10E71C001AD14FF0000B4FF0800A5E467D1BADB254
:10E72C00BE4238D308236425A364E36B03F01F03B4
:10E73C000D2B7CD1B9F1000F7FD14FF6FF71204624
:10E74C0001F084FE00200EE0012001F0BBFEE36B23
:10E75C0003F01F030D2B01D0013ED0D1642507E03F
:10E76C00013D02D10420BDE8F88F012001F0AAFE82
:10E77C00E36B03F01F030D2BF2D102236425A3647A
:10E78C00E36BD90601D10220EDE7013DEAD001206F
:10E79C0001F098FEF4E7E36B03F01F030F2B24D179
:10E7AC00B5B1102DAB4628BF4FF0100B20465FFAC9
:10E7BC008BF101F0ABFEA5EB0B05ADB2A36813F02A
:10E7CC00800B0AD1052001F07DFE5B469B46A7E736
:10E7DC002946204601F09AFEF0E7636808F80630F7
:10E7EC000136C4F810A0B6B2E8E7012001F06AFEC9
:10E7FC00BBF5FA6F0BF10103E8D308236425A3647E
:10E80C00E36B03F01F030D2B0BD102236425A364D0
:10E81C00E36BDA06A6D0013DA4D0012001F052FE34
:10E82C00F6E7013D9ED0012001F04CFEE8E7013DEA
:10E83C0098D0012001F046FE77E702236425A364FB
:10E84C00E36BDB063FF479AF013D8BD0012001F087
:10E85C0039FEF5E7012086E7003000602DE9F8432A
:10E86C009846514B044698420D4616460CD003F57B
:10E87C008063984208D003F58063984204D003F576
:10E88C008063984240F08C80002E00F08980002D2F
:10E89C0000F086800121204601F074FE0121204603
:10E8AC0001F0E0FD204601F0A5FE2023A3644FF605
:10E8BC00FF7323610123642763642364A364E36B04
:10E8CC0003F01F03072B2AD14FF40059013D2E44AE
:10E8DC00AE423AD1B8F1000F56D14FF6FF71204637
:10E8EC0001F0B4FD002012E0013D01D104200EE046
:10E8FC00012001F0E7FDE36B03F01F030D2BF3D1B7
:10E90C0002236425A364E36BD90602D10220BDE87F
:10E91C00F883013DEAD0012001F0D4FDF3E7E36B6D
:10E92C0003F01F030E2BCFD0E36B03F01F03082B58
:10E93C00CAD0012001F0C6FDE36B03F01F030D2BC1
:10E94C0001D0013FBBD16425D5E740F2D17715F852
:10E95C00013F2360A3689A040DD56427C4F8109076
:10E96C00E36B03F01F030E2BB2D0013F1AD0012032
:10E97C0001F0A8FDF4E7013F02D10223A364B5E73F
:10E98C00012001F09FFDE5E702236425A364E36BFE
:10E99C00DB06A2D0013DA9D0012001F093FDF6E7E2
:10E9AC000120B4E70320B2E700300060F8B5DFF8CF
:10E9BC005CC021F000430027044663450D461760F8
:10E9CC0021D8844653EA0C0C1DD0DFF844C01646FF
:10E9DC000A4601EA0C0CBCF1000F09D100220D4BC8
:10E9EC00F3F764FD6FF0350704460A4621F0004347
:10E9FC001B15A3F2FE333B443360074B134043F02B
:10EA0C007F5545F4001520462946F8BDFFFFEF7FE2
:10EA1C000000F07F00005043FFFF0F80C1F30A5C41
:10EA2C0002460B462DE9F041ACF2FF350C4606468A
:10EA3C00132D32DC002D20DBDFF8E0800F4648FA86
:10EA4C0005F801EA080C5CEA000C2BD031A3D3E9E1
:10EA5C000023F3F775FB00220023F3F7B7FF40B157
:10EA6C00002C03DA4FF480132B411F4427EA0804CF
:10EA7C00002621463046BDE8F08126A3D3E90023C9
:10EA8C00F3F75EFB00220023F3F7A0FF0028F0D081
:10EA9C00002C27DB00263446EBE7332D06DDB5F5DD
:10EAAC00806F1CD010461946BDE8F081ACF2134CB7
:10EABC004FF0FF3727FA0CF70742F3D015A3D3E931
:10EACC000023F3F73DFB00220023F3F77FFF002820
:10EADC00CFD0002C33460CDB23EA0706C9E7F3F74B
:10EAEC002FFBE1E724F0004426430DD14FF0004406
:10EAFC00BFE7142D06D0C5F134050122AA401344FA
:10EB0C00B342E9D20134E7E70026054CB1E700BF78
:10EB1C00AFF300809C7500883CE4377EFFFF0F004C
:10EB2C000000F0BF38B5C1F30A5402460B468E46BE
:10EB3C00A4F2FF3CBCF1130F1BDCBCF1000F11DB8A
:10EB4C001E4941FA0CF101EA0300104317D04FF4AF
:10EB5C000022002342FA0CF2724422EA010E7146A2
:10EB6C00184638BDBCF1FF3F01F0004E20D0002309
:10EB7C00F5E7BCF1330F05DDBCF5806F15D0104601
:10EB8C00194638BDA4F213444FF0FF31E140014265
:10EB9C00F5D0CCF1330C012303FA0CF31B1828BF6E
:10EBAC000EF1010E23EA0103D9E7F3F7C9FA38BDD8
:10EBBC004EF07F5E00234EF4401ED0E7FFFF0F00A7
:10EBCC0008B5C0F3C75301467F3B162B15DC002B51
:10EBDC0002460BDB0B481841084205D04FF480016C
:10EBEC001941114421EA0001084608BD013300F027
:10EBFC000041F9D141F07E51F6E7802BF4D1F3F7C7
:10EC0C001DFF08BDFFFF7F000B460146184600F0B4
:10EC1C0053B900F018B800F018B8012838BF01201B
:10EC2C0010B50446204600F05BF800B110BD00F0B2
:10EC3C000FF808B900F012F88047F3E7FFF7EDBFC3
:10EC4C0008B500F00BF800F053B8FFF7FCBF00005C
:10EC5C00014BD3E8AF0F7047C8FC0120062008B564
:10EC6C0000F012FA012001F0C7FB00001FB514469A
:10EC7C001A46094B05461B68D86854B9074B1C4605
:10EC8C0000910749CDE901342B4600F023F9FFF739
:10EC9C00E5FF044BF4E700BFA4F30120730102105D
:10ECAC004501021038010210024B0A460146186851
:10ECBC0000F002B8A4F3012070B5A1FB02543CB9DA
:10ECCC00294600F03FF8064628B90026304670BDAC
:10ECDC000C220260F9E72A46214600F0A5F9F5E777
:10ECEC00024B0146186800F02DB800BFA4F30120B8
:10ECFC00024B0146186800F035BA00BFA4F301209E
:10ED0C0070B50F4E0C460546316811B900F0D8F9B4
:10ED1C0030602146284600F0D3F9431C03D14FF054
:10ED2C00FF34204670BDC41C24F00304A042F8D06C
:10ED3C00211A284600F0C4F90130F2D1EFE700BFE8
:10ED4C00CCFC01202DE9F843CD1C064625F003052B
:10ED5C0008350C2D38BF0C25002D01DBA94204D938
:10ED6C000C2333600020BDE8F883DFF8D48000F07A
:10ED7C0069F8D8F800301C4644BB29463046FFF7EA
:10ED8C00BFFF431C044658D1D8F800402746002F3B
:10ED9C0043D1002C4BD023683946304604EB030991
:10EDAC0000F08EF9814542D1216830466D1A294612
:10EDBC00FFF7A6FF01303AD023682B442360D8F824
:10EDCC0000305A6862BBC8F800700FE02268521B12
:10EDDC0020D40B2A17D96119A342256018BF59609A
:10EDEC00636808BFC8F8001062514B60304600F0F1
:10EDFC002FF804F10B00231D20F00700C21A1CBFD2
:10EE0C001B1AA350AFE76268A3420CBFC8F80020DE
:10EE1C005A60EBE723466468AEE73C467F68B6E78A
:10EE2C001A465B68A342FBD100235360DEE70C2338
:10EE3C003046336000F00CF894E70560D6E700BF6D
:10EE4C00D0FC0120014800F070B900BFD4FC0120B7
:10EE5C00014800F06BB900BFD4FC01202DE9F04152
:10EE6C00804615460C4621B91146BDE8F041FFF726
:10EE7C0069BF2AB900F076F900242046BDE8F0817C
:10EE8C0000F0BAF98542064602D8B5EB500FF4D81B
:10EE9C0029464046FFF756FF07460028ECD0B542FE
:10EEAC002A46214628BF324600F04FF921464046FB
:10EEBC003C4600F057F9E0E710B504460448134609
:10EECC0020B10A4602202146AFF3008010BD00BFDE
:10EEDC00000000000EB403B503AB0146054853F81F
:10EEEC00042B0068019300F00FFB02B05DF804EBFB
:10EEFC0003B07047A4F301200CB4184B30B50C1EB2
:10EF0C009DB01D6808DA8B234FF0FF302B601DB0CD
:10EF1C00BDE8304002B070474FF402730290069087
:10EF2C0002A9ADF8143014BF04F1FF332346209A24
:10EF3C002846049307934FF6FF73ADF8163021ABB8
:10EF4C00019300F0BDF9431CBCBF8B232B60002C3C
:10EF5C00DDD0029B00221A70D9E700BFA4F3012078
:10EF6C0030B514469BB005461A46002C05DA8B23A7
:10EF7C0003604FF0FF301BB030BD4FF402730091B3
:10EF8C0004916946ADF80C3014BF04F1FF332346ED
:10EF9C00029305934FF6FF73ADF80E301E9B00F0F5
:10EFAC008FF9431CBCBF8B232B60002CE3D0009B40
:10EFBC0000221A70DFE7000007B5009313460A46DB
:10EFCC00014603480068FFF7CBFF03B05DF804FB74
:10EFDC00A4F301200139024410B5904201D1002064
:10EFEC0005E0037811F8014FA34201D0181B10BDA6
:10EFFC000130F2E7884210B501EB020402D98442D9
:10F00C00234607D8431EA14208D011F8012B03F860
:10F01C00012FF8E7024401468A4200D110BD13F8D3
:10F02C00014D02F8014DF7E702440346934200D12B
:10F03C00704703F8011BF9E71F2938B505460C4644
:10F04C0004D9162303604FF0FF3038BDC26B12B1E8
:10F05C0052F821304BB9284600F030F822460146D0
:10F06C002846BDE8384000F017B8012B0AD0591CCF
:10F07C0003D1162303600120E7E70021204642F864
:10F08C00241098470020E0E7024B01461868FFF770
:10F09C00D3BF00BFA4F3012038B50023064D0446AE
:10F0AC00084611462B60F4F745F9431C02D12B6836
:10F0BC0003B1236038BD00BF14FE0120F4F738B94A
:10F0CC0038B50023054D044608462B6001F084F941
:10F0DC00431C02D12B6803B1236038BD14FE012000
:10F0EC0070B50D4D00260D4C641BA410A64209D121
:10F0FC000B4D00260B4CF4F7E9FA641BA410A64246
:10F10C0005D170BD55F8043B01369847EEE755F82C
:10F11C00043B01369847F2E7B0010210B00102102F
:10F12C00B0010210B8010210704770477047C9B2A5
:10F13C000346024410B59342184601D1002003E067
:10F14C00047801338C42F6D110BD0A44431E91421F
:10F15C0000D1704710B511F8014B914203F8014FE3
:10F16C00F9D110BD38B50546002941D051F8043C01
:10F17C000C1F002BB8BFE418FFF764FE1D4A136880
:10F18C0033B9636014602846BDE83840FFF760BEB1
:10F19C00A34208D9206821188B4201BF19685B680B
:10F1AC0009182160EDE71A465B680BB1A342FAD946
:10F1BC0011685018A0420BD12068014450181160FE
:10F1CC008342E0D118685B68084453601060DAE74A
:10F1DC0002D90C232B60D6E7206821188B4202BF82
:10F1EC0019685B680918636008BF21605460CAE73E
:10F1FC0038BD00BFD0FC012051F8043C181F002B77
:10F20C00BCBF0B58C01870472DE9F0471F468E68DD
:10F21C0082460C46BE4290460B682DD8B1F90C20A4
:10F22C0012F4906F26D06569096905EB4505A3EBCF
:10F23C0001097B1C05EBD5754B446D109D4238BF05
:10F24C001D46530527D52946FFF77CFD064660B3BE
:10F25C004A462169FFF779FFA38923F4906343F0B1
:10F26C008003A38126614E446561A5EB09052660E8
:10F27C003E46A560BE4200D93E4632464146206815
:10F28C00FFF7B8FEA36800209B1BA36023683344E0
:10F29C002360BDE8F0872A46FFF7E0FD064600280C
:10F2AC00E0D121695046FFF75DFF0C234FF0FF3092
:10F2BC00CAF80030A38943F04003A381E9E70000BA
:10F2CC002DE9F04F98468B899DB007461B060D46DD
:10F2DC00144610D50B6973B94021FFF733FD286034
:10F2EC00286130B90C233B604FF0FF301DB0BDE8F6
:10F2FC00F08F40236B610023CDF80C804FF0010997
:10F30C00DFF8A081099320238DF8293030238DF864
:10F31C002A3023469A4613F8012B0AB1252AF9D133
:10F32C00BAEB040B0BD05B46224629463846FFF756
:10F33C006BFF013000F0A780099A5A4409929AF8A1
:10F34C000030002B00F09F8000234FF0FF320AF1B9
:10F35C00010A049307938DF853301A93CDE90523D2
:10F36C00544605224F4814F8011BFFF7E0FE049A9F
:10F37C00D8B9D00644BF20238DF85330110744BFB1
:10F38C002B238DF853309AF800302A2B15D0079A7E
:10F39C00544600204FF00A0C214611F8013B303B3B
:10F3AC00092B4BD9B0B1079214E0A0EB0803A2468D
:10F3BC0009FA03F313430493D2E7039B191D1B684B
:10F3CC00002B0391BBBF5B4242F0020207930793F1
:10F3DC00B8BF049223782E2B0AD163782A2B32D112
:10F3EC00039B02341A1D1B6843EAE37303920593D3
:10F3FC00DFF8B4A0032221785046FFF798FE38B10D
:10F40C00A0EB0A004022049B013482401343049376
:10F41C0014F8011B062225488DF82810FFF787FEEB
:10F42C00002836D0224B1BBB039B073323F007036A
:10F43C0008330393099B334409936AE70CFB0232AC
:10F44C000C460120A8E7002301344FF00A0C1946A2
:10F45C000593204610F8012B303A092A03D9002BCA
:10F46C00C6D00591C4E70CFB012104460123F0E74B
:10F47C0003AB2A4604A9384600930E4BAFF3008029
:10F48C00421C0646D6D1AB895B063FF52DAF0998D9
:10F49C002CE703AB2A4604A938460093054B00F031
:10F4AC00BDF9EDE7740102107A0102107E01021021
:10F4BC000000000015F200109368013B002B9360D4
:10F4CC0010B407DA9469A34201DB0A2902D110BCFB
:10F4DC0000F0D5BB1368581C10600846197010BC9E
:10F4EC007047F8B506460F461446D518AC4201D104
:10F4FC00002007E03A4614F8011B3046FFF7DCFF0A
:10F50C00431CF3D1F8BD00002DE9F04F0D469DB022
:10F51C0014469846064618B1036A0BB900F036FB40
:10F52C006B6ED90705D4AB899A0502D4A86DFFF789
:10F53C00FCFDAB891B0701D52B699BB929463046CD
:10F54C0000F0DCFB70B16B6EDC0704D54FF0FF30C4
:10F55C001DB0BDE8F08FAB899805F7D4A86DFFF707
:10F56C00E5FDF3E70023CDF80C804FF00109DFF83F
:10F57C00B481099320238DF8293030238DF82A305B
:10F58C0023469A4613F8012B0AB1252AF9D1BAEB76
:10F59C00040B0BD05B46224629463046FFF7A1FFF1
:10F5AC00013000F0A780099A5A4409929AF8003069
:10F5BC00002B00F09F8000234FF0FF320AF1010A6C
:10F5CC00049307938DF853301A93CDE905235446D1
:10F5DC000522544814F8011BFFF7A9FD049AD8B969
:10F5EC00D10644BF20238DF85330130744BF2B237F
:10F5FC008DF853309AF800302A2B15D0079A5446C0
:10F60C0000204FF00A0C214611F8013B303B092B2E
:10F61C004BD9B0B1079214E0A0EB0803A24609FA4B
:10F62C0003F313430493D2E7039B191D1B68002BB0
:10F63C000391BBBF5B4242F0020207930793B8BF32
:10F64C00049223782E2B0AD163782A2B32D1039B78
:10F65C0002341A1D1B6843EAE37303920593DFF827
:10F66C00C8A0032221785046FFF761FD38B1A0EB0A
:10F67C000A004022049B013482401343049314F883
:10F68C00011B062229488DF82810FFF750FD002891
:10F69C003FD0274B1BBB039B073323F007030833D7
:10F6AC000393099B3B4409936AE70CFB02320C461B
:10F6BC000120A8E7002301344FF00A0C19460593EA
:10F6CC00204610F8012B303A092A03D9002BC6D05A
:10F6DC000591C4E70CFB012104460123F0E703ABC1
:10F6EC002A4604A930460093124BAFF3008007461C
:10F6FC00781CD6D16B6ED90705D4AB899A0502D488
:10F70C00A86DFFF713FDAB895B063FF51FAF09989A
:10F71C001EE703AB2A4604A930460093054B00F0C4
:10F72C007DF8E4E7740102107A0102107E010210E8
:10F73C0000000000EFF400102DE9F0471646984643
:10F74C008A6807460B690C46DDF820909342B8BFD7
:10F75C001346336091F843200AB1013333602368B8
:10F76C00990642BF336802333360256815F00605ED
:10F77C0006D104F1190AE36832689B1AAB422BDC00
:10F78C0094F843302268003B18BF0123920630D412
:10F79C0004F1430241463846C847013023D0236860
:10F7AC001A3454F80A2C03F00603042B0ABF54F83D
:10F7BC000E5C002533684FF0000608BFED1A54F8B4
:10F7CC00123C08BF25EAE5759342C4BF9B1AED189D
:10F7DC00B5421AD1002008E0012352464146384672
:10F7EC00C847013003D14FF0FF30BDE8F087013539
:10F7FC00C1E7E1185A1C30200233224481F843003F
:10F80C0094F8451082F84310C2E701232246414682
:10F81C003846C8470130E6D00136D9E72DE9FF4715
:10F82C000F7E914680460C46782F9A460C9E01F12D
:10F83C00430207D8622F0AD8002F00F0DD80582F22
:10F84C0000F0C38004F1420684F842703AE0A7F15C
:10F85C006303152BF6D801A151F823F0C1F8001061
:10F86C00D5F8001051F8001051F8001051F80010A4
:10F87C0051F80010D5F8001051F8001051F8001094
:10F88C0051F8001051F80010EBF9001063F900105A
:10F89C00A3F9001051F8001051F800100DFA0010E7
:10F8AC0051F8001063F9001051F8001051F80010D5
:10F8BC00ABF9001033681A1D1B68326004F1420664
:10F8CC0084F842300123A8E031682368081D3060B9
:10F8DC001E0601D50D6803E05D06FBD5B1F900509D
:10F8EC00002D616878DA2D200029A16084F843008E
:10F8FC002DDA6D425D480A231646B5FBF3F103FB86
:10F90C001157C75D06F8017D2F460D46BB42F4D951
:10F91C00082B0BD12368DF0708D52369616899424E
:10F92C00DEBF302306F8013C06F1FF36921B226144
:10F93C004B4603AA21464046CDF800A0FFF7FCFE3B
:10F94C0001306FD14FF0FF3004B0BDE8F08723F0E9
:10F95C0004032360CDE721683368080653F8045B81
:10F96C0002D4490648BFADB26F2F33603F4814BF75
:10F97C000A230823002184F843106668002EA66031
:10F98C00BADB216821F004012160002DB4D1002ED6
:10F99C00B2D11646BCE7236843F0200323607827D6
:10F9AC003348236884F845701F06316851F8045BAE
:10F9BC0002D45F0648BFADB23160D90744BF43F0F3
:10F9CC00200323601DB11023D4E72848E9E72368FE
:10F9DC0023F020032360F6E724480A23CDE733689D
:10F9EC002568181D616930602E061B6801D51960E9
:10F9FC0002E06806FBD5198000231646236197E7C1
:10FA0C00336800211A1D32601E6862683046FFF7A9
:10FA1C008EFB08B1801B606063682361002384F84F
:10FA2C00433085E72369324649464046D04701308A
:10FA3C0088D023689B0714D4E068039B9842B8BF16
:10FA4C00184681E70123324649464046D0470130EB
:10FA5C003FF478AF0135E36803995B1AAB42F1DCF4
:10FA6C00EAE7002504F11906F5E700BF850102104D
:10FA7C0096010210002310B504468360818119465B
:10FA8C004366C28108228361C0E90033C0E90433B4
:10FA9C005C30FFF7C9FA0D4B246263620C4BA36216
:10FAAC000C4BE3620C4B23630C4B9C4206D003F1D2
:10FABC006802944202D0D0339C4205D104F1580024
:10FACC00BDE81040FFF730BB10BD00BF05FC0010B7
:10FADC0027FC00105FFC001083FC0010D8FC0120F8
:10FAEC00024A0349034800F069B800BFF4F301204F
:10FAFC003FFF0010A8F3012041680C4B994210B550
:10FB0C00044601D000F015FAA168094B994202D0C5
:10FB1C00204600F00EFAE168064B994204D02046CC
:10FB2C00BDE8104000F005BA10BD00BFD8FC0120A4
:10FB3C0040FD0120A8FD012010B50B4B04210B4CFE
:10FB4C000B4A20461A600022FFF794FF04F168006C
:10FB5C0001220921FFF78EFF04F1D00002221221AD
:10FB6C00BDE81040FFF786BF10FE0120D8FC012035
:10FB7C00EDFA00100148FFF7D8BA00BFD5FC012000
:10FB8C000148FFF7D3BA00BFD5FC012010B50446DD
:10FB9C00FFF7F0FF236A1BB1BDE81040FFF7F0BF81
:10FBAC00044B2362044B1B68002BF5D1FFF7C4FFF9
:10FBBC00F2E700BF05FB001010FE01202DE9F84311
:10FBCC000746884614460026D4E90195B9F1010987
:10FBDC0005D52468002CF7D13046BDE8F883AB89F5
:10FBEC00012B07D9B5F90E30013303D0294638461D
:10FBFC00C04706436835E9E710B50C46B1F90E105D
:10FC0C0000F0F4F80028ABBF636DA3891B1823F434
:10FC1C008053ACBF6365A38110BD2DE9F0411F4635
:10FC2C008B8905460C46DB05164605D502230022BA
:10FC3C00B1F90E1000F0C8F8A3893246B4F90E10D1
:10FC4C00284623F48053A3813B46BDE8F04100F0E5
:10FC5C00DFB810B50C46B1F90E1000F0B5F8431C26
:10FC6C00A38915BF606523F4805343F48053A381AB
:10FC7C0018BFA38110BDB1F90E1000F095B8F8B5FE
:10FC8C000E461446054618B1036A0BB9FFF77EFF02
:10FC9C00A369A360A3891A0701D5236943B9214637
:10FCAC00284600F02BF818B14FF0FF373846F8BD56
:10FCBC002368F6B222693746981A6369834205DCD9
:10FCCC002146284600F035F90028EDD1A368013B08
:10FCDC00A36023685A1C22601E70431C62699A42FE
:10FCEC0004D0A389DB07E1D50A2EDFD121462846B3
:10FCFC0000F01FF90028D9D0D6E7000038B5294B01
:10FD0C0005460C46186818B1036A0BB9FFF73EFF9D
:10FD1C00B4F90C30190722D4DA0607D409222A6068
:10FD2C0043F040034FF0FF30A38133E0580712D566
:10FD3C00616B41B104F14403994202D02846FFF7AC
:10FD4C0011FA00236363A38923F02403A381002306
:10FD5C00636023692360A38943F00803A3812369AB
:10FD6C004BB9A38903F42073B3F5007F03D021466C
:10FD7C00284600F02BF9B4F90C3013F001020AD02C
:10FD8C000022A26062695242A261226942B913F058
:10FD9C008000C5D138BD990758BF6269A260F4E7ED
:10FDAC000020F7E7A4F3012038B50023054D0446E5
:10FDBC0008462B60F3F7AEFA431C02D12B6803B153
:10FDCC00236038BD14FE012038B50446064D0846A4
:10FDDC00114600222A601A46F3F7A0FA431C02D1FE
:10FDEC002B6803B1236038BD14FE012038B50446DE
:10FDFC00064D0846114600222A601A46F3F796FA79
:10FE0C00431C02D12B6803B1236038BD14FE0120C2
:10FE1C0038B50446064D0846114600222A601A469B
:10FE2C00F3F732FA431C02D12B6803B1236038BDBF
:10FE3C0014FE0120B1F90C20F8B5170705460C4645
:10FE4C0056D44B68002B02DC0B6C002B3DDDE66AB4
:10FE5C00002E3AD0002312F480522F68216A2B60B6
:10FE6C0025D0626DA389580705D56368D21A636BD8
:10FE7C000BB1236CD21A216A0023E66A2846B047DC
:10FE8C00411C24D00023636023692360A389DA0416
:10FE9C0000D56065616B2F60B9B104F144039942E0
:10FEAC0002D02846FFF75EF9002363630DE00123BF
:10FEBC002846B047461C0246D4D12B68002BD1D023
:10FECC001D2B01D0162B29D12F6000202DE02A6884
:10FEDC00B4F90C3042B11D2A01D0162A20D10023CE
:10FEEC00636023692360D5E7626022692260CEE7F4
:10FEFC000F69002FE9D093070E680F600CBF4B6998
:10FF0C000023F61B8B60002EDFDD33463A46216A58
:10FF1C002846D4F828C0E047002807DCB4F90C3098
:10FF2C0043F040034FF0FF30A381F8BD0744361A6D
:10FF3C00E9E738B50B6905460C4613B90025284688
:10FF4C0038BD18B1036A0BB9FFF720FEB4F90C30B9
:10FF5C00002BF3D0626ED00704D4990502D4A06DA7
:10FF6C00FFF7E3F828462146FFF764FF636E05466A
:10FF7C00DA07E4D4A3899B05E1D4A06DFFF7D6F88A
:10FF8C00DDE770B50C46B1F90E1096B01546002998
:10FF9C001E460CDAA389002113F0800F14BF4023F6
:10FFAC004FF48063002031602B6016B070BD6A4640
:10FFBC0000F048F80028EDDB019901F47041A1F53F
:10FFCC000053594259414FF48063EBE78B89F7B5E5
:10FFDC009D0706460C4607D504F1470323602361B1
:10FFEC000123636103B0F0BD01AB6A46FFF7C9FFA3
:04FFFC00009F054617
:020000041001E9
:1000000030463946FEF7A4FE48B9B4F90C309A05DB
:10001000EED423F0030343F00203A381E2E7A389B4
:10002000206043F08003A381019BC4E904075BB116
:10003000B4F90E10304600F01DF828B1A38923F062
:10004000030343F00103A381A3891D43A581CFE7E7
:1000500038B50023064D0446084611462B60F3F7D9
:1000600065F9431C02D12B6803B1236038BD00BF82
:1000700014FE012038B50023054D044608462B60C8
:10008000F3F74CF9431C02D12B6803B1236038BD50
:1000900014FE012038B50022002304460D46F2F775
:1000A0007DFC28B920462946BDE8384000F00AB852
:1000B000204605F1004100F005F8404261EB4101A6
:1000C00038BD00BFD0B500220B4B06460F46F2F7F5
:1000D000F3F9F3F737F80446F2F774F90022074B07
:1000E000F2F7EAF902460B4630463946F2F72CF8A9
:1000F000F3F728F82146D0BD0000F03D0000F041A4
:100100002DE9F04F099D0C46002B4DD18A420F4638
:1001100084469646B2FA82F360D94BB102FA03FEE6
:10012000C3F120029F4000FA03FC20FA02F21743B9
:100130004FEA1E461FFA8EF44FEA1C42B7FBF6F157
:1001400006FB117701FB04F042EA0742904208D90E
:100150001EEB020201F1FF3702D2904200F22D8124
:100160003946121A1FFA8CFCB2FBF6F006FB10227D
:1001700000FB04F44CEA024C644508D91EEB0C0C5D
:1001800000F1FF3202D2644500F21A81104640EAC3
:100190000140ACEB040C002125B12CFA03F3002242
:1001A000C5E90032BDE8F08F8B4205D90DB1C5E934
:1001B000000100210846F5E7B3FA83F100294DD18B
:1001C000A342C0F0F280904280F0EF8006462346C2
:1001D0000846002DE6D0C5E90063E3E7002B40F0B8
:1001E000A2808A1A4FEA1E471FFA8EF60121B2FB3F
:1001F000F7F407FB14204FEA1C4242EA004206FBD8
:1002000004F090420FD91EEB020204F1FF382CBF1C
:100210004FF001094FF00009904203D9B9F1000FE6
:1002200000F0C8804446121A1FFA8CFCB2FBF7F0AB
:1002300007FB102200FB06F64CEA024C664508D983
:100240001EEB0C0C00F1FF3202D2664500F2BB80BF
:100250001046ACEB060C40EA04409DE7C1F12006D5
:100260008B4004FA01FE22FA06F720FA06FCF4405D
:100270008A401F434EEA0C0300FA01FE4FEA17487A
:100280004FEA13491FFA87FCB4FBF8F008FB10444F
:1002900049EA044400FB0CF9A1450ED93C1900F1D0
:1002A000FF3A2CBF4FF0010B4FF0000BA14503D9D3
:1002B000BBF1000F00F093805046A4EB09041FFA35
:1002C00083F9B4FBF8F308FB134403FB0CFC49EA85
:1002D0000444A44506D93C1903F1FF3801D2A445D2
:1002E0007AD8434643EA0040A4EB0C04A0FB0298F2
:1002F0004445CC46434602D306D1CE4504D201380C
:10030000B9EB020C68EB07035DB1BEEB0C0264EBCA
:10031000030404FA06F622FA01F3CC401E43C5E9B1
:10032000006400213EE702FA03FEC3F1200104FA53
:1003300003F200FA03FCCC404FEA1E4720FA01F119
:100340001FFA8EF6B4FBF7F00A4307FB1044110CBA
:1003500041EA044100FB06F48C420ED91EEB010178
:1003600000F1FF382CBF4FF001094FF000098C421B
:1003700002D9B9F1000F2CD04046091B92B2B1FB53
:10038000F7F407FB141142EA014204FB06F1914223
:1003900007D91EEB020204F1FF3801D2914215D8B1
:1003A0004446521A44EA004121E7861A64EB0303EB
:1003B00001200EE7023C724435E702397244D0E670
:1003C000F4440238E3E6F444023842E7023C724463
:1003D000E7E702387144D0E7023B3C4482E7023849
:1003E0003C446AE7054A0346106810B103441360B1
:1003F0007047034803441360704700BF18FE012094
:1004000020FE0120FEE700BF5FF800F0F178000059
:100410005FF800F0714700005FF800F0D9C50000F8
:100420005FF800F011AD00005FF800F0AD80000053
:100430005FF800F0756000005FF800F05D9C000060
:100440005FF800F0B9C300005FF800F0455000000D
:100450005FF800F06DA800005FF800F0819A0000DE
:100460005FF800F0198500005FF800F059AE000059
:100470005FF800F011A200005FF800F039A800005A
:100480005FF800F08DAE00005FF800F0B1AB000047
:100490005FF800F025AE00005FF800F0C5820000B4
:1004A0005FF800F0099300005FF800F05980000049
:1004B0005FF800F0719600005FF800F0019B00000B
:1004C0005FF800F07D7900005FF800F0857A0000A9
:1004D0005FF800F0814700005FF800F07DAD00009C
:1004E0005FF800F0159500005FF800F055C90000B6
:1004F0005FF800F031F800005FF800F0358100008F
:100500005FF800F0158100005FF800F0E9AB000033
:100510005FF800F07DDF00005FF800F091A10000BF
:100520005FF800F079C100005FF800F0FDAD000059
:100530005FF800F065DE00005FF800F011C3000016
:100540005FF800F011A300005FF800F0295D0000E3
:100550005FF800F069AE00005FF800F00D87000062
:100560005FF800F01D8200005FF800F021930000AA
:100570005FF800F0C5C100005FF800F051A800006E
:100580005FF800F01D9900005FF800F0719700001F
:100590005FF800F02DA300005FF800F0A9AD0000A7
:1005A0005FF800F0655900005FF800F0D17A0000B4
:1005B0005FF800F021D700005FF800F021980000FC
:1005C0005FF800F0F19600005FF800F09D9C0000DD
:1005D0005FF800F061C300005FF800F0BDD60000D6
:1005E0005FF800F0759400005FF800F0559400008B
:1005F0005FF800F0215C00005FF800F05DA30000F0
:100600005FF800F07D9C00005FF800F0F9970000B3
:100610005FF800F0017201205FF800F09D98000083
:100620005FF800F079AE00005FF800F021AB000049
:100630000F000000A00F00000000000070747200A6
:10064000766F6964207B616E6F6E796D6F75737DF7
:100650003A3A65695F616C69676E65645F66726589
:100660006528766F69642A2900000000433A2F55F7
:10067000736572732F557365722F41707044617486
:10068000612F4C6F63616C2F41726D2F5061636BF2
:10069000732F45646765496D70756C73652F4549A7
:1006A0002D53444B2F312E39332E32362F6564674C
:1006B00065696D70756C73652F656467652D696D0F
:1006C00070756C73652D73646B2F636C61737369E4
:1006D000666965722F65695F616C69676E65645FE5
:1006E0006D616C6C6F632E68000000004552523AD9
:1006F000206F75747075742074656E736F722068E6
:1007000061732073697A652025642C2062757420DA
:10071000696E707574206D61747269782068617398
:10072000206861732073697A652025640A000000DF
:100730004552523A2043616E6E6F742068616E6458
:100740006C65206F757470757420747970652028DD
:100750002564290A000000006D65616E733A20006F
:10076000617869733A2025690A0000002566200037
:100770004552523A2043616E6E6F742068616E6418
:100780006C6520696E7075742074797065202825F9
:1007900064290A004552523A20696E7075742074BB
:1007A000656E736F72206861732073697A652025A6
:1007B000642062797465732C2062757420696E7090
:1007C0007574206D61747269782068617320686146
:1007D000732073697A652025642062797465730AD1
:1007E000000000004661696C656420746F20696ECA
:1007F000697469616C697A6520746865206D6F64DD
:10080000656C20286572726F7220636F64652025A5
:1008100064290A004552520025733A200000000066
:1008200041524D20434D534953204572726F723AE5
:1008300020256400252E3566000000002573000089
:1008400028616C69676E20262028616C69676E20BC
:100850002D20312929203D3D20300000766F69642C
:100860002A207B616E6F6E796D6F75737D3A3A6584
:10087000695F616C69676E65645F63616C6C6F630F
:100880002873697A655F742C2073697A655F7429AF
:1008900000000000477261797363616C65000000BD
:1008A0004552523A204661696C656420746F20722B
:1008B000756E204453502070726F636573732028E7
:1008C0002564290A0000000046656174757265732D
:1008D00020282564206D732E293A20002000000076
:1008E0004552523A204F7574206F66206D656D6FCA
:1008F00072792C2063616E277420616C6C6F636168
:1009000074652066656174757265730A0000000085
:100910004552523A204F7574206F66206D656D6F99
:1009200072792C2063616E277420616C6C6F636137
:100930007465206D61747269785F707472735B2581
:100940006C755D0A000000004552523A20576F75E1
:100950006C64207772697465206F7574736964655F
:100960002066656174757265206275666665720AD7
:1009700000000000494E464F00000000496D7075B0
:100980006C7365206D61696E7461696E7320737438
:100990006174652E2043616C6C2072756E5F636CB0
:1009A00061737369666965725F696E69742829206D
:1009B000746F207265736574207374617465202888
:1009C000652E672E206966206461746120737472DD
:1009D00065616D20697320696E74657272757074DB
:1009E00065642E290A00000052756E6E696E6720DC
:1009F000696D70756C73652E2E2E0A0059787561BD
:100A00006E000000597875616E2D5454530000003B
:100A1000496D70756C736520233100006163635804
:100A2000202B2061636359202B206163635A202BA4
:100A30002067797258202B2067797259202B206704
:100A400079725A00424300004250000042530000B5
:100A50004643000046500000465300006E6F6E652E
:100A6000000000000700000001000000000000007E
:100A700000000000BD3C00100000000074F00120E8
:100A80000700000007000000794500107CF00120FD
:100A9000000000009C0A0110010000000600000098
:100AA0000000000001000000DDE10010E9E400109A
:100AB00059E500101DE4001081E4001001042A2B08
:100AC0000E102F12130F0B1402112E29090A032DD9
:100AD000FFFF088028000804484008108800FFFF36
:100AE000FFFF080808880804FFFFFFFF0820080828
:100AF00008400000180010000801FFFFFFFF0880F9
:100B000028000804484008108800080808880804DD
:100B1000FFFFFFFF08200808084018001000080128
:100B2000FFFF0000088048400100000000000000B6
:100B300003000000020000000500000004000000A7
:100B40000700000006000000090000000800000087
:100B50000B0000000A00000003000000020000007B
:100B60000100000000000000070000000600000077
:100B700005000000040000000B0000000A00000057
:100B8000090000000800000003000000020000004F
:100B90000100000000000000070000000600000047
:100BA00005000000040000000B0000000A00000027
:100BB00009000000080000000D0000000C0000000B
:100BC0000001000000000000000000000000000024
:100BD000000500000005000000050001000500FF01
:100BE000FFF70005000500050005000500050005EC
:100BF0008000800040004000200020001000100015
:100C000008000800040004000200020001000100C6
:100C100000800080004000400020002000100010F4
:100C200000080008000400040002000200010001A6
:100C30000000038400009C4000000000040000004D
:100C400036666666000F0000135C28F60CF5C28F4E
:100C5000000000000000000000000000FFF8003865
:100C600009EDD1E8000068000001FFC700000000A6
:100C7000000000000147AE143EB851EC000F000028
:100C80000000000000000000000000000000000064
:100C90000000000000000000000000000000000054
:100CA0004000000000000000000000000000000004
:100CB00040000000000000000000000000000000F4
:100CC00040000000000000000000010000010C00D6
:100CD0000000000000000000000000000000000014
:100CE0000000000000000000155555550AAAAAAAE8
:100CF00000000000000000E100000001000600010B
:100D000000000000000000000048D1593FB72EA7A6
:100D100002000000000000000000000000000000D1
:100D20008E170007000000000000000000000320F4
:100D300040000000000000007FFF0000000521E9E6
:100D40004000000000000000000000000000000063
:100D5000003E033000000000000000000000000022
:100D60000000000200000000000000000000000081
:100D70000000000000000000000000000000000073
:100D80000000000000000000000000000000000063
:100D900000000000000000000000000060000000F3
:100DA0000000000000000000000000000000000043
:100DB0000000000000000000000000000000000033
:100DC00000000000000000004000000000000000E3
:100DD0000000000000000000000000000000000013
:100DE00000000000000000010003000A012B4AEE91
:100DF0000654AD11E3075C15362BD026D08C49A4E0
:100E00000654AD111E0BB55538EE175031363F0361
:100E100000000000000000000000000000000000D2
:100E200000000000000000000000000000000000C2
:100E30000000000100000000000000010000800030
:100E4000000000000000000000070000000E3575E3
:100E50000000000000000000000700100096003CA9
:100E60000000000000000000000000000000000082
:100E70000D72AA29C93D6C4E55164C7FC442749719
:100E80000000000000000000000000000000000062
:100E9000000000001000000000000000000000083A
:100EA0000000000000000000000000000000000042
:100EB000000000100000003D0000000000000000E5
:100EC00000000000000000000020318815E3A3406E
:100ED0000000000000000000000000000000000012
:100EE0000E704B8CC50A92BE5A9691D2C1EEE70D98
:100EF00000000000000000000000000000070002E9
:100F000000000014002D00000000000000000000A0
:100F100000000000000000000000000000000000D1
:100F200000000000000000000000000000000000C1
:100F3000000000A3000000020000003A03E80000E7
:100F400000000000000000000000000000000000A1
:100F50000000000000000000000000260000000269
:100F60000000000000000000000000000000000081
:100F70000000000000000000000000033FC1A7685F
:100F80004000000000000000000000000000000021
:100F90000000000000000000333333330CCCCCCD14
:100FA00000FFFF000000000000000000000001182A
:100FB00000000000FFFFFFFF000000001000000025
:100FC0000000000000000000000000000000000021
:100FD000000000010000000000000000000000030D
:100FE0000000000000000000100000006487ED51C8
:100FF000000000000000000000000000000000648D
:10100000000000000000000040000000011DF46A24
:1010100000000000000000000000000000000000D0
:10102000000200000008000000007FFF0000200018
:1010300000009C400CCCCCCD0000078000020000DA
:1010400000000000000000003EB851EC0147AE1463
:101050000000015E000000006000000000000000D1
:101060000000800000000000000080000010000070
:10107000000061A800000010000001000000100046
:101080000001000004000000004000000004000017
:10109000000000000000200000002EE000064000DC
:1010A000000000010000000000000000000000003F
:1010B000020000000000000000000000000000002E
:1010C00000000000000000004000000000000001DF
:1010D00003FFFFFF00000000000000000000000010
:1010E0003333333300000000000000000000000034
:1010F0000CCCCCCD0000000000000000000000007F
:101100000000009D00000000000000000000000042
:1011100000010000000100000000000000000007C6
:1011200000000000000000000000000000000000BF
:1011300000000000000000000000000000000000AF
:10114000000000010000000000000000000000009E
:1011500000320000003200000032000000320000C7
:10116000000000000000000000000000000000007F
:10117000000000000000000000000000000000006F
:10118000000000000000000000000000000000005F
:10119000000000000000000000000000000000004F
:1011A000000000000000000000000000000000003F
:1011B0000032000000320000003200000032000067
:1011C000000000000000000000000000000000001F
:1011D000000000000000000000000000000000000F
:1011E00000000000000000000000000000000000FF
:1011F00000000010000000000000000001491B7505
:1012000000000010000000000000064000000CCDAF
:1012100000010000000000000000000000000000CD
:1012200000000000000000000000000000000000BE
:101230000000500000000001000016000000004601
:10124000000100000000000000000000000000009D
:10125000000100000000000000000000000000008D
:10126000000000000000000000000000000000007E
:10127000008000000080000000800000008000006E
:10128000000000000000000000000000000000005E
:10129000000000000000000000000000000000004E
:1012A000000000000000000000000000000000003E
:1012B000000000000000000000000000000000002E
:1012C000000000000000000000000000000000001E
:1012D000000000000000000000000000000100010C
:1012E0000000000000000000000000000001D4C069
:1012F0000000000000000002008000000000013C2F
:1013000000000000000000000000000000000000DD
:1013100001000000000000000000000000000000CC
:1013200000000000000000000000000000000000BD
:1013300000000000000000000000000000000000AD
:10134000000000000000000000000000000000009D
:10135000000000000000000000000000000000008D
:101360000000002800003A98000002000000014E32
:10137000000000000000000000000000000000006D
:101380000000000000000000000000000000040059
:10139000000000000000000000000000000000004D
:1013A00000000000000000000147AE144E400000A5
:1013B00000000000000000000000000C0000200001
:1013C000000000000000000000000000000000001D
:1013D00000010000000000000000000000000D06F9
:1013E00000000000000000000000000000000000FD
:1013F00000000000000000000000000000000000ED
:101400000000000100000000100000000000271094
:10141000000000004A402000000000000000000022
:101420000000000000000ED800000118000007D0E6
:1014300000000000000000000000000000000000AC
:101440000000000000000000000000000000271065
:101450000000000000000000000000000006131B58
:10146000000BB800003CBF0F0055CE7500002710E0
:1014700005B05B053A4FA4FA000000000000000030
:1014800000000000000000000000003C0000003CE4
:10149000000000000000005A001D208A00619369CE
:1014A0000000013C00004DF00055CE7500000276B2
:1014B00006666666399999991000000030000000B0
:1014C000000000000CCCCCCC33333333000E9045FD
:1014D0000000000001D41D413E2BE2BF3FF16FBB75
:1014E00000000000000000000393870001249249DF
:1014F00000000000000013880098968008583B0008
:101500002000000000000EAF000017700000000176
:10151000200000000000005000000000000000015A
:1015200000000000000000000000000000000000BB
:101530000000000000000000004000000004000067
:101540003F8000000080000000333333001CFA7736
:101550000C6D39E6CB6FDAA653CFD397C4537446DC
:10156000000000000000000000000000000000007B
:10157000000000000000000000000000000000006B
:10158000000000000000000000000000000000005B
:10159000000000000000000000000000000000004B
:1015A000000000000000000000000000000000003B
:1015B000000000000000000000000000000000002B
:1015C000000000000000000000DA740E3F258BF2DE
:1015D000000000000000000000000000000000000B
:1015E00020000000000000000000000000000000DB
:1015F00000000000000000000000000000000000EB
:1016000000000000000000000000000100001D4C70
:10161000000000000000000038000000080000008A
:1016200000000000000000000000000000000000BA
:10163000200000003E2BE2BF3E147AE230000000A2
:10164000000000000000000000001388000007D028
:10165000000000000000000000000000000000008A
:101660000000000000000000000013883C23EC8410
:101670002000000001D41D4101EB851E1000000078
:10168000000000010000138800000000346CFCB270
:10169000000000000000000000000000000000004A
:1016A000000000000000000000000000000000003A
:1016B000000000000000000000000000000000002A
:1016C000000000000000000000000000000000100A
:1016D0000000177000001388000023280000002677
:1016E0000000002F0000000040000000000009C4BE
:1016F000000000000000002301EB851E3E147AE28A
:10170000000000000000002D022222223DDDDDDE6F
:101710000000000000000000000024B83DD1BA8E97
:1017200000000000000000000000000000000000B9
:101730000000000000000000000083D6000083D6F7
:1017400000000000000000000000000E000000216A
:10175000002000000030FCF940000000000A80007A
:1017600000800000000000000000000000000000F9
:101770000000000000000000000000000000000069
:101780000000000000000000000000000000000059
:101790000000000000000000000000020000000A3D
:1017A000000000000000000000333333000C000094
:1017B0000000000000000000002031880007000049
:1017C000000000000000000000000000F0DE9AF8B9
:1017D0000000000000000000000000000F90B28335
:1017E00000000000000000000000000008000000F1
:1017F000000000000000000000000000F7218CD570
:101800000000000000000000000000000C6F39958F
:1018100000000000000000000000000000000000C8
:1018200000000000000000000000000000000000B8
:101830004000000000000000000000000000000068
:101840004000000000000000000000000000000058
:101850004000000000000000000000000000000048
:101860000000000000000000000000000000000078
:101870000000000000000000000000000000000068
:101880000000000000000000000000000000000058
:101890000000000000000000000000000000080040
:1018A0000053440000534400019A0000019A0000D4
:1018B0000000054600000546000000150000001964
:1018C000000002580000025800000012000000034F
:1018D00000000032000000960000012C000000967D
:1018E00000CF50A400CF50A40135D0A40135D0A41E
:1018F00000000000000000000002800000018000E5
:10190000000C8000000C800000000000000080003F
:10191000000C80000000000000000000000000003B
:1019200000000000000000000000000000000000B7
:1019300000000000000000000000000004000000A3
:101940004000000000000000000000000000000057
:10195000017BAB50012DB648000016AC002282601E
:101960000000118B044CCCB0000000140000168164
:101970000278FEE003943AB00010B4900000032A0D
:10198000000025F60000000000000000200010000C
:101990000852DF89058C950601632541600000002F
:1019A0000000000000000000000000000000000037
:1019B000007B476902E5DBAE06F1857807DFAB887F
:1019C0000000000000000000000000000000000017
:1019D0000000000000000000000000000000000007
:1019E00000000000000000000000000000000000F7
:1019F00000000000000000000000000000000000E7
:101A000000000000000000000000000000000000D6
:101A100000000000000000000000000000000000C6
:101A200000000000000000000000000000000000B6
:101A300000000000000000000000000A000000009C
:101A400000000000020000000000FE4C000000004A
:101A50000000000000000000000000030866666649
:101A600000000000000000000399999A0066666675
:101A7000000001F4000000010000000A0000001E48
:101A80000200000000000000066666660004D45EE6
:101A90000000000000000004000000280000001EFC
:101AA0000000000000000000006666660000000004
:101AB000000000020000000000000096000000008E
:101AC00000000000FFFFFFF8000000000000000021
:101AD0000000000000000000000000000000000006
:101AE00000000000000000000000000000000000F6
:101AF00000000000000000000000000000000000E6
:101B000000000000000000000000000000000000D5
:101B100000000000000000000000000000000000C5
:101B200000000000000000000000000000000000B5
:101B3000D8DCB8B0B4F3AAF8F9D1D9889AF8F73E4E
:101B4000D8F38A9AA731D1D9F41036D8F39F39F94E
:101B5000D1D9F41036D8F38F9F0897608A21D1D954
:101B6000F41036DAF1FFD8F1BEBEBCBCBDBDBAB2CE
:101B7000B6A080903218BEBEBCBCBDBDB8B0B4A487
:101B8000DFA5DEF3A8DED0DFA4849F24F2A9F8F954
:101B9000D1DADEA8DEDFDFDFD8F4B18DF3A8D0B074
:101BA000B48FF4B9AFD0C7BEBEB8AED0F39F75B294
:101BB00086F4BEBEB9AFD0C3F1BEB8B0A3DEDFDFDE
:101BC000DFF2A381C080CDC7CFBCBDB4F1A38D939C
:101BD00020FD3F886E767E8D93BEA220FD31A02C25
:101BE000FD3234FD323CFD32BEB9AC8D20B8BEBEF4
:101BF000BCA2869D08FD0FBCBCBCA3829301A98337
:101C00009E0E161EBEBEBEBCA58B992C547CBCBCC1
:101C10008593BAA52D557DB8A59D2CFD374CFD3774
:101C20006CFD37F5A5859F345474BDBDBDB1B6BA02
:101C30008395A5F10E161EB2A785952AF0507887D8
:101C400093F101DAA5DFDFDFD8A4DFDFDFB080F2B8
:101C5000A4C3CBC5F1B18E94A40E161EB286BEA04D
:101C60002C343CBDBDB496B8A12C343CBDBDB6945B
:101C7000BEA62CFD3534FD353CFD35BCB28E94B886
:101C8000BEBEA62D557DBAA42D557DB8B0B4A68F85
:101C9000962E363EBCBCBCBDA6869FF5345474BCA3
:101CA000BEF190FCC300D9F411DFD8F3A0DFF1BC82
:101CB0008691A92D557DBCBCBCA98090FC5100101B
:101CC000FC510010FC510010FCC104D9F2A0DFF45B
:101CD00011DFD8F6A0FA809038F3DEDAF8F411DFDD
:101CE000D8F1BD95FCC104D9BDBDBDF411DFD8F656
:101CF000BCBCBCBDBDBEBEBEB5A784921AF8F9D1AE
:101D0000DB8493F76AB68796F309FFDABCBDBED8C9
:101D1000F1BCBCBCF6B082B497B8A902F702F1BC22
:101D20008999A704FD37A8DF8798A7FC3D0050F8E4
:101D3000F9D1D9A8DFF9D8F6BCBCBCBDBDBDBEBECB
:101D4000BEB7A7819A0BB4879F1AF8F9D1BB81AAB5
:101D5000C1D9F41247D8F6B8A71AF9D9F41247D85E
:101D60008AF3BBAAC0C3B3AA8A9D1AFD1EB79A08FC
:101D7000B8B0B4A5859D00D8F3B9B2A980CDF2C49E
:101D8000C5BAF3A0D0DEB1B4F7A7899172899147A3
:101D9000B6974AB9F2A9D0FAF9D1D9F41275D8F3A5
:101DA000BAA7F9DBFBD9F1B9B081A9C3F2C5F3BA7F
:101DB000A0D0F8D8F1B189A7DFDFDFF2A7C3CBC588
:101DC000F1B287B8BEBEBEABC2C5C7BEB5B997A596
:101DD00022F048703C98406834589960F1BCB38E4A
:101DE00095AA254D75BCBCBCB8B0B4A7889FF75A5E
:101DF000F9DAF3A8F8889DD07CD8F7A7889F52F924
:101E0000DAF3A8889CD0DF606870789D606870788D
:101E10009E70789F70D8F7A7889F42F9BAA0D0F338
:101E2000D9DED8F8F9D1B8DAA8889ED064689F6066
:101E3000D8A88498D0F77EF1B2B6BA8591A7F47588
:101E4000A8F475C0F18491A7F475A8F0A2870D20BD
:101E5000597015384069A4F162F0193148B8B1B42D
:101E6000F1A680C6F4B081F3A7C6B18F97F702F947
:101E7000DAF4137FD8B0F7A7889F52F9D9F4137812
:101E8000D8F1B2B6A682922AF050FD08F1A7849448
:101E900002FD08B0B4869700B1BAA78161D9F413E6
:101EA00097D8F141DAF41397D8F1B8B2A682C0D826
:101EB000F1B0B68692A716FD040FFD04BA8791A76C
:101EC000F475B6B2F475C0D8F1BEBEBEBDBDBDB22C
:101ED000BA84A7C3C5C7B2BCBCBCB68791AFF47502
:101EE000A8A08FF10BF020597015384069641931A2
:101EF00048F18090AF6EFD0467FD048F91A7F475E3
:101F0000B6F475C0F1BEBCBDF7BEB0B4BA889EA32E
:101F10006A9F66F0B1B5B98A9AA22C5078B2B98A94
:101F2000AFC0C3C5C789ADD0C4C783A1C2C5BABC41
:101F3000BCBCB281A2C0C3C5C7BCBCBDF4749CF319
:101F4000BAA3FAF9D1D9F41433D874ADBEBEBEBA6F
:101F5000B182A3D0C7A9D08DC4C7A381C1C3F3A642
:101F60008DC2BED8F1BEBEBEBAB1AA8FC0C3C5C7AE
:101F7000BEBCBCBCB2B988AFC0C3C5C780ADD0C001
:101F8000C389A1C0C3BA81A2C0C3C5C7BCF4749C35
:101F9000F3BAA3F8F9D1D9F41484D874ADBEBEBE97
:101FA000B8B182A7D0C7BAA08DC4C7A981C0C3F3F6
:101FB000A58DC2BED8F1BEBEBEBAB1A88FC0C3C582
:101FC000C7BEF3BAB2B6A3839308F9D9F41502D801
:101FD000F0B8B0A3859404285078F1B4849369D9FB
:101FE000B6A58D94202C343CB4A4DEDFF8F414CCD8
:101FF000D8F1A4F8A3849441D9A4DFF8D8F194FCD3
:10200000C104D9A4FBA386C0B1829E06FD1EA68191
:10201000964293F068B0A3F1839601F5839300A6EE
:102020008696F0348318F1A18D68A3819BDB198B10
:10203000A1C6D8F1BEBEBEBCBCBCBDBDBDD8F7B844
:10204000B4B0A79D8872F9BCBDBED9F417A1D8F26F
:10205000B8ADF8F9D1DADEBAA1DEAEDEF8D8B281D9
:10206000BEBEB9AFD0C1BCBCBDBDB1B4F1AC8C92E9
:102070000A18B5AF8C9D41DB9C118EADC0BEBEBAB7
:10208000AEC3C5C78DA8C6C7C7C7A6DEDFDFDFA53D
:10209000D0DEDFBEBED8B9ACDFAF8D9C11D98CC508
:1020A000DAC1D8AF8F21F59F00F18C9C45D98FAC58
:1020B000C1D8F2AFDFF8F8DFF8F8F8AF8F9F59D149
:1020C000DBF18C9C31F28FAFD0C3D8AF8F9F39D169
:1020D000DBF18C9C69F28FAFD0C5D88FBEBEBAA1A0
:1020E000C6BCBCBDBDF2B1B5B9AEF9DAF41774D84F
:1020F000F28EC2F1B2809AF5AF24D9F41774D8F5F4
:1021000044D9F41774D8F564D9F41774D8F1B1B67A
:102110008B90AF2D557DB58C9FAD0E161E8B9DAB54
:102120002C547C8D9FAA2E567E8A9CAA2C547C9B74
:10213000AC264666AF8D9D009C0DDB118F19F41601
:1021400014D81774D8F1B281B690AF2D557DB18FE8
:10215000B59FAFF52C547CF1B28C9FAD6DDB7179DE
:10216000F41642D8F3BAA1DEF8F180A1C3C5C7F4D2
:102170001651D8F3B6BA91FCC028DAA1F8D9F417F1
:1021800074D8F3B9AEF8F9D1D9F8F41774D8F1BA14
:10219000B1B5A08B933E5E7EAB83C0C5B2B6A387BC
:1021A000C0C3C5C7A288C0C3C5C7A486C0C3C5C7AE
:1021B000A585C4C7AC8DC0BEBEBCBCBDBDB9B1B5E4
:1021C000ADD0DEAF8C9C41D9F416C0D8F1F8F9D16E
:1021D000D9F416D9D8F1AF8D9C31DA8CC5D9C3D8D2
:1021E000AF8F21F59F00F1ADD0B0829F02F416D9D8
:1021F000D8F1AF8D9C31D98CC5DAC3D8AF8F21F51A
:102200009F00F1ADD0B0839F02D8F1B18CADC1BEBB
:10221000BEBDBDBAB6AC8D9C40BCBCB2A0DEF8F869
:10222000F8F8F8FD0FF5AF8898002C547CF1AF80DA
:102230009F01DB091119F41713D8F2A1F8F9D1DACB
:10224000F1ACDED8F3AEDEF8F41A8ED8F1A783C075
:10225000C3C5C7A882C0C3C5C7A684C0C3C5C7A518
:1022600085D0C0C38D9DAF39D9F41774D8F183B52B
:102270009EAE34FD0A54FD0A74FD0AF2A1DEF8F8A0
:10228000F8F1BEBEBCBCBDBDB9B1B58CADC0AF9C94
:1022900011D9AEC0BCBCB28EC3C5C7BCBCD8BEBE13
:1022A000BCBCBDBDD8F2BAB2B5AF819701D1B9A758
:1022B000C0DAF4178CD8F2BAAEF8F9D1DAF3BEBEB0
:1022C000BEBCBCBCBDBDBDB8B0B4A5859C08BEBC81
:1022D000BDD8F7BCBCBCBDBDBDBBB4B0AF9E8862B1
:1022E000F9BCBDD9F419E7D8F1BCBCBCB185BAB50D
:1022F000A098062646BCB9B3B6F1AF81902D557DA6
:10230000B1B5AF8F9FF52C547CF1BBAF869F69DBD5
:102310007179DAF3A0DFF8F1A1DEF2F8D8B3B7F102
:102320008C9BAF19D9ACDEF3A0DFF8D8AF809069F1
:10233000D9A0FAF1B280A1C3C5C7F2A0D0DFF8F4EA
:1023400019D1D8F2A0D0DFF1BCBCBCB1AD8A9E26B9
:102350004666BCB3F3A2DEF8F41A17D8F1AA8DC111
:10236000F2A1F8F9D1DAF4185CD8F1AF8A9A218F8A
:1023700090F510DAF4185CD8F191FCC004D9F41887
:10238000A3D8F3A1DEF8A0DFF8F419D1F391FCC0D3
:1023900007D9F418A3D8F1AFB1849C01B3B58097E5
:1023A000DBF321B9A7D9F8F418A3D8F3B9A7DEF85D
:1023B000BBF1A387C0C3C5C7A488C0C3C5C7A589CF
:1023C000C0C3C5C7A686C4C7A182C3C5C7F3A1DE63
:1023D000F419E7D8F1BBB3B7A1F8F9D1DAF2A0D07C
:1023E000DFF8D8F1B9B1B6A887902D557DF5B5A81D
:1023F00088982C547CF1AF869829DB3139F419E7A1
:10240000D8F1B3B6A78A904C545CBAA081902D55F0
:102410007DBBF2A2F8F9D1DADEF419E7D8F1BAB04F
:10242000AB8FC0C7B3A383C0C3C5C7A284C0C3C595
:10243000C7A485C0C3C5C7A586C0C3AC8CC2F3AE54
:10244000DEF8F8F41A8ED8F1B2BBA383C0C3C5C7B7
:10245000A482C0C3C5C7A584C0C3C5C7A685C0C361
:10246000AC8CC4B3B7AF859556FD0F869606FD0FAD
:10247000F0849FAF4C70FD0FF186962EFD0F849F68
:1024800072FD0FDFAF2C547CAF8C69DB71798B9CB4
:1024900061F41967DA19E7D8F1AB839128FD055487
:1024A000FD057CFD05B8BDBDBDB5A38B95052D55BE
:1024B000BDB4BBAD8E930E161EB7F3A2DEF8F8F4D2
:1024C0001A17D8F2A1F8F9D1D9F1AF8D9A01F58F89
:1024D00090DB00F419E7DAF1AA8DC0AE8BC1C3C559
:1024E000A1DEA783C0C3C5C7A884C0C3C5C7A985CB
:1024F000C0C3C5C7A686D0C0C3A281C3C5C7F419CF
:10250000E7F1BBB3A3DEDFDFDFA48CC4C5C5C5A57F
:10251000DEDFDFDFA6DEDFD8F3B9AEDFBAAEDEBBCB
:10252000A2DEBEBCB3BDB7AF8E9C01D1ACC0D9AEEC
:10253000DED8F1B183B9A7D0C4B8AEDEBEBEBEBB93
:10254000BCBCBCB3BDBDBDD8F3A2F8F9D1D9F41A57
:102550008CD8F5AD8D9D2C547CF1AF49DAC3C5D92B
:10256000C5C3D8AF9F69D0DAC7D98FC38DAFC7D8DD
:10257000B9A98F9FF05478F1FD0FA6B189C2B3AF0E
:102580008F9F2EFD11B1B5A9899F2CF3AEDFF8F80E
:10259000F41C43D8F1AD869906FD10DFF8FD0FADB0
:1025A0008D9D4CBBB3AD8F9D2AFD0FB792FCC0042F
:1025B000D9F4182BD8FCC008D9F41992D8F1D8F363
:1025C000BAB2B6AEF8F9D1D9F41C41D8F1AFDEF900
:1025D000FD0F80902C547CA02AF05078FD0FF1A2C2
:1025E000829C00244464A98F94F004FD0F0C30FDFC
:1025F0000F1C952048FD0FF199C12C547CAA82999B
:1026000002FD0F2EFD0F56FD0F7EFD0FAC839FF0D8
:1026100004285078FD0F8C90F121F58C9C2CF1AFA3
:10262000DEF189AF9FFCC000D9C18AC182C1D8FC4C
:10263000C004D9C38AC382C3D8FCC008D9C58AC51F
:1026400082C5D8FCC00CD9C78AC782C7D8FCC010C5
:10265000D9F41BFBD8F18BABD0C09F2EFD0FA0DEB1
:10266000ABD09065A08F9F4AFD0FAB8B9000B9A9AE
:10267000C1F3AEDFF8F41C43D8F1BAB1B689ABC1EF
:10268000B2AFD08B9F3EFD0F5AFD0F9FFCC000D90B
:10269000F18FA2C6D8FCC004D98FA2C784ABD0C02A
:1026A000AF8A9B1EFD0F36FD0FA48F30AA9A40D82B
:1026B0009FFCC008D98FA2D0C684ABD0C2AF8A9B82
:1026C0001EFD0F56FD0FA48F34AA9A4084ABD0C4D0
:1026D000AF8A9B3EFD0F56FD0FA4D08F30AA9A4CB7
:1026E000D89FFCC00CD98FA2D0C784ABD0C6AF8A0C
:1026F0009B1EFD0F76FD0FA4D08F34AA9A4085ABA8
:10270000D0C0AF8A9B3EFD0F76FD0FA58F30AA9AF1
:102710004C85ABD0C2AF8A9B5EFD0F76FD0FA58FB7
:1027200034AAD09A50D8AFF8F41AF1F1D88B9CAFF4
:102730002AFD0F8A9FB9AF02FD0F26FD0F46FD0F40
:1027400066FD0F83B59FBAA3002C547CB68292A07D
:1027500031D9ADC3DAADC5D88DA039DA82ADC7D8CD
:10276000F39EFCC004D9F4171BD8FCC008D9F41997
:1027700016D8F1D8F1B9B1B5A9DEF88999AF31D938
:10278000F41C97D8F185AF29D984A9C2D885AF495F
:10279000D984A9C4D885AF69D984A9C6D889AF39E5
:1027A000DA8EA950F41C97D8F189AA7CFD029A68A8
:1027B000D8F1AAFBDA8999AF26FD0F8F9525899F5D
:1027C000A912FD0FF41C80D8F39EFCC104D9F41BA0
:1027D00048D8FCC108D9F41A63D8F1BEBCBCBCBD52
:1027E000F3B8B4B08FA8C0F9AC8497F51AF1F8F932
:1027F000D1DAA8DED895FCC103D9A8DED8BCBCF1DB
:1028000098FCC01CDB95FCC003A5DEA4DED8AC8818
:102810009500D1D9A5F8D8A4FC80048895A4FC081B
:102820000420F7BCBCBDBDB5AC849FF602F8F9D15D
:10283000DB8493F76AF9D9F3BCBCA8889218BCBCB6
:10284000D8BCBCB4A8889E08F4BEBEA1D0BCBCF75E
:10285000BEBEB5AC84936AF9BDBDB4D9F2AC8C9759
:1028600018F6849C02F8F9DBD1F1A5DFD8F7BEBEDB
:10287000BDBDA79D887AF9D9F41EE1D8F1BEBEACE2
:10288000DEDFAC889FF75A56F1BCBCBDBD95FCC0DD
:1028900007DAF41E7CD8F1FCC000DB9CFCC100F41C
:1028A0001EA1D8F1AC95FCC008DAF41DBED8F182A7
:1028B00090792D55F58C9C04AC2C54F1BCBCBC809B
:1028C0005DDB4951F4BC1D9CDABC1E78D8F58698B6
:1028D00038D9F182902DD8ACD08698F55CD9F182A8
:1028E0009055D8AC8C9C0000A5DFF8F41DC9D8F138
:1028F00082962D557D8C9C3418F1AC95F51CD9F43D
:102900001E78D8F1AC839045D9A0F8AC8C9C06D247
:10291000A191002C81D6F0A1D08C9C28D387D4A77C
:102920008C20D3F1A484902C547CD8AC839045D9CE
:10293000F41EA1D8F1AC819102FD148566FD1D88BD
:102940004EFD1B87D4FD54AD8D4EF0819CABD6FD62
:10295000068D318C101001010139AC8B98F508D926
:10296000F41E78D8F1A982960195FCC100DAF41E14
:1029700050DBF1AC8993F518F1A5DFF8D8F41E7C93
:10298000D8F1A4849534FD0554FD0574FD05A99482
:10299000F52C547CF1AC879949DB515984ABC3C504
:1029A000C782A6C0F3AADFF8D8F1A5DFD8F1A0DE70
:1029B000A1DEDFDFDFA7DEDFA4DFDFDFA295FCC063
:1029C00001D980C3C5C7A883C1DA86C3C5C7A88398
:1029D000C3D8F19AFCC104D9AC829601F3AADEF8FF
:1029E000F8F8DBF5AC8C9A18F3AAF9D8AC8A9A41BE
:1029F000D1AAD0C0D9F2AC859A41DBD1BCBCBDBD57
:102A0000BEBEF41EE1D8F3BCBCBDBDBEBEA5859C58
:102A100010D8F1B8B0B4A7889EF77AF9D9F4201885
:102A2000D8F1BEBEBEBBA2F9DABEF42018D8F1BC04
:102A3000BCBCB380C6AFDED0DFBCB284BDBDBDB709
:102A40009FA060BCBCBCB38590AF019F468FA20E17
:102A50008592AFD0299F52A50834A0FB8695AF2957
:102A6000DAA6DEF41F4CD8F1A0FAF9DAA6DEF41FDC
:102A70004CD8F1A6F896AF19D9A3DEF8D8F1859411
:102A8000AF31D9A3DEF8F880A0C5D88596AF31D98B
:102A9000A3DEF8F8F880A5C086C3D8A8DFA1DE853C
:102AA00091AF0C0DF58F9FAF2C54F197FCC004DB58
:102AB0008FAF51A8DFF8D898FCC008D9F41FB4D85C
:102AC000F1FCC00CD9F41FDDD8F193FCC009D9A4E6
:102AD000DEA8DEF8F8D8FCC004D985A1C1A7DEF8CD
:102AE000D8F41FF6D8F1A4F88291AF31DB9F719230
:102AF00041A7DED88494AF19D9A8DEF8F8F8A3DF8F
:102B0000D893FCC00AD9A8DEF8D8F41FF6D8F1A4EF
:102B1000F8A3FAF9D1DB8894AF4188A1C2D893FC1D
:102B2000C00AD9A8DEF8D8F191FCC004D9A7FAA34D
:102B3000FAAFD0DFF8F8D8AFD0FAF9D1B0BCB4BD55
:102B4000B8BEDAF3A5859D08D8F1F1A7DEF7849F1A
:102B50006A87F1D4FD3EF9D9F42048D8F0F7A78868
:102B60009F52F9D9F42048D8F2BBA0F9DAF42048F2
:102B7000D8F2B380C4F475DCD8F0B1B5BA8A9AA79C
:102B8000F02C5078F2A5DEF8F8F1B5B2A7879021C5
:102B9000DBB6B1809729D9F2A5F8D8BBB2B6BEA1F1
:102BA000F8F9D1BEBEBEBADAA5DED8A7829565D146
:102BB00085A2D0C1D9B5A7869331DBD1F42098D8AE
:102BC000F3B8B0B4A5859C18D8F1BAB2B68196A175
:102BD000F8F9B9A6DAC3C5C7D92D4D6DD8BA8AAAF6
:102BE000F8F9B9AEDAC3C5C7D92D4D6DD8BA88A8E2
:102BF000F8F9A7DAC3C5C7D92D4D6DD8F2B0B9A37E
:102C0000FAF9D1DAB88FA7C0F9B58793F60AF2B40A
:102C1000A4849724A4849E3CD8F3BEBEBBAEF8F92E
:102C2000D1BEBEB0B4B8DAA5859E00D8F1BCBCBD9B
:102C3000BD8E9EA759D1BCBCBDBDDA859EA508D866
:102C4000F1BCBC8EBEBEAED0C5BCBCBEBEF7B9B07A
:102C5000B5A688955AF9DAF1ABF8D8B8B4F398FC70
:102C6000C004DAF42186D8F2A9D0F8899BA751D9FB
:102C7000A9D0DEA4849E2CD8A8FA889AA729D9A81E
:102C8000DFA4849D34D8A8D0F8889AA751D9A8D0B9
:102C9000DEA4849D2CD8A8D0FA889AA779D9A8D088
:102CA000DFA4849D24D8F3A9D0F8899BA751D9A982
:102CB000D0DEA4849C2CD8F7A7889F52F9D9F421A0
:102CC000B6D8F1B9A2FAF3B8A9D0FA899BA779D9F5
:102CD000A9D0DFA4849C24D8F2A8F8889AA701D9A7
:102CE000A8DEA4849D3CD8F7A7889F42F9D9F42197
:102CF000FDD8F3A9F8899BA701D9A9DEA4849C3C3F
:102D0000D8A9FA899BA729D9A9DFA4849C34D8F231
:102D1000A9FA899BA729D9A9DFA4849E34D8A9D070
:102D2000FA899BA779D9A9D0DFA4849E24D8F1A7DA
:102D3000DEF284CA97A424A594F60AF78502F8F96E
:102D4000D1D9F69B02D8A7B1829562F8F9D1D9F40E
:102D500023F2D8F0B085A4D0C0DDF2C0DCF6A79F86
:102D600002F9D9F3A5DEDAF0DDF2C8DCD88595A545
:102D700000D986F0DDF2CACCCEDCD88500D980F04F
:102D8000DDF2CCC6CE85CACCCEDCD88500D9B189DF
:102D9000F0DDF2C2CAC4DCD8B08500D981F0DDF222
:102DA000C6CE82C0C8DCD88500B1D986F0DDF1C2BC
:102DB000C4C6DCD8B0F28500D9B287F0DDF1C2C458
:102DC000C6F2BCB081C0DCBCBCBCD8B08500B1D9F7
:102DD0008FF0DDF2C2C4C6DCD8B08500D9B18EF068
:102DE000DDF1C2C4C6F2BCB081C0DCBCBCBCD8B092
:102DF0008500D982F0DDF2C2CAC4DCD88500D8F2E1
:102E00008500D9B18AF0DDF1C2C4C6DCD8B0F28544
:102E100000D9B1F0DDF182C4DCD8B0F3A5F8F9D166
:102E2000D9F42374D8F38595A50000D9BEF2BAAEC3
:102E3000DEBEBEBEBCB281F0DDF3C8DCBCBCBCD81B
:102E4000B0B885A500D9F2BEBEAADEBEBEBCBC8AA3
:102E5000F0DDF3C0DCBCBCD885A500D9B9F2A3D0A5
:102E6000DEB285F0DDF3C8DCD8B085B8A500D9B3F3
:102E70008AF0DDF3C0DCD8B08500D98FF0DDF3C473
:102E8000DCD885000000D9BCBCB38EF0DDF3C0F106
:102E9000C2DCBCBCD8F3B08500D9BCBC8EF0DDF37D
:102EA000C4DCBCBCD8F3B08EF4B8A7D0C0D887F3CC
:102EB000B9A2C6A6C4F7B58E9606F8F9D1DAF423FE
:102EC0007DD8F38EC0F9B18696F70ADFF330FD089E
:102ED000A28210F0DDF382C0DCF2B9A3DFF4B18C82
:102EE000F3AFC1C3AF8FB49D3EFD1EB59F30A63971
:102EF000D9F423ECD8F7B8B0B4A7849D1AF9D9F463
:102F000023DFD8F1B9B1B5A6839B61D9F423F2D8F8
:102F1000F6B8B0B4A784945AF8F9D1DAF0E2F1B96E
:102F2000ABDED8F2B186B9AFC3C5C7B8B0B4A78815
:102F30009CF76AF9D9FFD872B9ABF1DFF762F3F801
:102F4000F9D1DAF1DEF8D8F7BBAF7A9D669E769FAD
:102F500076F1A1DFBAA6D0DEBBF3A0F9DAFFD8B3D1
:102F600080C4AFD0FAF9D1DABCBCBCF425BAD8F130
:102F7000B8BEBEAED0DEB084BABEA7C1F788B49DDD
:102F80006EF9B2BCBCBCBDBDBDDAF4248FD8F1B8BB
:102F9000BEBEBEAED091FCC000DBB695FCC104D96C
:102FA000F8F8F8F8D8B491FCC004DBB695FCC10081
:102FB000D9F8F8F8F8F8F8F8F8D8BABEF424F6D842
:102FC000F191FCC000DBB695FCC104F58795A73AEA
:102FD000F1F9D9AFDE8FBEBEA1F4C1F1A2F4C1F107
:102FE000BEBED8B491FCC004DBB695FCC100D9AF1D
:102FF000DEF8FD078F9510DFF8F8F8A7DEF8FD077B
:10300000DFF8FD06DFF8FD048F97AFD0DE404850B3
:10301000DFF8608FBEBEA0D0F4C1F1A1F4C2C5F14B
:10302000A2F4C7F1BEBED8F1B081A5C1BC84B8BEC0
:10303000BEA9C1F788B4BD9D6EF9BCBDDAF42543C5
:10304000D8F1A9DEF8FD04DFF8FD05BC8EBEAED0D8
:103050009AFCC000DB9BFCC004D99940D89AFCC004
:1030600004DB9BFCC000D99948D8BCBCBCBEBEBE2A
:10307000F425ADD8F19AFCC000DB9BFCC004F589B7
:10308000A932F9D9F1DEF8FD02DFF8FD07DFF8FD1E
:1030900007F8DF89BAA0F4C0F18BA1D0F4C3F1899D
:1030A000A2F4C2C5C7F1A3F4C7F1B8D89AFCC00412
:1030B000DB9BFCC000D9A9DEF8FD02DFF8FD07DFCD
:1030C000F8FD07F8DFF8FD04F989BAA0F4C0F18B28
:1030D000A1D0F4C3F189A2F4C2C5C7F1B8D8F18A6E
:1030E000ABC0BCBCBDBDBDBEBEBED8F1B280BAA730
:1030F000C4BCB28BF475758FB69CF47581AFF47552
:10310000878BF475758EB69DF47581AEF47587B3B3
:1031100081F475758594F47581BBA5F4758780BAC3
:10312000F47575B38E9BF47581BBAEF47587B3836C
:10313000A3F47593F1B28FB69FBEBEB9AF7A8E9EDF
:103140007EF5B385B7957C8E9E7CF1BCBCBDBDB1D0
:10315000B58F9FAFD05882AF012D5586AF424E76C6
:1031600082A2002C5484BDB690AF51BDBDBDB59FA9
:1031700006A4D0488FAFD00A8474A4D03E8093AF09
:1031800039D1ABD9FADADFD8BAADFA839BA769DBBC
:10319000B28DB69D69F4266DD8F1ADDEDFD8F0BCF6
:1031A000B281BDB691BBA63C110C582C50F1BCBCF1
:1031B000BCB386BDBDBDB796A62C547C9B7197A5AC
:1031C000D02AF05078F1D8B8ACDEF8F5B08CB793CF
:1031D00006F1F9AFDAF8D9DED8B3B6BA86A7C2F4E9
:1031E000759B93F07171608492F47581F1A4F4750C
:1031F0008783A3F47593B386A7C4F4759B95F07188
:1032000071608692F47581A6F4758785A5F475932F
:10321000B386A7C6F4759B9FF07171608892F475B0
:1032200081A8F475878FAFF47593F5B28494B9AF24
:103230007C86967C88987CF1B18FB59FA5308518E7
:10324000F09A3C9918F1BCBCB284B9AFC3C5C7BAF7
:10325000B6BCBCA78BB59F2D557DF5A787B6972C1F
:10326000547CF0AC819C0C97289C1497309C1C9744
:1032700038F1B18FABC3C5C7A7B2819C59DB51AA46
:10328000DEF4276AD8F1ACB18E9C48FD02B28B0205
:10329000AADEA78C11DB19DAAAF8D8F1B5BDBD9B5F
:1032A000FCC103BDBDD9F428EAD8F1B2BCBC84B8D6
:1032B000BEAEC3C5C7B0BCBCBCB4BDF08A9EAF6CCB
:1032C00099618A199E7499698A399E7C99718A5983
:1032D000F18F9FAA28FD0154FD017CFD018EA9C23A
:1032E000C5C7F08A9AA7042850F18797AF098FB510
:1032F000BDBDBD9B1EB4BD97A7208BBAA7C1C3C5DA
:10330000BDB690FCC200BDBDBDD9F42877D8F1B2DE
:1033100086B697A74A99F475A19AF475818AAAF49A
:103320007593F18697A7529BF475A19CF475818CD7
:10333000ACF47593F18697A75A9DF475A19EF47528
:10334000818EAEF47593F189A9C2C5C787C38BABD3
:10335000C2C5C787C58DADC2C5C787C7B8AEDE8A2F
:10336000B49E64FD018C64FD018E64FD01B0F08D9E
:103370009EAF6C9C618D199E749C698D399E7C9C5E
:10338000718D59F18F9FAD28FD0154FD017CFD0128
:103390008EACC2C5C7F08D9DA8042850F18898AFA7
:1033A000098F9B1E98A820D8F1B8B1B4BCBCBC84CE
:1033B000AFC787C1B383C1BCB08F9FAF49DAF428D0
:1033C000A7D8F5917AF19FFCC003DB90FCC000D92F
:1033D000A1DEF8D8F428B7D8F59172F19FFCC003AC
:1033E000D9A1DEDFA0DEDFD8F1A1F8F9D1A0DAF8AB
:1033F000D9FAD88090AF11DBA1DE91FCC104D9A12C
:10340000F8DFA0DED88090AF39D9A0DEDFA1DFD809
:10341000F1BCBCBCBDBDBDBEBEBED8F1B1B5B9A688
:10342000F88ABBA4C3A0C5B98696AF21D9F43031C0
:10343000D8F1A6DEA1DEDFDFA0DEDFDFDFABDEACB2
:10344000DEB38CBBA4D0C4A0D0C6B8BEBEBE83A918
:10345000C1F2BCBC82C381C5F8F1B0BCBDBD9BFC50
:10346000C103B4BDD9F42984D8F1AADE99FCC10006
:10347000D9AAFADB8A9AA939AADEF8D8F5A28992E4
:103480003AF192FCC003DADFD9FAA282DB31DFAA7B
:10349000DEF8D899FCC103D9AADFD8F28999A971BD
:1034A000DBDE41F1AADEF8D89AFCC004DBA8DE9886
:1034B000FCC100F8D8F1B1BCB5BDB9BE8794AF1955
:1034C000D983A1C6F42C7AD8F1829FAFDF28FD03FF
:1034D000DF30FD048F9F3482381DA9DED9F8DAF47D
:1034E0002AEBD8F18297AF51D983A0C783A7D0C266
:1034F000F42A1CD8F18292AF59DAF42A1CD8F5B319
:1035000083B7991AF1F8F9D1DAB1B5F42A1CD8F5D4
:103510003AF1F8F9D1DAB1B5F42A1CD8F1B0BCBC53
:10352000BC88AFC1F289C5C7F9F9B1BCB5B9F28F92
:103530009FAF71D9F183A0C6B38CBBA4D0C4A0D077
:10354000C6B1B9D8F183ACC683A7D0C4D8F1BCBC8E
:1035500081AFC3F38BC3F2B382C281C5F9F1B1BCB1
:10356000BC839FAF09DB8F9E3183A1C7A0DFD0DE74
:103570009FFCC201D9F2AFDEF8F8F88FDB41D9F138
:103580008EB791BBA2D05CFD3FB5B9D88F93AF2168
:10359000DB83A0C7D0DEA1DF9FFCC201D9F2AFDE82
:1035A000F8F8F88FDB41D9F18EB791BBA2D05CFD62
:1035B0003FB5B9D8F19FFCC201D9F42ABAD8F3BCFF
:1035C000BCAFD0B18CC4F1B0BC8AAFC5B1BC8093E4
:1035D000AF39D1D9F3D0F8F9DBD1F19FFCC104F2B6
:1035E0008F9FAF59F1A0DF83D0C6D8F1A1D0DE8381
:1035F00090AF69DB9169F42AD4D8F28F9F71D9F129
:1036000083A1D0C6D8F18093AF19D1D9F42B5AD861
:10361000F179D1D9F42B5AD8F42CBBD8F1829DAFD3
:1036200031DAF42B1CD8F183A0D0C7B69DFCC204BC
:10363000D9BAADDEF8D8B38AB792BBAF19B188A4B6
:10364000D9C5A0C7DAC1A0C3D8F42B5AD8F1A1F8C4
:10365000F9D1DAF42B5AD8F1BAADF8F9D1D983B946
:10366000A0C6ABC6B38DBBA4D0C4A0D0C6F42B5AA1
:10367000D8F183B9A0D0C7B38AB792BBAF19B1A4B0
:10368000D989C3A0C5DA88C1A0C3D8F1B185BABEB3
:10369000AFC284C782C1C3B2BCB6BDA7DFDF8F9201
:1036A000A701D9F42B9CD8F109D9F42B83D8F1FACE
:1036B000F42BCBD8F151D9F42B90D8F1FAF42BCBD1
:1036C000D8F119D9D0F8DAFAD8F42BCBD8F1932164
:1036D000D9F42BB0D8F109D9D0F8DAFAD8F42BCB39
:1036E000D8F171D9D0F8F42BCBD8F159D9D0F8F45E
:1036F0002BCBD8F19401D9D0F8DAFAD8F1B0BCBC10
:1037000088A7C0B1BC89D0C182AFD0C5B2BCB5BD9D
:103710009BFCC100B6BDBDBDDB97FCC304FCC00073
:10372000FCC204D9A7DFF8DFD8F18F94A771D9F4D0
:103730002C14D8F19541D9F42C14D8F19409DB3923
:10374000D9DFDFF8D8F197FCC104B1BCBCBC83B9A8
:10375000BEBEBEA0D9C6DADED8FCC204D0D9C7DA54
:10376000DFD88EB5BD9BAF4CBDBD9FFCC100D9F469
:103770002CBBD8F0B386B69ABBAB2C5078F1BAAA62
:10378000C3C5C7B8ADF8F9D1DADEB38EBBABC7D8C5
:10379000B38EB79BBAA769D9B183B59079DBD1B99C
:1037A000A0D0DFA1D0C6D8F42CBBD8F1B0BC81B971
:1037B000AFC0B088C187C1B1BCBCBCB5BDBD9BFCAE
:1037C000C100BDBDDB9FFCC0048F9E2D8D9F31D9F4
:1037D000A1DE83A0C6AFDEF8B3839FF506F1DBFC64
:1037E000C104D9B8BEA1DFF8BEBEBED8F5B389B753
:1037F00093BBA9668BAF02F19FFCC003D98FA9D000
:10380000C0D88999A334AFDEF8F5839F06F1FCC1D7
:1038100004DB9571A2D0DED8B08DB9A1D0C78FB42A
:103820009FAF11D9A1D0C7D8F1B389BBAFC6F9F505
:103830008FB79306F19FFCC103DB83A9C0D8A3DE39
:10384000B9A0D0DEBAAAF8F9D1DAF42D8ED8F1B940
:10385000B1B5AF839061DB69799169F42D85D8F1B9
:10386000DFF8A0FAF9D1D9AFDFD8AF8C9569D9DFED
:10387000D8AF859C31DB9FFCC100DAF42D62D8F112
:1038800083A0D0C6AF8A9E11F8D9A0D0809C48D81A
:10389000AADED8F1B385B795AF71B1B5D9A0D0DEA6
:1038A000D8F183AFC6F88F941DDB90FCC000A0D088
:1038B000DED8F42D8ED8F161D1AAD9DEDAF8D8F1AC
:1038C000B188BBA4D0C5A0D0C7B590FCC200D9B206
:1038D0008EC6A4D0C5BAAEDEF42DBDD8F184B49F97
:1038E000BAA769DAAEF8F42DBDD8F1AEDED8F1B1E1
:1038F00081B59EBBAF02B79426B381B59DA102B737
:1039000090268F91A1002CB18094AF12265E6EB3E9
:103910008092A2420E763E8FA2002C547CAFDEF83D
:10392000F58F99AF06F19FFCC103D98AAAC4D88349
:1039300092AF51D9F42E4BD8F1A2D0DEB69EFCC086
:1039400009DBFCC10AD9B8AEDEBAAEDEFAB7BBF409
:103950002E4BD8F1B8AEDEF8BAAEDFF3BCBCBDBDBD
:10396000BEBEB0B4BBAFFBDAB8A4D08D941DF1E2FB
:10397000D8F1BCBCBDBDBEBEB3B7BBD8F18A92AF57
:1039800019D9F42E8FD8F3BCBCB18BC3BCBCB3F82F
:10399000F9D1D9F42E7DD8F18E9141D9F42E7DD86C
:1039A000F18993A3C66081A2D0C7F42F0AD8F1A3EE
:1039B000DEF8F8F8F8F8F8F8F88BAAC6F42F0AD869
:1039C000F181AAC69A6060B181B593AF59B3B7D1FE
:1039D000D9F42F0AD8F18A92AF21DAA3F8ADDED854
:1039E00081AAC58591AF21D9F42EE5D8F1A1DFA236
:1039F000DFDF8195A5C7688993A3C660ADF8AFDE08
:103A0000F8F5899F06F1FCC103DB8D9DAF21A3DE94
:103A1000F8D8F42F0AD8F181A5C592AF49DAA3F8F6
:103A2000F8D891AF49DAA3F8F8F8F8D8F1A3F8F983
:103A3000D1D9B183B9A1D0C6B3BBD8F5839AAF1A97
:103A4000F1BEB8AEC189B59E74FD3FBCBCB18B342C
:103A5000B79FFCC000BCBCBCB0BDB4D9F42F64D8C7
:103A6000F1A6F88696AE11D9A6DF88BEBBA9D0C450
:103A7000F2A1D0C6A2D0C6BEBEBEDBF19EFCC30181
:103A8000D9F2BEA1D0F8F8F8A2D0F8F8F8BEBEBEC0
:103A9000D8F42FA2D8F19EFCC301D9F58EAE32F135
:103AA000DBFCC00188BEBBA9D0C4F2A1D0C6A2D0A5
:103AB000C6BEBEBEF42FA2D8F1A6FA8696AE39D9FC
:103AC000A6DE87BEBBA9D0C4F2A1D0C6A2D0C6BE16
:103AD000BEBED8F1BCBCBCB3BDBDBDB7BEBEBEBBD7
:103AE000A5F8F9D1DA86A7C3C5C7A5DE85A5D0C6D6
:103AF000D88595AF71DAF42FE2D8F18993A360F3FA
:103B0000BEBEAFF8F9D1DAF3E2D8F1BEBE86A7C3E4
:103B1000C5C7D8F1AFDFF9899F2D830DF599AF1A8D
:103B20008F7E9FA812992EF1DFDFAFDFF9899F4DBD
:103B3000830DF59BAF028F66F19FFCC003D9F5A8FA
:103B4000D0129936D8F18898A610A738869FAFDE94
:103B500000FD0887008FF3AEC0F1BCBCB182C3BCCE
:103B6000BCD8F3BCBCBDBDBEBEBBB3B7A2F8F2F8B7
:103B7000F1809DADD07CF2A2FAF9D1F1B9ACD9DED9
:103B8000DAF8D8F5BEBEBAA78595788E9E7CBCBC07
:103B9000BDBDB2B6F1A9899962F09740996C97487A
:103BA000B9B1B5F1AF8091288C9F008365D9F4300D
:103BB00094D8F19DFCC304AFB289D9C3C1DAC1C3A3
:103BC000D8F47555D8F2BEBEBCBCBDBDB9B3B7A65E
:103BD000819249F9DBF1B18CB59C21D9F5B385B758
:103BE00095788E9E7CF1B18DB59DAD1AF096409D75
:103BF0003C9648D8F1B181B59DB9A60A8D9605D9F4
:103C0000F430FBD8F2B381B792BBAF49F9F9DBF1DD
:103C1000B18CB59CB9A621F430FBD8F1B38EBBA80A
:103C2000D0C4C7F3B9ACD0DEF4310CD8F1B385BB46
:103C3000A8D0C4C7F3B9ACD0DEF8DFF8D8F3B59C90
:103C4000FCC304DBFCC200D9F2ACD0DED8F2BBAFBF
:103C5000B792B38219DBA2DFA1D0C4ACD0C5F3A761
:103C6000D0DFF1B9AADEA1DFB59BFCC100B8BEA7C9
:103C7000D0DEBEBEBED8F1BBAF89B79819A980D936
:103C800038D8AF8939A980DA3CD8A1F8F9D1DAF966
:103C9000DFF8F4753DF1FFD8AF2E88F575DAFFD85F
:103CA00071DAF1FFD882A7F3C1F280C2F197864999
:103CB0002EA6D0509686AF75D988A2D0F3C0C3F196
:103CC000DA8F96A2D0F3C2C382B69B7070F1D8B7D8
:103CD000AFDFF98999AF10809F21DA2ED88999AF8B
:103CE00031DADFD8AF8292F341D9F1DFD8AF82F376
:103CF00019D9F1DFD8F18990AFD0098F99AF51DB95
:103D00008931F3829219F2B18CB59C71D9F1DFF946
:103D1000F2B9ACD0F8F8F3DFD8B3B7BB82ACF3C0DC
:103D2000A28022F1A922269FAF29DAACDEFFD8A219
:103D3000F2DEF1A9DFF282B8BEA9C381C5B0BCF141
:103D4000B59BFCC103B4BDD9F43233D8F28999A92B
:103D500049DAF43233D8F19AFCC004A7D0D9889755
:103D600030DADED8F1BCB180BBBEBEBEAFC28CC102
:103D700081C383C7BCBCB38FB7BDBDBD9FBAA761AC
:103D8000DB6971FFD8F1BBADD0DEF8B184B696BA6D
:103D9000A7D07EB796A701B2879D05DBB38DB697F6
:103DA00079F3B18C9649F1BBADD0F8D8F3B9ACD06A
:103DB000F8F9D1D9F1BBADD0F8D8B3B7BB978CAF78
:103DC000F379D9F432A6D8F1A1819D34AAD08A50D2
:103DD000F4753DF432C6D8F3A7D0FAB59CFCC207FF
:103DE000D9F8D8B7978CAF79DAF18791A16CAAD0BE
:103DF0009A70BBF4753DD8F191FCC10AD9F4330730
:103E0000D8F181A1C2F9DFF8809DBAA6D038FD3182
:103E1000BBAFDEF382CEF18F9008FD0F8D9F65D989
:103E2000F43307D8F1AFDEF28CCEF2829F25D9F1C0
:103E3000BAA6D0DEF38DCED8F1B59BFCC103D9BCB8
:103E4000BDBEF4333BD8F1B8BEAAD0DEF2B381B721
:103E500092A949D9BCBDF4333BD8F1BCBDB0B48DF7
:103E60009731F9F9F9F9F9D9AAD0F8D8F1BCBCBD64
:103E7000BDBEBEB084B8A5C3C5C783A4C3C5C7F0C3
:103E8000B281B691A33C110C582C50F1B083B4937D
:103E9000A32C547C9271F095AE2C50788EBEB9AAAA
:103EA000C2BCBDD8F2BBB3B78291AF31DAF433DF15
:103EB000D8F18DB796BBA640AC8C9C0C30BA8D9DCA
:103EC000A739DBF3B18CB69649D9F184B594B9A47E
:103ED000D05EF0B79D38D8F1B38DBAA7C6B59CFCBB
:103EE000C204D9B181B697A7258B6E81B9A134DA06
:103EF000B287B69700FD3EB181258B4E81B9A134C2
:103F0000D8F1BBAAD0DFACDED0DEADD0DFF1FFD878
:103F1000F2B3B7AF829C39DBF1869009AAD08A9DB3
:103F2000D974F433FADAF1AAD0DFD8F3B9ACD0F807
:103F3000F9D1D9F2BBA2FAF8DAF2BBA2FAD8F2B3FD
:103F400082B69BBBAF31DBF189B59A61D9F2A1D0C2
:103F5000F8F8D8F282AFC4F8F8F8F88FB79115DA0C
:103F6000A1D0C0D882AFC2F9D1D9F1B9ACDEADDEF3
:103F7000DFB9A1DFBBADD0DFD8F28291AF31DAF18A
:103F8000B1819DB9A13CD8F2B3BB8291AF31D1D9F7
:103F9000F1B181B59BB9A13ED8F1B38CB79CBBAC54
:103FA000D010ACDEADD0DF9282AFF1CAF29135F124
:103FB000968FA6D900DBAF8A906DD9A68F96018A1D
:103FC00060AAD0DFF281ACD0C5D8F1FFD8F0B9B18A
:103FD000B6AF8D924C7154685C604479E0D8F1BA08
:103FE000B1A48FC0C3C5C7B9B5F1AA829025F3ADFE
:103FF000DFD9F8F8D8F1A18191F0348238F1AA2DF7
:10400000F58A9030D9F3ADFAD8F0AA8F9F042851E1
:10401000791D301438BCBCBCA2D08A9A2C50507880
:1040200078BC8290AAF57CF3D9ADFAD8F1B8AE820B
:10403000C6B9A181900A819218A2D081C1F3ADFBCB
:10404000F9F1DAA2D0DFD8A2D0FAF9D1DAAA829DAA
:104050007E76AD8AD0315CF0AA8D9D5478FD7FF1DB
:104060008A92559DADD0727ED8F4749CE0D8F1B19F
:10407000B982A2D0C2F2A3FAF3B8A7F8F9D1DAF262
:10408000E2D8BBB3E0F1B1AF8F9F3185A5D0DAC6DE
:10409000F43572D8F1F8F9D1D9C6F5ADD08D9E7F3F
:1040A000DAF9D8F1E0F1B697A766B793F0717160CD
:1040B000E0F001295179E0F1C2C5C7B287B6972C6B
:1040C000FD01E0F1C2C5C7B287C1E0F1B2819766D8
:1040D000E0F03810284088E0F024705944693864D2
:1040E00048312D5179E0F024583D4034492D51E0BC
:1040F000F187A1002C547CF081A704285078FD7F23
:10410000F1A787965991A1020E161EE0D8F0BEBE07
:10411000BEBCBCBCBDBDBDB3BB8CACF478598DADD1
:10412000F478598EAEF47859BCB080BAAFF1DEDFC6
:10413000DFD0F2C2CBC5BCBCBCB28FD0BDB59EF146
:1041400002FD0326FD0346FD03BDBDBDB590BBAF1B
:1041500002F02850F11E91F02048F116F0389240FC
:10416000B3B78FF2ACC0ADC2AEC4F1A9FAF9D1D9E0
:10417000F4364AD8F1A9FAF4381CD8F0B78C9CBAB6
:10418000F47828F1C1B38D9DBAF47828F11CB38E70
:104190009EBAF47828F11CB38FD7FD3EF28DC18E04
:1041A000C1F18FD5FD30D4D0FD70F1D02AD2F0000E
:1041B000D2A9DE8FB597AFF540D9F2A9F8D897AF5D
:1041C000F548D9F3A9F8D8F2AFDEF8D4FD0CB78FD3
:1041D0009D05DAF436C3D8F2B597DEF8D037FD0E78
:1041E0003FFD0E8DB79FD005D9A9F8D8AF0DD9A93D
:1041F000F3F8D8D8F2AFDEF8D4FD0C8F9E05DAF4D0
:1042000036EED8F2B597DEF8D037FD0E3FFD0E8EB4
:10421000B79FD005D9A9F8D8AF0DD9A9F3F8D8F12F
:104220008CAFDEF2C08FF0D4FD309FF500B1880472
:10423000D9A9F2F8D8F5AF24D9A9F3F8D8F0AFB3DB
:1042400089C4C78FD0D4FD40D5FD40B188D0F54496
:10425000D9A9F2F8D8AFF56CD9A9F3F8D8B38FB5CE
:1042600099F5AF60D9AAF8F43745D8F1B18AB79F6C
:10427000AF59D9AADED8F5B38FB599AF68D9AAFAE4
:10428000DAAADFD8F18AAFD4FD00D5FD408FD0F592
:1042900014A9D0D9DEDAF8D8AF3CA9D0D9DFDAFA40
:1042A000D8F18AAFD6FD00D7FD408F9AD0F504A98A
:1042B000D9F2F8D8AFF52CA9D9F3F8D88CAFF2C061
:1042C000F18FD4FD30B79F02FD1ED010AFDEF8F89D
:1042D000F8F8F8F8BDBDBD93F502F1BDF8F9D1DAF3
:1042E000F437BDD8F1B18A9F59DAF437D3D8F1B198
:1042F0008B9FAF51DAF437D3D8F1B59BB38F41D947
:10430000A9F2F8D8F1AFB79FB18A79DAF437F2D8C9
:10431000F18B71DAF437F2D8F1B59BB38F49D9A993
:10432000F3F8D8F0A9F2F9F9F9F9F9F9F9AAD0F006
:10433000DADEF5E2F0D9F8D8A9F3F9F9F9F9F9F9E3
:10434000F9AAD0F0DADFF6E2F0D9FAD8D8F0BCB0AA
:1043500080BDB490BEB8A0E0F0AFF2113DF3153DC2
:10436000F2B28FD0CDCFF3DFDFDFDFF1D4FD70D538
:10437000FD70D6FD70D7FD70B69F0C1018F500B516
:1043800096F518BBAFD0B79FE0F0D0F3CFF2CCD00A
:10439000F3CDF2CAD0F3CBF2C8D0F3C9E0000000ED
:1043A000696E6974207374617274000069326320ED
:1043B000627573206E6F742069646C652028626971
:1043C00074313D53434C20626974303D534441295C
:1043D0000000000049434D5F32303934385F696E68
:1043E00069745F73747275637400000049434D5FB4
:1043F00032303934385F6C696E6B5F736572696631
:104400000000000049434D5F32303934385F737724
:104410005F7265736574000049434D5F3230393413
:10442000385F636865636B5F696400007365745F20
:1044300062616E6B5F305F6265666F72655F776148
:104440006B6575700000000077726974655F505786
:10445000525F4D474D545F315F307830310000007E
:1044600049434D5F32303934385F736C6565705F36
:1044700066616C73655F6561726C790049434D5F7D
:1044800032303934385F6C6F775F706F7765725F89
:1044900066616C73655F6561726C790077726974CF
:1044A000655F5057525F4D474D545F325F307830F3
:1044B0003000000049434D5F32303934385F656E5B
:1044C00061626C655F4649464F5F66616C73655F0C
:1044D0007072650049434D5F32303934385F656E24
:1044E00061626C655F444D505F66616C73655F70BF
:1044F000726500007365745F62616E6B5F305F664A
:1045000069666F5F64697361626C65007772697474
:10451000655F4649464F5F454E5F315F7A65726F12
:104520000000000077726974655F4649464F5F4539
:104530004E5F325F7A65726F0000000049434D5F45
:1045400032303934385F72657365745F4649464F5F
:104550005F7072650000000049434D5F32303934AE
:10456000385F7365745F646D705F73746172745FDC
:10457000616464726573735F7072650049434D5F77
:1045800032303934385F6669726D776172655F6C9D
:104590006F61640049434D5F32303934385F736C6A
:1045A0006565705F66616C73655F706F7374667765
:1045B0000000000049434D5F32303934385F6C6F82
:1045C000775F706F7765725F66616C73655F706F40
:1045D000737466770000000049434D5F3230393410
:1045E000385F7365745F646D705F73746172745F5C
:1045F000616464726573735F706F737400000000B0
:1046000069636D32303934385F7365745F66756C19
:104610006C5F7363616C655F7261770049434D5FE6
:1046200032303934385F7365745F73616D706C65F7
:104630005F726174650000007365745F62616E6B28
:104640005F305F646D705F6374726C007772697461
:10465000655F48575F4649585F44495341424C455E
:104660000000000077726974655F53494E474C45FE
:104670005F4649464F5F5052494F524954595F5324
:10468000454C00006D656D5F4143435F5343414CB2
:10469000450000006D656D5F4143435F5343414CEE
:1046A000453200006D656D5F414343454C5F4249B3
:1046B00041535F58000000006D656D5F4143434505
:1046C0004C5F424941535F59000000006D656D5FCA
:1046D000414343454C5F424941535F5A000000004B
:1046E0006D656D5F4232535F4D54585F303000004E
:1046F0006D656D5F4232535F4D54585F303100003D
:104700006D656D5F4232535F4D54585F303200002B
:104710006D656D5F4232535F4D54585F313000001C
:104720006D656D5F4232535F4D54585F313100000B
:104730006D656D5F4232535F4D54585F31320000FA
:104740006D656D5F4232535F4D54585F32300000EB
:104750006D656D5F4232535F4D54585F32310000DA
:104760006D656D5F4232535F4D54585F32320000C9
:10477000696E765F69636D32303934385F736574A2
:104780005F6779726F5F7366000000006D656D5F33
:104790004759524F5F46554C4C5343414C450000DE
:1047A0006D656D5F414343454C5F4F4E4C595F47CC
:1047B00041494E006D656D5F414343454C5F414C3F
:1047C0005048415F564152006D656D5F414343451E
:1047D0004C5F415F564152006D656D5F41434345FB
:1047E0004C5F43414C5F524154450000656E61622D
:1047F0006C655F53454E534F525F47414D455F5285
:104800004F544154494F4E5F564543544F52000058
:10481000656E61626C655F53454E534F525F4C4904
:104820004E4541525F414343454C45524154494FE7
:104830004E0000007365745F706572696F645F514C
:1048400075617436000000007365745F706572698D
:104850006F645F416363656C0000000049434D5F16
:1048600032303934385F72657365745F4649464F3C
:104870005F706F737400000049434D5F323039340C
:10488000385F656E61626C655F4649464F5F747262
:104890007565000049434D5F32303934385F7265C9
:1048A0007365745F444D500049434D5F3230393475
:1048B000385F656E61626C655F444D505F74727500
:1048C000650000006F6B00006E6F2049434D323071
:1048D00039343820617420307836382F30783639C2
:1048E0002C2077686F616D6928646563290000007A
:1048F0006869000071700010CD70001008F9012087
:10490000556E6B6E6F776E207479706500000000D5
:104910004E4F545950450000464C4F4154333200DD
:10492000494E54333200000055494E5438000000BF
:10493000494E543634000000535452494E4700004B
:10494000424F4F4C00000000494E543136000000E9
:10495000434F4D504C45583634000000494E5438B2
:1049600000000000464C4F4154313600464C4F4148
:1049700054363400434F4D504C45583132380000C6
:1049800055494E54363400005245534F5552434515
:104990000000000056415249414E540055494E54C2
:1049A0003332000055494E5431360000494E5434DC
:1049B00000000000104901101849011020490110A1
:1049C00028490110304901103849011040490110AF
:1049D00048490110504901105C4901106449011017
:1049E0006C49011074490110804901108849011077
:1049F000944901109C490110A4490110AC490110CF
:104A0000433A2F55736572732F557365722F41703A
:104A100070446174612F4C6F63616C2F41726D2F14
:104A20005061636B732F45646765496D70756C7376
:104A3000652F45492D53444B2F312E39332E3236B5
:104A40002F65646765696D70756C73652F65646744
:104A5000652D696D70756C73652D73646B2F74654E
:104A60006E736F72666C6F772F6C6974652F6B65F0
:104A7000726E656C732F6B65726E656C5F757469B1
:104A80006C5F6C6974652E637070000025733A2545
:104A90006420257320776173206E6F7420747275A3
:104AA000652E00007363616C655F64696666202F24
:104AB000206F75747075745F7363616C65203C3D25
:104AC00020302E3032000000696E7075745F707295
:104AD0006F647563745F7363616C65203E3D203065
:104AE0000000000066616C73650000006E6F5F6916
:104AF0006E74656765725F6F766572666C6F775FFF
:104B000066726F6D5F7175616E74697A6174696FD9
:104B10006E00000025733A256420257320213D2076
:104B200025732028256420213D20256429000000CC
:104B30006B54664C697465416666696E6551756152
:104B40006E74697A6174696F6E000000696E7075C9
:104B5000742D3E7175616E74697A6174696F6E2E21
:104B6000747970650000000066696C7465722D3E92
:104B70007175616E74697A6174696F6E2E74797083
:104B800065000000616666696E655F7175616E74CF
:104B9000697A6174696F6E00616666696E655F71DE
:104BA00075616E74697A6174696F6E2D3E736361AD
:104BB0006C650000696E7075742D3E7479706520A7
:104BC0003D3D206B54664C697465496E7438207C99
:104BD0007C20696E7075742D3E74797065203D3D42
:104BE000206B54664C697465496E74313600000060
:104BF00066696C7465722D3E74797065203D3D2048
:104C00006B54664C697465496E7438207C7C2066F0
:104C1000696C7465722D3E74797065203D3D206B22
:104C200054664C697465496E743400006E756D5F2E
:104C30006368616E6E656C73000000006166666992
:104C40006E655F7175616E74697A6174696F6E2DDE
:104C50003E7363616C652D3E73697A6500000000E8
:104C600066696C7465722D3E64696D732D3E646176
:104C700074615B616666696E655F7175616E7469AA
:104C80007A6174696F6E2D3E7175616E74697A65B3
:104C9000645F64696D656E73696F6E5D000000002E
:104CA000433A2F55736572732F557365722F417098
:104CB00070446174612F4C6F63616C2F41726D2F72
:104CC0005061636B732F45646765496D70756C73D4
:104CD000652F45492D53444B2F312E39332E323613
:104CE0002F65646765696D70756C73652F656467A2
:104CF000652D696D70756C73652D73646B2F7465AC
:104D00006E736F72666C6F772F6C6974652F6D6947
:104D100063726F2F6B65726E656C732F636F6E7647
:104D20002E63707000000000696E70757420213D64
:104D3000206E756C6C7074720000000066696C7493
:104D4000657220213D206E756C6C707472000000DD
:104D50006F757470757420213D206E756C6C707465
:104D600072000000696E7075742D3E706172616D25
:104D7000732E7A65726F5F706F696E740000000049
:104D80006F75747075742D3E706172616D732E7ADB
:104D900065726F5F706F696E740000006F7574707C
:104DA00075742D3E7479706500000000696E707531
:104DB000742D3E7479706500433A2F557365727394
:104DC0002F557365722F417070446174612F4C6F61
:104DD00063616C2F41726D2F5061636B732F45645B
:104DE0006765496D70756C73652F45492D53444B4C
:104DF0002F312E39332E32362F65646765696D7019
:104E0000756C73652F656467652D696D70756C735E
:104E1000652D73646B2F74656E736F72666C6F773C
:104E20002F6C6974652F6D6963726F2F6B65726E7D
:104E3000656C732F636F6E762E6370702048796295
:104E4000726964206D6F64656C7320617265206E99
:104E50006F7420737570706F72746564206F6E204C
:104E600054464C697465204D6963726F2E000000D2
:104E7000433A2F55736572732F557365722F4170C6
:104E800070446174612F4C6F63616C2F41726D2FA0
:104E90005061636B732F45646765496D70756C7302
:104EA000652F45492D53444B2F312E39332E323641
:104EB0002F65646765696D70756C73652F656467D0
:104EC000652D696D70756C73652D73646B2F7465DA
:104ED0006E736F72666C6F772F6C6974652F6D6976
:104EE00063726F2F6B65726E656C732F636F6E7676
:104EF0005F636F6D6D6F6E2E637070006861735FBE
:104F000062696173207C7C206E6F64652D3E696EE2
:104F1000707574732D3E73697A65203D3D203200B3
:104F20006E6F64652D3E6F7574707574732D3E736E
:104F3000697A650000000000000000000200000027
:104F40000100000000000000433A2F5573657273A2
:104F50002F557365722F417070446174612F4C6FCF
:104F600063616C2F41726D2F5061636B732F4564C9
:104F70006765496D70756C73652F45492D53444BBA
:104F80002F312E39332E32362F65646765696D7087
:104F9000756C73652F656467652D696D70756C73CD
:104FA000652D73646B2F74656E736F72666C6F77AB
:104FB0002F6C6974652F6D6963726F2F6B65726EEC
:104FC000656C732F66756C6C795F636F6E6E65636D
:104FD0007465642E6370700041524D5F434D5349B8
:104FE000535F4E4E5F5355434345535300000000FB
:104FF00061726D5F636F6E766F6C76655F3178316D
:105000005F73385F666173742820266374782C2080
:1050100026636F6E765F706172616D732C202670EF
:1050200065725F6368616E6E656C5F7175616E74E9
:105030005F706172616D732C2026696E7075745F8C
:1050400064696D732C2074666C6974653A3A6D6995
:1050500063726F3A3A47657454656E736F72446158
:1050600074613C696E74385F743E28696E70757443
:10507000292C202666696C7465725F64696D732CD7
:105080002074666C6974653A3A6D6963726F3A3A76
:1050900047657454656E736F72446174613C696EE8
:1050A00074385F743E2866696C746572292C2026FA
:1050B000626961735F64696D732C20626961735FFB
:1050C000646174612C20266F75747075745F6469F7
:1050D0006D732C2074666C6974653A3A6D696372FD
:1050E0006F3A3A47657454656E736F7244617461C8
:1050F0003C696E74385F743E286F757470757429DE
:105100002900000061726D5F66756C6C795F636F7A
:105110006E6E65637465645F7338282026637478E7
:105120002C202666635F706172616D732C2026717E
:1051300075616E745F706172616D732C2026696E8B
:105140007075745F64696D732C2074666C69746526
:105150003A3A6D6963726F3A3A47657454656E7393
:105160006F72446174613C696E74385F743E286983
:105170006E707574292C202666696C7465725F6484
:10518000696D732C2074666C6974653A3A6D696355
:10519000726F3A3A47657454656E736F7244617406
:1051A000613C696E74385F743E2866696C74657220
:1051B000292C2026626961735F64696D732C2062FB
:1051C0006961735F646174612C20266F75747075FA
:1051D000745F64696D732C2074666C6974653A3A07
:1051E0006D6963726F3A3A47657454656E736F7296
:1051F000446174613C696E74385F743E286F7574E5
:10520000707574292900000025733A2564202573E0
:1052100020213D2025732028257320213D20257342
:105220002900000000000000020000000100000052
:1052300000000000433A2F55736572732F55736554
:10524000722F417070446174612F4C6F63616C2FD9
:1052500041726D2F5061636B732F45646765496DB3
:1052600070756C73652F45492D53444B2F312E3982
:10527000332E32362F65646765696D70756C7365A2
:105280002F656467652D696D70756C73652D73642A
:105290006B2F74656E736F72666C6F772F6C6974A9
:1052A000652F6D6963726F2F6B65726E656C732FFE
:1052B000706F6F6C696E675F636F6D6D6F6E2E637D
:1052C000707000000000000000000000433A2F55FD
:1052D000736572732F557365722F417070446174DA
:1052E000612F4C6F63616C2F41726D2F5061636B46
:1052F000732F45646765496D70756C73652F4549FB
:105300002D53444B2F312E39332E32362F6564679F
:1053100065696D70756C73652F656467652D696D62
:1053200070756C73652D73646B2F74656E736F721B
:10533000666C6F772F6C6974652F6D6963726F2F60
:105340006B65726E656C732F726573686170652E24
:10535000637070002D310000737472657463685F50
:1053600064696D006E756D5F6F75747075745F65DF
:105370006C656D656E7473006E756D5F696E7075CA
:10538000745F656C656D656E747300004E756D4974
:105390006E70757473286E6F646529203D3D2031F1
:1053A000207C7C204E756D496E70757473286E6F0D
:1053B000646529203D3D2032000000004E756D4F90
:1053C000757470757473286E6F6465290000000031
:1053D0006B54664C6974654F6B00000052657368CE
:1053E0006170654F757470757428636F6E7465783D
:1053F000742C206E6F64652900000000433A2F551D
:10540000736572732F557365722F417070446174A8
:10541000612F4C6F63616C2F41726D2F5061636B14
:10542000732F45646765496D70756C73652F4549C9
:105430002D53444B2F312E39332E32362F6564676E
:1054400065696D70756C73652F656467652D696D31
:1054500070756C73652D73646B2F74656E736F72EA
:10546000666C6F772F6C6974652F6D6963726F2F2F
:105470006B65726E656C732F736F66746D61782ED9
:10548000637070004E756D496E70757473286E6F21
:10549000646529004E756D44696D656E73696F6E44
:1054A0007328696E70757429203E3D20310000001C
:1054B0006E6F64652D3E757365725F646174612003
:1054C000213D206E756C6C707472000054797065AB
:1054D0002025732028256429206E6F742073757031
:1054E000706F727465642E00433A2F557365727342
:1054F0002F557365722F417070446174612F4C6F2A
:1055000063616C2F41726D2F5061636B732F456423
:105510006765496D70756C73652F45492D53444B14
:105520002F312E39332E32362F65646765696D70E1
:10553000756C73652F656467652D696D70756C7327
:10554000652D73646B2F74656E736F72666C6F7705
:105550002F6C6974652F6D6963726F2F6B65726E46
:10556000656C732F736F66746D61785F636F6D6DBB
:105570006F6E2E63707000002D33323736380000A6
:1055800025733A2564202573206E6F74206E656143
:10559000722025732028256620213D2025662900BC
:1055A000312E66202F203635353336006F757470F6
:1055B00075742D3E706172616D732E7363616C65DD
:1055C000000000006B54664C697465496E743800C5
:1055D0002D313238000000006F75747075742D3EE7
:1055E000706172616D732E7363616C65203D3D2047
:1055F000312E66202F2032353600000000000000DA
:1056000000000000D9DC00102DDD0010DDDC0010F2
:105610003DDD0010E5DC0010EDDC00109DDD00102C
:10562000F1DD001049DD00100DDD001015DD00106A
:105630004552523A2047657454656E736F72206309
:10564000616C6C6564206265796F6E64204D4158B1
:105650005F54464C5F4556414C5F434F554E542076
:10566000282564290A0000004552523A20476574F3
:1056700054656E736F722063616C6C656420626543
:10568000796F6E64204D41585F54464C5F54454ECF
:10569000534F525F434F554E5420282564290A002A
:1056A0004552523A204661696C656420746F2061EE
:1056B0006C6C6F6361746520706572736973746577
:1056C0006E7420627566666572206F662073697AF3
:1056D000652025642C20646F6573206E6F742066CE
:1056E000697420696E2074656E736F7220617265D3
:1056F0006E6120616E642072656163686564204537
:10570000495F4D41585F4F564552464C4F575F4297
:1057100055464645525F434F554E540A000000001F
:105720004552523A204661696C656420746F20616D
:105730006C6C6F63617465207065727369737465F6
:105740006E7420627566666572206F662073697A72
:10575000652025640A0000004552523A20466169DE
:105760006C656420746F20616C6C6F63617465207C
:105770007363726174636820627566666572206F18
:10578000662073697A652025642C207265616368E0
:1057900065642045495F4D41585F5343524154432E
:1057A000485F4255464645525F434F554E540A00A6
:1057B0004552523A204661696C656420746F2061DD
:1057C0006C6C6F63617465207363726174636820CD
:1057D000627566666572206F662073697A6520253A
:1057E000640A00004552523A206661696C65642083
:1057F000746F20616C6C6F636174652074656E7387
:105800006F72206172656E610A0000004552523A63
:105810002074656E736F72206172656E61206973AA
:1058200020746F6F20736D616C6C2C20646F6573D6
:10583000206E6F7420666974206D6F64656C202D16
:10584000206576656E20776974686F757420736360
:10585000726174636820627566666572730A00001F
:10586000000000000000000059E100106DE1001090
:1058700051E1001089E1001039DF001061E00010F3
:105880009DDD0010F1DD001049DD001055DF001036
:10589000E9DF0010000000000D0000000001020020
:1058A00003040000010000000C00000001000000E3
:1058B0000B0000000000803F010000000B00000012
:1058C000030000000A0000000400000003000000C4
:1058D00000000000010000000A00000002000000BB
:1058E00009000000020000000000000000000000AD
:1058F00000000000000000000000000000000000A8
:105900000000000000000000000000000100000096
:105910000900000001000000080000000200000073
:105920000100000001000000010000000200000072
:105930000000000000000000000000000000000067
:10594000000000000100000008000000030000004B
:105950000700000006000000050000000100000034
:105960000100000001000000010000000100000033
:10597000010000000100000007000000020000001C
:105980000000000001000000000000000000000016
:105990000000000000000000000000000000000007
:1059A000000000000000000000000000B8590110D5
:1059B000145A011000000000010000000000803BAC
:1059C000D4590110CC590110000000000100000062
:1059D0002F00000001000000BE75D7420200000049
:1059E00001000000070000000200000001000000AC
:1059F0004017000004000000010000001F0000002C
:105A000006000000200000001C5A0110145A01106A
:105A1000000000000100000080FFFFFF0100000007
:105A2000FA48F841040000000100000020000000D6
:105A3000060000002000000004000000010000003B
:105A4000200000000600000001000000585A01106C
:105A50001C5C011000000000200000002826603AB5
:105A60008D09893A25DC843A1D8B4E3A9D48773A58
:105A7000AF4B443A1142513A619F383A097F643A38
:105A800065352C3A279D933AF080823ACB9B3C3A7D
:105A90007088873A7951793A54B9503A74A4723A75
:105AA000CBC8983A60746C3AF1D65E3A1C32483AE8
:105AB000A2CF4B3A5307603A4337753A2EBB793A37
:105AC00094D6A53AE3CE5C3ABC05773AD3E4643A7F
:105AD0007937873AD0D9363ACF25473A04000000C3
:105AE000200000000300000003000000010000008F
:105AF000DE81B45AFF4A30242B81ABFA5DAC3F15EE
:105B0000ECCC518CBA374F7F1CF38681517AF26608
:105B10002345734577B1073CBFDD816FCBE07F0341
:105B20002A87CB009C2956E481A6B6D9C74E5C6172
:105B300066D334B7CC637F7D4B09E681FA0CF79AC4
:105B4000D2817EEB93918DB21E657FBF0491DAEE18
:105B5000ADB746DAB3811D1F6F5D3446B12D257F89
:105B6000A097A9FBE32DF35F560FE48168DC7ABFB1
:105B70008EBE7F5BF7C6A721F7A281692AF8647BF6
:105B800011581398E817288135EC8FE5787F239812
:105B90000B18B22731D568E7BF977FFA7FE6181F49
:105BA00069772637FA39A5F4C39FE9B57F1CCEBAC9
:105BB000CF307F1C8867D7B9C0FC22137FFBAB5363
:105BC000BE6CC4F681EBFD001EE79430815C876FEC
:105BD000E0365BB9185716D58143D43498770F282F
:105BE000810BBD96ED9316027FB24F367E7F6C5FC0
:105BF0008CF416338825E87BFA4D812E51232AAF89
:105C0000E1C221151F8124115E8901D80D7FA0B149
:105C1000A05C01101C5C01100000000020000000CE
:105C20000000000000000000000000000000000074
:105C30000000000000000000000000000000000064
:105C40000000000000000000000000000000000054
:105C50000000000000000000000000000000000044
:105C60000000000000000000000000000000000034
:105C70000000000000000000000000000000000024
:105C80000000000000000000000000000000000014
:105C90000000000000000000000000000000000004
:105CA000200000001DF34A3E4627783EBE96703E17
:105CB00055023B3E71E55F3E05BB313E8F773D3E71
:105CC0005729273EBDE24E3EECEB1B3E29A7853E01
:105CD0006E526C3E3FC52A3EE46D753E0ABD613E84
:105CE000C1FB3C3EA7B15B3E9D558A3E6517563EC3
:105CF0009AC3493E0543353E0289383E32D74A3E73
:105D000027065E3EC01C623E5827963EBCEC473ECE
:105D1000E3A85F3EE73E4F3E47DB743EAC8E253E38
:105D20001850343E01000000200000000000000078
:105D30000000000000000000000000000000000063
:105D4000FFFFFFFF0000000000000000FFFFFFFF5B
:105D50000000000000000000000000000000000043
:105D60000000000000000000000000000000000033
:105D70000000000000000000000000000000000023
:105D80000000000000000000000000000000000013
:105D90000000000000000000000000000000000003
:105DA00000000000000000000000000000000000F3
:105DB000BC5D01109C00021000000000010000000A
:105DC0007B30353A02000000070000004017000059
:105DD000EFF8FD1D2508FF1813F1C5EFDF0A1119B3
:105DE000FC04DBDB1BDAE2EBDCFBDDFFDB22CF0FAD
:105DF0002D0718C502EBD102E6E7F228F3E3F4D051
:105E0000D6F6B5D4E2F822EFF6EFC1F4F811FBDDD7
:105E1000F11CCCDD08DA23D7EA1526E73AE70501BD
:105E2000FA1004111303D826D1DE060FCAC9DAFE10
:105E300015FECC18E100000D261B28E803C614CD82
:105E400020E825B5FACF052325BD0CF3E1C2EBF31D
:105E50001BC5DB0BECE540E60255162D09071AD6EB
:105E6000DA23F30139010C27F33B31FD30DBD32179
:105E70003329FEF3F6120224E4F2F2EDEC0FEBEF1D
:105E8000E927F2071811DFEEEE22E32A2BE00623C2
:105E9000EDCFFE0A0CE517E3F502DAF1EB1B35ED69
:105EA000DBD109D0D51BFCD60822EE23C9D01E02B7
:105EB000D6DA100EEE072B0FEFDBF70E0A3710F0D5
:105EC00005D7B8F4D0E5F4DDF1CCEE0628FD08C81E
:105ED00036FBDDF0C917340DF308FAED13D6E1F205
:105EE000F6E9D820E8DDF7CDCDFFF607E00FF90998
:105EF000C6F2C2B2F02A15F5DE06EBB41FFBD90CD0
:105F0000D4DAFC8CEC251B2411E4C2D2C7E902BA16
:105F1000F9D2041BFFE418E3180EE6D1EE0F21C8F6
:105F200020CC26FD270DEC0505F4231EF0F9E2D662
:105F3000ECF5F123EF040C1FFAEEEDEAFCD90AFEB2
:105F400035DECC30141AE7052DC6F8EAB708E209A9
:105F500009EA172A282DDA2B24F112E116EE06DEC3
:105F6000211211F03DF71807291DEF1FD01DD62073
:105F7000C7E0FDF1FD0100D1DF11FF311E280F1236
:105F8000C7EADB140AD717EFED1FEDE4D7F72100BE
:105F90000FF3E8BE34E80DFE24F1F01707CEE1F967
:105FA000F4EE03D9E8BAF10918F81C1031EC0AE252
:105FB000E7D3050809F30FB92C120AD007F9F10548
:105FC000F50A38CDD5122EEA32CBD824BD062707E4
:105FD000FE0503E5212B28C3E739ED09E82425F761
:105FE000C706D5DC2CD5F1EE21F82D1CD1D51FE745
:105FF000FD1F0FED1EE730070DDB1C1508DB02D07F
:10600000F3E111DE12F52003FC09F0D0FB0A0B01CD
:10601000E21A043AF23F14FAEB1E19F824E824DDE0
:10602000D5F01D452BF50005ECECF6330DE8E8F452
:10603000FDE1E4CAF9F43C2C11C1FE081E06ED0492
:10604000EB0DDD2B0DDC0AF213F7ED2FF21BDF2E2B
:106050000EF301FA19D314EDDAF5D80424FA42E765
:10606000F016EAD7D619EB0B17CBE5D437EB15DCD6
:10607000D31915E3E5CD0EFFFBDC2BEEFA07D013A9
:10608000F9DF0DC0E126F1121218FCD809F8DEFD87
:10609000FA13DF1218112DC81E35C4E30808E607ED
:1060A000D8E2FC1E12C6EB0E063520250C0FD5ECEF
:1060B000EF303AC0210F2D19111032D30C1928FFDF
:1060C0002F27FFF0011D1B1DFB16E1F82BC1100F40
:1060D000E7232A132B24EDFC13311B4E07FBCEEED6
:1060E00028F11B360414000227FF1EEB0C2610EECD
:1060F000DFE9F4AFDA2B14FBF1EEDD53FD221A9C3D
:1061000003F32BF810FED91B0EF5FB0F0524EFED62
:10611000FAE1E907011CDBC60AF8FB1BDF01F0BD51
:10612000144601D5E4121BC626FC2DD117BFEAD6B2
:10613000DEE610DB03FF18A8F31D2DB737C6E2F625
:10614000F71EF2F8093519481CC2181BC3A4DE1942
:10615000C724CDA8C51525E33308EAE302C9FBF53A
:10616000DAEAF7CA2AE4DD270607E5D8080E002494
:106170003DFD34071C1E0BDEF231F137010E27F80E
:106180003FBAE3D11B10F50533EFCAFB29FC17E139
:10619000EBEB380FD127CB1FF6FB13F5F121F8EE0F
:1061A000122DEF3512F1CDFECEF9DFD6060F3426D3
:1061B0000FEB07F3E5ED30FBDE0B24F3121DD9E006
:1061C000C90024FEF4D8E21EE0FED50A2C1720D91F
:1061D000FB28D8D6E017F00231E71A0301FFBA1CFA
:1061E000E508F1E62EE42623D90203073701071656
:1061F000DAD3EEE719F627E2F50C1126D1CCFDCC67
:106200003103FFD63C220E26510EDD18DBB506C643
:10621000F021E6CE20FF2FD51AD6460421F8E7025A
:10622000E408D9DEE0E81BB004100DF31D1FF7DD14
:10623000F9F2EDF6EAEC35161DF72F26D91E191ADC
:106240001CF20D09FF273819F400E619D508FA37B2
:10625000240A0DF3E801E30F0EDDF5190A0917EA28
:1062600024D52BFC1BCC1D051C15E6EAF00F05E51B
:10627000EBD016D62BD80A272C15F90405190A0CD1
:1062800009E3201308F5C5D8D91EE422F51F14FC34
:106290002CDBF9BB2FDAE5DFFFE0FA4F28F2F1F053
:1062A000180A08C72A0025D73AF7C7E725FACAF817
:1062B000DD1FE7E809E1EAB815F61E2DE1F3FAEA79
:1062C0001DEA23E42C2AF9142ACB1F38ECF7E90B3A
:1062D0001841FBC3EA151EDED9EDE6F237FFF10BDC
:1062E0000E30210FE5D20513EA02EA19F90C080A6B
:1062F0001BF52EF905EFFBF003330C2F00DD02EC4C
:10630000E201E8E3DEE63912F4D0F33F09F5EC2BC5
:10631000430ED324F119DB0E1D0C32420AE1C4D71F
:1063200016F41CDFF520DC2A3BE4F506ED151027FA
:10633000C30AD9DE2201F801E109F1EAF6091ED902
:1063400011E110162706EAE6CE35B708FE0015D58E
:10635000E5E73FE7F30A1AEF070D0701FD09D6C687
:10636000190ADEFADEEA141EE5CAE6EAD5D5F9FE18
:106370002202E01DC2F917CD13F8FF1FFC3D1B12CE
:10638000D22004CAE9E4F2DAD5EAD104EEF5DCDF82
:1063900011F82BDBFC2BF0E62F22EDEDF1041D0BA9
:1063A00031E91E11D43D1018011D2AE526F5F7EE3E
:1063B000E9E7ED262BFA2EC61222F2DEDA24451288
:1063C000B2E415E9F528220807C618280C22F108BE
:1063D00021EBF9E6040EFECFCFDA211CF4F0F5D262
:1063E000FAF75B111419FA1135F0E204FE08EAE23B
:1063F000102A0DD5FA0114D1E3C7CD12EDEEF2CE7D
:10640000EB151FFADBFFD6E3E4F604F5CDF11AEE47
:106410000FCB18DEC3D6E816D51BDE12CFB226CCC2
:1064200023CA090E010FFB10D3D7F81041C7D4348B
:10643000FDD51D22D8C9F5D6A50FE3F3F3EC132142
:10644000F3EEEFD7D4E5E527C5C50B21B9BDB6F10D
:10645000E304FE2DC5D3F40EEEF402F0EAF2FBCC19
:10646000E1F5EEF31527DB09FBFD350A06FE2FFEED
:10647000F10503FB1BF6E4CDED1413192CD409240C
:10648000FAF7081DE3251F10D7EDECF7F2EA15F433
:10649000F3291A20FCD50BDCFCDE0E3C120C103468
:1064A000EAED290006F820E5F4F8D923D9F11D0119
:1064B00007E7E9D4EBF4E7DCE7FE09C5FFDA00F60D
:1064C0000D1FE4F917FD14EE0801E202BF29F0BB2D
:1064D000EBE23BBDD603BD0B05CFE8F8BFD1F8E634
:1064E000DCEC08E3F3351BC1F5FBE2E117C93AFE2A
:1064F000DFDE12F6FE12F8DDD424CCE0CF39DF2A3D
:10650000CDD90BB6DAC00BF3F303DEEEEDFDB1F43B
:1065100021F7FCE7E8050C230AE8050A21CB0E0663
:106520000AD8F60005F21FBD04F312D9C50EF30117
:106530002CF1DDFFCD26E5290A2203F112F8C53C36
:10654000B80DEA27D70ED407D8CC0D37ED06E6DD17
:10655000DD123F07E0281DE51A1CF44CD7F3002A92
:106560001A2DFA15D929DC0324120C2D08D6C4FCE7
:10657000C1F20BFD060DE217DF0EF5CFD71ADBECEB
:10658000E1141217F9FB160EFCEEFEE1E801E0D271
:10659000F2DC2A1A21EB15FF2605F30D1A2DE70967
:1065A0000C06FBEDF7F0E7E3F3B7D80D3E0DFA016B
:1065B000B1DDC21DC7F3D5C70606D9BFFA1FF9F66C
:1065C000F7FE13E20803CAF0E801D8EFC0DAD1DD24
:1065D000E8ED1B05190ECE241DBCD2E611CE2C0809
:1065E000091FCD23FFD327C5E62B11ECC40815E9FD
:1065F000D4DAE520211F0E0AFDFE0FEA321409212C
:10660000D8D41EFD0B3405FF16D5DCEDE72439FC8C
:106610003015DE042FF3F3F8E5F8042DE716E52630
:106620003C154818F0E3E1F811FC1067FBDB16039A
:106630000607BD0BF71BE72E29FF1FCB2AF8CB055A
:1066400025EA22EB1014C8D31AED30F4F948D4FA35
:10665000391539C5F80F161BD509F854C2E4DCF515
:10666000E707EAD7CE1BEFEBEBF9DCEC3FD50232C4
:10667000C507C40BF0F5D2F10BCCF6EAF7FF0D1904
:10668000F602FADFE8E6D7F300EAE81A10EDCEBB2F
:10669000F3C4121DD3FDE80621FBFC17DDFC16E355
:1066A000ED20E818071C13F91F0F1F24F5D016283A
:1066B00003EAF9F2160305FD01E6ECF7FDE011FE31
:1066C0000B21C91C08E2DDF0FF1712E01F0107E8EB
:1066D000F406F95425F8090FEFBC1C32091609FF1E
:1066E000E72C253BEA1924190B37DC111DD2E0E712
:1066F000F818FEDFC8FAFC0534E126D50B37DD0CAF
:106700001EF508F32E3CD6F21C32F53E230714DFAB
:106710003CF45EFDEC002A002F04D723DE2FE0FAC4
:106720002B01EAEDE325EE05DC10061747FBE34AF3
:10673000B303DF2714D5FBC70C27F3BE0519BD260D
:10674000151D1F021FF5F10BC9FECEF9E60FC3FFA1
:1067500009200F3518F817EC270EFC19E73310063F
:10676000F626F8350BE8D820DF0D1919D2FD1812DE
:10677000D308212224EE272932E1180519ED2E1D18
:10678000450DE33119F3CBFED705F1F8E41A07F311
:10679000E518DE0701E80CE322101C31FC201AED9D
:1067A0001A042B341AF1EED8E60D2811EAE5080E8A
:1067B000F726EB2AE8EA2627F6DD1FECFF48D74547
:1067C00003101BF2231C34E2FC06FBF8ED49E1E167
:1067D0001FD91AF60AF31AF0E72EFE03ECFC0F0A93
:1067E000CEDF31E905ED4BEFF4F8FCE126FD05487D
:1067F00004FCBC17CAEBE3061005DAD6E3D1E715B3
:106800000D1F22DD101612C3B80F020FCC170BD3C9
:10681000D2BA090EF4DD01DB29E720E0101E050ED7
:10682000174325191212E8F23419D9D1D8D606C661
:10683000C5F9DDFE2B200AE71BF33A2DFEF5F10327
:10684000D7F606EA23140325DA4A0E18EE13F705E5
:106850002203030A2BFB2CBE0B3609F5371B23FD45
:1068600009031AFF193FF8ED21D9E1D604EFDD1134
:106870002613E114E8F60C27082CFAE922E0FD3291
:106880003BEE105CFE03100E0C05E82DF619201BE4
:1068900019FD53F82C00E8F7E8DE0C2D0D22341C0E
:1068A000D6F7E0FE00FE0C3BFAD816212AE10A3C9E
:1068B00013260420F2FCD619EB1FE1ECECECC80D1A
:1068C000110305FACD3101E71CD502FE0ADA0D0AE3
:1068D000111A0F0BBC060FE95F011FEC2DDA052919
:1068E00007FCE4082DF52909F709340CE6CD44CC62
:1068F000D108DF3B4B38EF232FF507F809210CEDCA
:10690000222721D8F41ECE1241F122232FCD16EAE0
:10691000ED26390D25CEF3F709DDB3EC18D6E01BD3
:106920001CCD6BDAFA3CD712040A05E70C25F1FD01
:1069300020C9DA09052F08C524E105E9F649120A3C
:10694000EEF7FF1AF8160FF5FA012CCAED2F29E51C
:106950002BF61DCFF4200DD8CC132D3B04DE26ECF6
:10696000FC0528EC3600430F07D412E911C9224573
:10697000D227FCD03A0BD50B2308EBD0214B251B9B
:1069800016FC1BEE16FDCF102618142BD70C0BE5AA
:106990000F1701FC4644171206F7D4EC1C13F31D25
:1069A00009FC09391FFF1C121F0620DED6DFDDD7C8
:1069B000D9D615E7E50D76241CD412E21C1F1BED79
:1069C00026FA012C0D15FAF336F1DBE1E90E33EA74
:1069D000E40C111011281BFB0C1BE0E22DDAF11660
:1069E00031101C0F0F07000920062B12F0EBFB07DC
:1069F00011F7DF250E0D2EE206E438C7011C0E3616
:106A0000E80DF3FE0D28E7E227DE2CB7E32D08E9B9
:106A10001DF3300ED10101262DFB26E4160FE3D520
:106A200034BAE3D02FED12EDF1F9E2423314E974F8
:106A3000ED24E71C0DDD0CD2DE3924F5E8E5D6F0B7
:106A4000021D1DEC133C0E0712091309DECAFD08D6
:106A5000F806EDEE1B0321C20FF425EAF6311A0405
:106A6000E8F8D31F201C02143BF8FE17FAF706E2E1
:106A70001E2FD5F8094921F4FBDBFF4DF3D9DB09C3
:106A800007CC02F6071729F2C3211E0F14F4FA14DB
:106A9000EF0BF8053FDC26EE0D231007E1E0F914BB
:106AA0005F000FE01E05090A4024E4DCCF00FEE78A
:106AB000F0F9FE0B1D19FAE2E8B133082041F63B6C
:106AC0001B17FAE92BFC24E22E16F9E2FDF1F4E79C
:106AD0002E2034EF3BE9BE2D2DF7E72014BEF71A28
:106AE000331D21EBF42AD51D1DBFD1234E16F155C0
:106AF000113EE6FDED0019B8EC3D25D12EFFE20474
:106B0000FACF12D2F710C1EB39271E20BDF0EEF7F5
:106B1000F012DCF602F724FC75F6FA0A3419F621B5
:106B2000160D17EA2CEAD3FD1CECE2D9D1F6EDFAEA
:106B30001F27220E2A05CFE2EAF22F34E0D13E15BC
:106B4000E7F8DA28FDF6E9E515E5EB071B00261B5B
:106B5000E6BFCD1D0DDD0616FEEBEA0B0C25240469
:106B60000D15FB130E30F1E7EC042BFDE700E40FED
:106B7000133CEF230F0D191515E8D7F523002C2D25
:106B80001318EEF0F1EC122FD81C05D9FE220714D1
:106B90001B345B050503F0FB220AEFEEF7C70B255C
:106BA0001BD6DDEC33F03B1CF8FA1AF407FB17E7B1
:106BB00011230D1107F82DE609FA300135FCD70530
:106BC00011E322CC0C25F10FFD0901F7C21934C7DE
:106BD0002DFC0504C324C302072EF2EB00F51FFFB2
:106BE00002D5EA2ECAE4FFCBF50EE1E925DE2F0F30
:106BF000E4D3E015F11DEC231BDB3C0E1221420512
:106C0000FFFC102A0BE2201EE8EA02D80A0F291F17
:106C10000AE2F4DD1EC80F26F60301D9EDE63B04B7
:106C2000291C0102080E120AC0181DE9F311F9F41B
:106C30002D0D11F02533DF2300F3D42AF6ED1724B0
:106C400004CE1813FFF8D1EECF1923C200E70BE0F2
:106C5000ECF6DDC8DFE31CE9FA1729F809CE04FCDD
:106C6000E0BAE00403E7EA011D02EAF518E8121DA4
:106C7000EC27DEDD06151AF70E2743DA0AF620F1B7
:106C800034D9DCF9FDDFB51B2BFDE509041024E048
:106C9000DE1EED2F1F19FA10EA2BBBF9E4240C2C91
:106CA000C811C2F5FA14E8F916DEE5BF26EE0D1993
:106CB000B91DD5FA04FBFA14CFEA1EE3251A18D53C
:106CC00018EA0A2633FBDB0DD5EEE4DCF6F4E232FB
:106CD00004DF23E7ECF827289EE0BB281D27EAD92C
:106CE00055FCD6F5B35D0CC6E016F8FF17E90115A3
:106CF000F6DD3A0404F309E50B02F6EEDCF53B1F82
:106D0000090BDEED1B062BDC2D2915BE1510E7FF48
:106D1000F6160BFFE7EBF3010BE811F8F1BDF7CD29
:106D2000F1E425EAF8EBE4DF0C07F2F82C001CEFA5
:106D3000E4FEFCC6CD1FE9D11A20EAF51BDD1F16C3
:106D4000F3F808EEFBF4EA0B06D7F2E706E5F6D116
:106D50001FB9EE0B06321C0F11EAE6D7F808FED574
:106D6000D90ADB323F03D50721D610BEC5F5DB0CAF
:106D7000D9FFFDD620220F132C2D2AFF1BF5F6ED8F
:106D8000D4BE06320429B7E43F110B0B06130601EB
:106D9000C0C318D80E060800E11E02DD0205E30E8E
:106DA0000806EA1323311209BDF2C917D819CB36E8
:106DB000D4E1F0DE16CB320112C3CBC6F8D60E2FCB
:106DC000CBF6F2F50CDBF8E9EF052B1F220FC60618
:106DD000FE27DDCCE9E920D524EBF930EA1911EFE3
:106DE000CADBEA080C0E274040F6D3F1F5A82CF4D4
:106DF000AA10C408EA08D7EBE70E19D51C220DEE3D
:106E0000070215CEDFFF29210DCFF5C8FAE3FB09F4
:106E1000BAD6D120E61A1A161118F3EDF5D9CAED33
:106E2000E00CCA04E0D0E1CC242DDEC7FCFBF80D59
:106E3000F325CEE0F7ED32F40731241523E11F1FCF
:106E400010EA1407E2FFD5FE37EA1E10DB1CE50A44
:106E5000B9D9EDE6F439F4051119EEEB01D21EF6BD
:106E6000EEE7E3D60D05EA0BF0F905FA1C19C7CADF
:106E70002AE7DDC2D3ED2A21FCEA0DEA07F5F43456
:106E8000F2B8EDB50AFBE2F5C918F8163203E828A6
:106E9000F815ECD4053CE3D904E5F3E409FB0D1146
:106EA0001300EDEC200C0D02180B0D06EFD81AC6DE
:106EB000D42EC611F91E17A2ECD4EEDF0206F1FCA7
:106EC000FEFC27CFFB10D604EA111717D5171609B9
:106ED000132EB0F1D80C18DF1F23140526EE0E0E6A
:106EE000DACABA26E5C7D7F611E6D7F1CBDDCE135D
:106EF0001210E1E8C5EF1609F01609D801D9F524FA
:106F00000E071DE905EA23FB0FD416E00C00CBCFDA
:106F100010D90DDC0F0FFF0AEA0112061B00070152
:106F20002DCEF100F2051116D5C4E328E51824E3AF
:106F3000D8DFDD04FF0FDD1C18EDD0CFE41E0F3AC3
:106F4000E5CCD9DC202F27DAF200F6E6CF0FFA0ADB
:106F5000E9230701FEE9E9BFF1E8E9EA2D04FCD7DE
:106F6000A9DF170C2A07E016E7C71C05EBCED91DD1
:106F7000CC34B6F31FED08B5011E17031EFD1DC668
:106F8000E39AD101F2031C1D1ADFD9E3059C07FF28
:106F900006FDF8DCED0B2C00D32CED34FAE2D52005
:106FA000CA10D506FED021030107DA09E0E914046E
:106FB000D7F0E2131DDEEC170D0002E30B19E91206
:106FC000E9DD39FE04DBDE18F3E3C419E2DCE1F9A4
:106FD000B62CE015D314BCFBFB0FED16120EDA1025
:106FE000F7F3CCFEEB3AF417BA03041C06EE3CE1CF
:106FF00005F7E6E022DEC6E5D6EEE8EA24DE1DE689
:10700000E508FAD2D1C71E2518E21BF9E114F005F4
:10701000D91510E3DBFDFFF9DEF9E0DADFF9C51E73
:10702000DEDFE4B9ECF91D0806C0FC1DF7C0DDFE8B
:10703000FEE114CF0CDEFD090CFF04E000FF24EF9D
:10704000FAE2F2C2D1F5D2FC0FFF08EAE1EB33DC41
:1070500027311EFDDF2D15BFE012EADB28DBFCF433
:10706000AFECBE2039D0EB2429C81AFDFFE42DF582
:10707000FB12F4DA00D41903040AE7CAD604FF04A9
:1070800020E302F1F8301FDA05C6DF19C30CE1F383
:10709000A92ADF25C41A273010FD2015EDD4F020D1
:1070A00015EBEBEA1B1BD72A1D06D8E5CB07EDE055
:1070B000D10B1D152E20E70B1602F9EBEC09EC396C
:1070C000E6E812FAFCDC0022FCB5150F1C1917DAF1
:1070D000251E13E82A37D3E7D2ECF827F3A7E8F9FF
:1070E000FDEB1ED1FAEDCDF60D170007E5F6180100
:1070F000BCE4CD0BE8ED12FE100AF204DEE712F458
:10710000EFFDF6B81439DFE5FEEC3AFDE5E7E7F010
:107110001503E609FE21DADBF4EF35E938F2D4FE97
:10712000FEC6F2ECE600030AEF0F0DF003D30BF6F8
:107130001D24DAE6F2FCE9E6D3FDEDF41FEBFAB725
:10714000390F2BF2D5E7171F0AD106F333F801E602
:107150000D2B3121DB15DEEAF62CF5E8022D171098
:10716000030AF7D3D7200DFE00341509E8F72222D1
:10717000F224EE1A32163B2EE0EBEBE5C6F0E311FB
:10718000E237FDEE18DB2136EA0609E63EE6E515B4
:10719000EACCECE112E7DA1CF4D0F92C2B91F407DD
:1071A0000102E7EA18F90E0A05F1061B1FE11BCFE1
:1071B000D7FAE4D9FF1FFFBB0731E3ECDCDC27196A
:1071C0000616D60B01F9B0F23DD2D81506EBF9EC54
:1071D000252D18DF28FC17F101EFF6F4F80FDFF783
:1071E00017EF1808FAD80DE9F9FB051B1728E8096D
:1071F000D710F6C9E3010AFEEF14231F19231F0F4E
:10720000EAF5F1C2080C0B1C2FFDE4E6D72BE60AC9
:107210002615FFD41217FC0221ECE22216E8F5280D
:10722000F3E30BD6E6F9FE13F92B05020D08130361
:10723000F211F0261A000517FAE416DFF62E2DF8E3
:1072400013DB25E0D8FC0DF701EFF9FC4010FCF64C
:10725000F9E8DFD9D73C0FEE32200F1B1B9A0EE561
:1072600004A81421EBF1F8F11DDA0FD3F9EA21D2C9
:10727000FFF8D6F82F0CFAD14A302BBF0CDB36FBC7
:10728000DEFFEDBDE711E0E42AFF0A2FFBC4E4CBEB
:1072900004F71C2DDBE4F4D4CDE4E22A08E31EFA63
:1072A000EF4A11F4FAE9DA0EFEE9DDDBF70B191506
:1072B00013E823F210EC20DA1A100CE3122BD50499
:1072C0002539F1CD20E8F2F7DE12391D0D14F22C2C
:1072D000E6150EE10AE13CD2FF1BE6FA170905F7B5
:1072E0003DB10429D0D315D815EBE633E50A1D309E
:1072F000D3EA020AEF1409DA2DEBE6E5032D2FDFBE
:10730000DE9C140403E9F821CAECFDBAFCD8EB3A80
:10731000DAF916C3360C231FF8F1022118C60BC484
:1073200016D90A040F29031F280A0B07F7FE310399
:10733000E3FBCEE4DF122B07F2103B110AE7D30088
:10734000FFB1FE0FD0E5BC2546EF092022F116A9BA
:10735000D8D9F0FE28041FDDD21B27C31AA7313766
:107360003DDCF71BF12A0F0A24EA2F2813D5F6F883
:10737000E23A0A2D1DE4EE07E33FDBE6062A5E2C27
:10738000EE1811F01E26002CF3BA2E2B2C131D2301
:107390001929DA27F9FCF3D30A10D2290ADEE0FA18
:1073A0001450FE27161BDF06EF21E3E70FF1150748
:1073B0000DED2CD7090BFA300D19DC0DF147E9C49E
:1073C000E402ECE5EECCEE1B15CAE1D517130BFA7F
:1073D000F515C6CAF136FE2E3DF52C191CDD0DF74C
:1073E00015EAE4D217EF1CE5F1C2C20EF70019E36B
:1073F0000708D3BCCF0005D6E82BF9F12CECF60931
:10740000F0F3F7D936D4B01507F6F10EF4D8E7E368
:10741000E538D823012FFEFF240B240D1DBE27E1E4
:1074200002FC2E141E0A041B10282C2209B406D4B8
:10743000E21CEC34E72F01E9E91BE2C320D2302142
:107440000822F7E30DF7E2ED06AA33EDE5D707DDF5
:10745000E6E53333F41924E5CDEBFDFFE7103AE51B
:10746000EE151E1C1AE62528D20E24120DF102324A
:107470003225F1EDEFF332E42ED1F4CA05EF20F21C
:10748000AB1CEA1024C7141F01E80801F6E6152119
:10749000F1E9F800E617070B051F20F5FEB6D5E960
:1074A00006EC0200E6D3FECEDBE3BC0E1AC2F9B94D
:1074B000D8F8A60607E40BD52C1F140720F0C2FE4F
:1074C00008DAD0E71DE0E92CE50DF6E0EFE5181845
:1074D000F304E41A13D9E102D826E00DE01905F00F
:1074E000DDF7F3CC0A0113E8D315E727EBD7ED2539
:1074F00015E621F9180A3A34FFF80FDFFBE911000D
:1075000034082B1DFF00D720F0121912BFEDF0E058
:10751000EE322DFF0FECE3F539E1EBDAE0F6DB0CB0
:1075200011F6031533D3072601D6320932D6F1E915
:107530000ADBF0F0D029FC15DF17EEC620D61BC5FC
:10754000EAE81CABF81ADF20FF3207DCE9D7022C8F
:10755000C402CA0E0D19F8E51EEFFCF80B00F61276
:10756000FCFAF9E2C91ABDDDFCC22C05E7DDFE0A12
:10757000E6BE2FE69435BAFCFA09D9E4CD12E50E41
:10758000E7D2F20FC0F90FA4E60DD109DFDCE80164
:10759000F901F4FD1BCB0735E2BF1E3BDDE0FCDB50
:1075A000EC16F4CBD528C3FAD80008FBE821F3D6B3
:1075B000CE1ED60210D007E006BCCFDFBA00202BCB
:1075C000D60AFFD7E811D4BED4D40516BDF6DFEE37
:1075D0000BFE3BF02C43FDE3520E18D23017311D49
:1075E000E02CFA0816DF2E392DD7DD0C04D20F1D42
:1075F0003BF7F0F2E4F0DFFB2C26241221C105E872
:1076000045BF21F6EE30E3F21CDBE80A09C7E32BA5
:10761000FDEDE30D15E92AC2FD06DC9BB926C5FC8C
:10762000FC1E2BD4FAF4F30F33E5F0F2F0D4F6C7D6
:10763000161805D8F2D3AAE7E0D1062CD3EC05FE44
:10764000F7EFFACEDAFAD2D831E7EBED11DDDBF65F
:10765000F1F3E200E613EF0A22DC083828CB20F52C
:1076600031041CF8063FEAD2DE2B11E0D10AF6FB0A
:10767000CBEA01ECE408D024F8BB1F17F105002386
:1076800005E3C817C619F32D0B003BF703F8D51611
:10769000241630D309E501070A021B2117DCE9FC97
:1076A0001E2DBA19EAE2264DF9D50E201DDD1AFE6F
:1076B0000D0E1492ED1E1615040F12CCFBC110C155
:1076C000FEBAFCE3154115F7ED24C8FAE4B1F3ED79
:1076D000F1BF05FF27C6DDB4F801F60106F7DB367A
:1076E0003B1CE4D8D031170F3A0C1B09D0D4FAE078
:1076F0002D08081DDBE6DD18E3C21E3911F3121355
:107700000025FA0008FBD63ACEE90C08D3F520F1A3
:1077100002ED19F517FCD8E713E2DB041614FCE1BF
:107720002531F3FBD20002EEFC2B19D8F429FB091A
:10773000FCF61719CFECD7F90A1A080B0C02E9105E
:10774000370CFA182CF7332336EEF2DADBFF0DF99B
:1077500018082DBD0020F12602E4FCFC37FB39CAD5
:107760000608B7C70DC00A21FDEBD5DE4008164458
:10777000112DE8D220F32C0C390D2A2109EAC8CBAF
:1077800025F7FDD3F0F7D71513FC07E1FAC9F71178
:10779000F9BBDEFFF505F303FB22ECE0FF07E51D77
:1077A00026200AB410DE031738EB1839E6B2E6F2E9
:1077B000FDD33111E9F8B701C6C8E3F0D90F06EEE1
:1077C0003534E91CE9E401C7A516F7D40002E5D970
:1077D000F4C3E515D015F7E735DBD22126F715F907
:1077E0000028E202FFFCDDDED21600CE23F3022ADF
:1077F0001B110812040E22F62FCE1EC92735D60201
:10780000E4E7E637E027DE3400032030E3FDF9EC5F
:107810004225EAD01E1207EB2B02003A360A1BCB98
:107820001556FF0114F90D2E11FC26F90FDF171163
:10783000324B1DC718E524251FE515EB22B5D79E51
:107840003BEC12282CF9D20FE4F11D33FF050FFF9A
:10785000DDD2F12BC717E5B7C42EFEB4D1FAF0E3A1
:10786000F117319CC007C1D225841142D1C2D6F292
:10787000000F1C03AEFBD307C0D5D2F7B51008FB31
:10788000F1E5D9F1C0B21308D60C0B1222FFDF12BA
:10789000E19FCBF904E61B1B220ADF3DDA30DB0453
:1078A000D9311A051D3D1C1C032211DD223FF6FDB6
:1078B000FD161EFEDF0BFF0E010203D5181B12077B
:1078C000D4E6C80B1311BEF8FD15112E1E0505D602
:1078D0000114FA0E3DD550ED0E0FD7130AD2E22354
:1078E000D90ED0E715E245D53C1FF1F9191AE80F7A
:1078F0001B14D3DFCC150D0AF62E020B13FBC2DDD1
:10790000080B04E20823E3E2FDB9D514C5DE191122
:1079100002D7BE1FE4E620B9E02716BC9FF6C221BD
:107920001FFEFAECC30DEED90BE104F1DDFCCAC079
:10793000F3EDFADE05C3C434D4E7E62B131BD2E61D
:10794000DA01C018FCC119EAF6F2F10FFBE7BDE25B
:107950002DEAD1050EE9FE0DCE0A1F3422E0DEE647
:10796000F30EEB0BEEEA2A161C2A1E111C1DD01C6E
:107970000A1DFF32021EDAF418CA122410ED27F78E
:107980000304073AE916C91CDC2028CB39FBD9E5EA
:107990001A1AF500EAEE202A081DE8D2F12C16F09A
:1079A0000927F7D2260F351E16E1E6FCF3ED0CE5AC
:1079B000020509D70AFB19CDF22315221CCDFCFEC6
:1079C000F1F3DCC21F1F01212BFDF407DBF83407A4
:1079D00015E7F91FB7FAD312F9FDFCBED0CBC2F7F9
:1079E000E7EDE5DC0EDBCACB030224EDBFD70AB31B
:1079F00009F31F1FF6D30017C3C0CE1E003E263961
:107A0000B41DEFF0FFB3F6180FDDE2EE27F1C12849
:107A1000E5F8EB2111FADAEA15F60606F0DBCDED12
:107A200004F0D918E8310303EDDDFAD20B0A02FAAB
:107A3000FAE402310CE33B31F7C6E604100ADC2716
:107A4000D7E1DF29FAEB1701072AF1151F2611D01C
:107A5000D302D010240DFB24ED3EFFDA2711F804E9
:107A6000EE0503EF132F07DBDFCE2004D721E3E47D
:107A7000FC0A05E6EF16321A103C02E521CED807C3
:107A8000F46921BFFFE1E712EFE3C435E6BAEE1770
:107A9000DB15EF2ACAF9FBD5F3210DC9D7EDC9F4DF
:107AA000EAE51FF2B7DD08B9A7E4DDDBE19D22BD01
:107AB0000D030CE017A0B108DCD0CEEFE5181E0BCB
:107AC000CF22B624EECFC9C0BE02F30A09E9FB16E5
:107AD000EDAA22FED4C11AF619E7E5FDD61EEBF495
:107AE00011D007DAE1E9EFF1D3DB18B6DA330EF59E
:107AF0002517DD2BE6EEBB2A1B040DDC0C23DA2355
:107B0000C6C9DD3D03D1090BD60908DB1A181EDBF7
:107B100002351004F62BF2CD2128F2E52011F4F104
:107B20002CD0CAE817E81A34FF1512EDE2344F2AB8
:107B3000F62CFAEDE5E200E1E7340312EBDBCCCA08
:107B400016FA04DFD4DFE10202B9020D03F8EEE118
:107B50000ECC13E5FB13E9E11520E0CCA61DC4DC37
:107B600012D7E5F5F3F7F0DEBDA907D0AEC100C529
:107B7000D0A5BD1CC910D119F6CCB5160A07180836
:107B8000F309F20F07E6EDC9810116B6300AC3DA30
:107B9000D2E8051ACB27ED0B10C1F9FBE508F0FB85
:107BA000000BCE25E2DA19F8F915EA130FFF18D702
:107BB000E8E4F4EC2617E8ECEED931DFFC05C62E3C
:107BC000CECC2A5204EAF3DFE70802F7CC1324F8FC
:107BD000413E030A24272A2100092CF9F8DAE9EDAD
:107BE0003528180E192B0102FCEF02181C2B0FE090
:107BF000DAE7FC141A05DF20E5481FFBEBE5EE1C75
:107C0000F6D2231D1414EFEC1118C434E9C4CF1BB1
:107C1000FFC2F225DEB2B3E7E1D8DBDCC2178B2668
:107C2000F11F0E98AE1500DFF7EBF816F2F5EEA790
:107C300003C3C10F0917CB01D212DBBEF9CFFAE49F
:107C4000DCED06FBCBF02DD0981715DDE1CEAFE7CC
:107C500028FEFEF4FCE9DDCCF3B31F1EFF12B423B3
:107C6000FAE42028FEEAC700EA2FCEF1D6EEE803B8
:107C70000615AD29F616F0C822C9E221DC1E0D2436
:107C8000FAE0F608FAD2DC0922F6E730C827FD0749
:107C90000E16E52226EE332502FE0D07D20A043128
:107CA000FAF80BDEF3BECC2E131CFD13052734E3CC
:107CB000210D00E3EBDC01F6D3111DF0EFEA0AD051
:107CC000F8FCEA12F3D706E3D8F8EE28EB1EF32708
:107CD00017140B1AD4BFEF01D5F3F1CBC6EBA1FFFC
:107CE000D2E7DCB3F60B19E418C205EEEE22E4D1BC
:107CF000E3F92CE2E8DDF6E3B7D1FBAAF8E539E4D5
:107D000000C2C7FE011626C8D1E6ECC2C6EAEE35AF
:107D10002D04DE15DA21DBE1EEB5F41BEE3DCF38A4
:107D2000F52229FE0517F203000EE934F8BEF82803
:107D3000FDEAB11804E8ED0D06F61436E7130B075B
:107D400024FF05190F05AE0232EC17DEE61DEAF539
:107D5000191836ECFEDBF92006EC0E260BF3FE06B6
:107D6000F8F618151898E90F24FDDB07D4EC23ED7D
:107D7000151B1CEF26090C1ED0431A00E81713062A
:107D8000C63E2DE4FAE605E3F43DF1F216ECDDD053
:107D9000F7F425F8B5D2E91ABB00E0C3DF3EF402E0
:107DA00011211CB9EDC0B9C1F9180B1A0AFCD8177A
:107DB00004232EC42BE7CCC4E4F49F293D99070883
:107DC00015B4DFE4CB19EF06DDBE25B8DDBD013902
:107DD000DD12F709ECFBD4061ACEFD07E2FD0CE537
:107DE0001B25EC0300CBED43E5E5E107F0CD1CD10D
:107DF000E512AF35E20F18F41920FA05D517121C59
:107E0000071BF126EC2EA2FFDAF91A001F1E20F73D
:107E1000171EE121FC09C91AF3D8E40327F2D62F73
:107E200009E8C4DD1ED5ED10E7E5D70FF3EAF9F94F
:107E3000F9F80CEDCCF1E6EC15EF1323FAF7E913A2
:107E40001D382C23F3FCFFF0EC0BEC1BECD5DDE430
:107E5000F5F3E911FD0C2101E8E9E41ED52DDD184B
:107E6000E127112BD3BBCFF014D8FBF203F4E2F7D8
:107E700002F623C3DCEAE7E711CAE3CF19C913E02E
:107E8000F7DDE8E0ECEE3410F1F5FF0831DB073FF9
:107E90002B01ED10344113FE00F40C023016E8E122
:107EA000CFF517EEDA19FA1F051615FEF3EC1009D7
:107EB000D41B9EE1C407C9E50908151A17EDF30C98
:107EC00015F52DF2F822FCF205302621F31D141CC5
:107ED000E52B11C2F11316000D1CE40C2304ED1C5C
:107EE000BD2EF6F8E2E93027FB031A0B1FEAD41C7B
:107EF00020EA0E450519F4EC1CE5FEBBFD1916C57C
:107F000023E141D20C22DCF10D1AE7C02D083BF72A
:107F1000C7A1C3E6D9D00919C7E9E40C20253DFB68
:107F2000CA281205FA9EE0110F004B1CDA26E9F56B
:107F30000C310D001013FCE5EFC2273A16A5EBF14A
:107F4000FEF7F0EF0CFF2430D7DBBED9FD07162675
:107F5000B2F1F2030F1922F60C2EC902FDD82C2D16
:107F6000FF300AF831D916240415FB1AB82FD8139C
:107F7000CAE4D434EFF514EDF0163420F9320CF7DE
:107F8000F1FC200D2EEDF9F81F06EAED20F810DBCC
:107F9000DEC6F10A2CEB0AF6FED8BB162C0DC81172
:107FA0000622FAEE240C29F2121D2CDBFD2BF30421
:107FB000F6F6CC191D2FE5D0E0D6E601E1E4ECF5AC
:107FC00003E92505F603D314E70906A41612FF01F9
:107FD000D2E7F2E9D2E612FFDE2BEBD0071525F44B
:107FE00008D3FD0EFFBBD3B30D05FCF9DC22D6F799
:107FF0001D24FA031FCCE10BE8E21EFBE8F813B0E6
:10800000EBF6A6F0D814040CFB03B0AD14DED704D5
:1080100018F8C12F29E1F3182FD0B92332F5EE2D2E
:1080200015DD3CF0F5F5172A38F8E208C618D0E05F
:10803000CF2BF6EDE3FDED2823DA4725112CE026C2
:108040000709CD01DA29E8E9E303E0E82B411E1531
:10805000DCDCF8D6F9CA1AEDFF23C9F51B21F5F3CC
:10806000E0D40315E3FDFDE7E0EFD812E818C324E0
:10807000E211F5DBD9E8E9E4FDCA22E306FDB90225
:1080800030F8ECDDF51C0A06E21ED0EAF21EFDD542
:10809000FCA8FBE8CFDFDAD0010CEAE2150721D516
:1080A000FDC1FD11DCF2C9010F28EE13EA0AEEFC56
:1080B000D70203D0D21A44FCDFF03C03D9F3DB2013
:1080C000090FE8E7F00CD5DD1EE3DCFB1FEA00E951
:1080D000E9FCE627FCF629D73102082508DD31E264
:1080E000F7C63236EE17D604242C1C0505DC08042E
:1080F00006FAE50AE612F73E240CF725E6181D16E7
:10810000ECCB161BF3F6180EEDE710F928EEDB2783
:10811000DEF3EAF305FB160A140CA6F2DF1CFAD80C
:10812000EA341CE7F90F36C2370C30F8C403B0E16B
:10813000DC26230520EFF92FE9FBED1CDB30D50011
:10814000D51CC1F5EC2EE33CC9F611F3240CF2F674
:10815000CFBD1B030711EFBCE8EEA8A7333DFF0B13
:1081600006CC0B021C1DF6FBEC000AE5DCFDDFC9AA
:10817000E301DED9FE31D00F0C2207F41F400709BE
:1081800013E9D4172E0602E8EEEC0AF72224312672
:1081900012D9BCF6FDBE0EE5252BC025E10C1EC68E
:1081A000D319BE2A26FD2007DAC02ECDF301E6E55D
:1081B0000BFEE02F04E3F4062022D8E235CD13169F
:1081C000F21D1422E004003B080310E4EF031D1C21
:1081D000DAFED3CDF5042DD1F5F6FC18F8C71BEF68
:1081E000E3C0D8292C02F8C0E531E00603CDF3F056
:1081F000050AFCE00D04120A03D2272D0F17ECC666
:10820000FEECE0FD20F0F6E8114317CDD41912D7AB
:1082100027CBEFE8F2C2461BE8FDB1EFFF18EA10EA
:10822000FF09222D2224BB191BFCEEDED301ECE753
:108230001505FD2BFCDEB6081CB4E32B17F5ED0A83
:10824000F118CE3FDC150AFA23EFD9EE362839179C
:10825000D2FDD22817E4180800F4D008FAE9EC049B
:10826000231DBAFFD6ECDCF6131305C9F6151BF275
:108270000A08110428DD132816DB20E20DDCDF19C3
:108280000B95E609162ADCF0E712FBC621EE100575
:10829000CCF7C812C820D8252E0111DFD5D411FF84
:1082A00019DCD6C9EFB01AF908F0E3FD39E006E6AB
:1082B00017DD0B0AF9F900D223FA14F6D302F8FA03
:1082C00009E1DAF6EB1F29E105F7CEFC23BFD8CB95
:1082D00014F2FB18DD21FBF6E6E7C1CFFAFCF9F159
:1082E0000BF9281FF30DC200FF2C23E804FB03B990
:1082F00003242FF43AFCF824EFB3FF08F60EF11430
:10830000E72CE3FEC612F12123ECD9DA38FE19D6A8
:108310000718CAFBFAF21331DD11D7BBE714F8F9DD
:10832000BEDBCD392FD41E01FB1FFCD8F5040DF8A0
:10833000E10FFDED0BF7FB0D2FFB17D9F71CDD0F40
:10834000F2CBD11E2310D5FCF42501D52DE9F5E59E
:10835000EE001A06344220D72605050D1833EAD65A
:108360001604D20B28EEF4D1E91AFD220BE2F6FF37
:10837000DEF1F7FFD7FA06F016ECF2D70BD4F0FDDA
:1083800010C7F0EAF4282304EBCFD6DB040206E2A0
:10839000D0DD01F1F2F9CAEBFF21C8E2DC03E7E826
:1083A000FF15DBFBED01C4F8F9C1020B0DE706E494
:1083B0000EC705E4FEF8EA0D1BC711EAD3E41CE87A
:1083C000FB2F0ED7F9E70CFEEACE13CC29F6E7D83F
:1083D000E119E4EFE933DC0DF23400E239DEDDD5FA
:1083E000F1DB07F52FF2F5FD150FE3EA18E5100DA7
:1083F000041AE8E3F3E22B1C1CF93AC82A242812D9
:10840000F63E1601122E3A2E42E60AD1FBF303097C
:108410002607F70B27EAE2F6100C3112CF270BDA0A
:108420000623C528EAEC0BDFDADFD905EFFFD50C10
:10843000DF1611EB2C1122F6DBF6CF1415B51DE279
:108440000C19F10C0827EB16DD0EE8E2D5E613F85F
:108450001711FEEE0AEF1309DEE8E4E0280EEBD276
:10846000CCC6E3EFD113042FE6D2100BF110D8D114
:10847000F41928C4F72B181A11E4F2EEF81521F3B9
:10848000C4CFBB1900E00A03F10D15C6F8E5E4F905
:10849000DA0904FCE9E11CFBEB02324618F5FDCFDA
:1084A0001AF8DFE62FD9DD0D27E7210B0DC43705BC
:1084B000FD2B1ACF26DC2AD5FDE4F42F170FFDEB98
:1084C000F1280DD320DE07FC2400DED70B051411A4
:1084D000381BDC15E6CEFEDB25FC2EC0F62F03276D
:1084E000F40DB6181121290DF00C2BFACFFA080C57
:1084F0000AD90F34FCD1CDEBEF181741BB0F3F0564
:10850000FB1F09CDE5FCFA06EED5FF0BF8E4E731D9
:10851000092C0920FA02DAE21ADDA51D040EE5FA9B
:10852000C94EE3F60AC9F5E31BE2DD0BE51D13E1D5
:108530002912D717F3E0EC080F07F00F2609F121F5
:10854000E2EEC10005E14306BBEE37D1ECDBDB0216
:10855000ED2908F41F2735E03710FA2F1F00F5D258
:10856000DDD0FD22013112F6D2000911FEB41B0646
:10857000272912FCDB0800E100181A002D22FB0756
:10858000E1ECED15E0EB1716F10FF4FA1BEF2708FD
:1085900035F0FA1D1BF30F16CA18F9F214EAFAE0C7
:1085A000F5BA0CECCF00C727EE27EF0EEA12D9146C
:1085B00012DC2A17E5F4FDF3F907E1DE0FE447F1D9
:1085C000C8F82AD00608D4DFE2DDBEE315C1DBEC33
:1085D000DBFA18F405BCF9F6C5F61E1E0C19FD2AC7
:1085E00004F8F7FD15E3F8120B1ADFEFF319CE05C7
:1085F0000BE83E0F2CE7EC250CF5D8F72BEF26FF08
:10860000E815D92EE61020CBD332401D0B23FD35C3
:108610001C15E2F8EEEDE9182EFAFF1E06C5EBDA9E
:10862000410A23021621D8140E0DF8E8E00D18E9CE
:108630001DFE0EDC0509E915DC05E7E0F7FAE304A9
:10864000E51039EE0234243AFFE6DC11F6F111268A
:1086500024DEF121E5DEEE1CCDD9EB0FE91D1ED4A1
:10866000A0FEB4DB0E1814F505F5D8E62C070707B5
:10867000230D14361DFDC600BF0DD10D04CE07B469
:10868000DCA2FEFE110333F6F9C5CE1E030CEA365A
:10869000E8FC1C341CFE0DE1FEF5E3BFFB0DFD13F1
:1086A000051EDA33122CDEC4CC0CF531D4FE2D209D
:1086B000120C39123BEB1741D30D27F5F61724089E
:1086C000CEF0ECE813D116EFE84911D2202817E9D3
:1086D0001CFF16F8E7D5ECFA0625D02034EF1E0271
:1086E000F81EEB192E1FEE08FB10260BEB1EF60AE8
:1086F0000AE3F21DD7E6D9FCF908011222E7173781
:10870000F62925D5EBEDF9F9CBDCDBFFCE19E2C874
:10871000E9F3D1CB0EEDDE061933D807D7F7EB0E10
:10872000EECC980909D02CD8FA1C0F1612F11A0AAF
:10873000E621E93AF706C9C0FBF7E6E72B0602DDBA
:10874000F91727170F0C1DFCE4F5E81DF7DA0AF6F8
:108750002419ED290212F4DE090806F4FAE3F10700
:108760001DDC0E03E1FDD71E08111BEBFB37E9E60C
:10877000F9FF23EC272F24F2301A302F12151E1E7A
:108780002DC715FAFC06F827DE0B192C15E92E1D4E
:108790002E002DDFE5FFEC1DFD00D6D418CEC5E67A
:1087A000F827C80106130EFC4009E10C133ACC0867
:1087B0001914CA33ED2BC002DAF5EE200C2C05CECD
:1087C0001AC70DE6220EE0C308EACFF0F10310E865
:1087D000D3F6D509FE1FDEFCEEDF13F0E9C920BE9B
:1087E000F21EF007FEACFD16020E06D0D6E81CC63F
:1087F000EF11131B09E80707F803E723F82E39EAFE
:10880000094AF4D2D7DEFCCA1BC3F9011EF8D3D043
:10881000DBF4D7E722EBDFFD1F25F64422D722D277
:10882000D0032741DDD8EFDE1DFB0823FF0306BE82
:10883000E8271615083724DDE2EB3212E3D4E7E02F
:108840001E18382B2B0B170A0F19D415EEFE351DE9
:10885000001BC83208D70D082BFBE32AF31B1DEFC2
:10886000D040EB1BDAD2EAEF08061B2E2A35FACBF2
:1088700009E72D24D91EDD17D2D40135DE190BBC32
:108880001407070CEE0EE61C2111101612C9092759
:10889000CAE71521001513F3DF13D81106ED1ADB13
:1088A00025EFFE0A17EB0AF0184AF40324AF0CD2A6
:1088B000ECFDB60C1FDB1FF60EFB2F1D9F5632CCB6
:1088C000F5FC0715EB2AC7DA05C9F91507F301E529
:1088D000DBF30D171CF4E81CB9121211210DEE1375
:1088E000DD1A1B2CFF0BEAF7F0FF2218F939D0E94B
:1088F00002F642F131211D31321A254EF5D1F5EA49
:108900001BE42404D701171E1AE300E3DE28FCC38E
:108910000201C501DA090E202A040438E105F61126
:10892000000DD612D0FFBCCDE7E41B1EEF0AEE0708
:1089300015D32D003F1621F30707F64BE7E8E6278E
:10894000E619F1FF09F2F4EB06241722FB22C746D1
:10895000CCED0E1BFAEAC101CA14EFE7FDB1D4C495
:1089600011C5EDF110DD261FE4EEEDDCFD07D1D1E0
:1089700007F4D6EFECFB1704F7C0C9D3071724F9A7
:108980000AD711F800E7CCD0C803E7D107DADAB488
:1089900021E0FC270BDF0FE2D9CC08D40E3CE5E93F
:1089A000181DD34F00DFD729D91EF72414F1CA1B95
:1089B0002426F9162611FDF4D4F02923F92B172FBC
:1089C000352412ECC53B26E52026D2D7394D46DBAF
:1089D0002B02F2101807E7EBCB39BE11DEFB23FBAD
:1089E0001205D42808E7DED4F6141DEEF10D08D3E5
:1089F0001B1B29EEE8E50C1CF5E31406CE0EE61B66
:108A0000ED3CD80DFEFE2A0613D829E607181203FE
:108A1000EA132FFFFCCB03FE1E23FA00D5DCF0FD8A
:108A2000FBC8DFC3D916C5F8F4CBD908D5EAF9DD00
:108A3000D3FCBF02AFFEC2DCF00F0E2CE313E3E762
:108A4000290DCAF506E3ED2D0C0BFEE0BF0E080460
:108A50000900E8054FD31C20F4C6D40A19E637F6FE
:108A60001830DF2B14310FE4FCEECC0E21FDB6E8FC
:108A7000E93A173925DEE818EDA52B1CF01CE6F3C2
:108A8000FD0FF63DC5F100E8EA13F9F31C123AD2E6
:108A90003E9FC1F3CD0C1710DF2BDD16D119F5D990
:108AA000DBFDBCDE0C18CCE90B4B29EFE6EA230C0E
:108AB000D8000E2805EE02F1F7072AF804E826FE92
:108AC000ECFFAE1AF115EAD9D6EBFD1010E5090B53
:108AD000BCE6DAF028DCD1F1F6EAFB302ACF12CC82
:108AE0003E2324E71107F5D908CAF4D7C7E838119F
:108AF000E9D3D8140707FAD0EED6CD30D6DEF80881
:108B0000212EF8F415E11E37F4C3EA0B19E3DDFC5E
:108B100002D707EC1CBEE11B1F0EE6FB073F38F631
:108B2000E01C0517FE190E10DEDB15151918D70FFE
:108B3000E000F302EAE9AE0D29CE2F1CCB18260582
:108B40001A1BFB0105EFF704FA17EEB109E120DD6E
:108B50002BE9D2FCE6C5FEF2FF081529F212F4213A
:108B600013040C0B1C1CE7F2EC3EDCF523F0331174
:108B70000CE907D218D62DF40CD40FF123231F1FB4
:108B80000017C631EFE016F1E217FAFE11D21324F6
:108B90000913E4ECD2041CEA143412FDD6EF07EBFF
:108BA0001DE0DCFB1AD9E1ECF00BCBBCEEF30F11AE
:108BB000E119133EDD06F2131108FCF5050DC1E6BF
:108BC00011E0D6061924E122EB01A4EAFE11EDCE54
:108BD0000313F0EF1FDB2FF10216F669F61E49E3CF
:108BE000F8F6211CEF1DFCFAC8012705DA2BDC4141
:108BF0000A24D9ED252C0BF213F10007D4F5C3DAC2
:108C000025FCC73DEC403EE5EE14F2C445FF36249A
:108C1000F6BCFC04F1C5F21DFCE3EFEBEDF3E0DB89
:108C2000EEE9C1400429D93CF3CF15B82A1804E96C
:108C30001CED01F600E3DCE9FCF5EDD1E514DF09FC
:108C400024E1150EFB27CB1C0A11FCFF3B06E5F5C2
:108C5000F3FD0114FF07E7E807F4FD09F50F0DE048
:108C6000FEEFE6FDFA0404E7F6F91DEEEBEA0DD19E
:108C700002F9DB1BDAD904E8F30510211CD7E4CC98
:108C800008251434F732132D1E20BA071CD215D82C
:108C9000C2DCCBF72BE912F60F1CFA0BF51DFBE13A
:108CA000FBF4EBFF0222D2001FE4202CCE01E2CB2A
:108CB00037291F1007DB06F7E9CB1A01371D170A02
:108CC0001054C70FFE12F0291B312EDBF5E8DCFC37
:108CD000E41524F2D0E31412092A0D03FEE8DDCCDA
:108CE00020092C030A201036CCFEF8F4FDFFF01901
:108CF000DDE2FE032F0614140CF506EFD92220271F
:108D00001E09FED9DB0BF1251F0D0CD8C210F60D84
:108D1000ED00050A1B393341CD29FEECE8DD340BAB
:108D200016D00FC913D2E50C2B0E1D23D7E8DDEBAF
:108D3000EB1BE404DBEFD4EE0A040FE40C2FF8067F
:108D4000E1EFEBF1D9FA0E2107FA01EDECC3E220D5
:108D5000A61F031CE5ECFAEA200FE50AE917D13F4C
:108D600002F51445F115F01FC72B1700FED726E7B3
:108D7000211EFAEF480D10362BF2EAE6CE3EF7F749
:108D8000E447E608F1DDFF3B0D25021F39F7F11638
:108D9000001DF80D21081EDDDEE6FE330A1944C26F
:108DA000EB2006FCF2CB2929172B15270D21F62CD9
:108DB000FAE8D8CE00ED2A15EAD0F6CBF414331831
:108DC000CFF0F3F9DFDEDB1CFC2B01C70704010F3A
:108DD000EB19E3C60C021C15180638EF251BFC1214
:108DE000E302090DEDD80DF0CE2607E4EC301FE2CA
:108DF000220C1D1CFCC908F2FAE6FC20EC1B0CEF4F
:108E00002AEB26E720ECF80924DB1806D0DAF12853
:108E1000EDF2D2F90407DA32F8290F2EEED7E2E3A9
:108E2000F8F6ED012724F5FAEBEF0D15C2DB30164D
:108E3000071623FA1810FC190EEE0EF9E00EF7F3E0
:108E40000428131910F72220DA1DF20A290EDDED8D
:108E50002DDA23E81106F11B191FE843D2ECEC00D0
:108E6000D40C0B14E91D250FCBFFD3CFFB19002722
:108E7000F8D1C41CF5D3F5D2E3CFE5D7F6CFDDCFDB
:108E8000F6F7C71C1DF3DEE9F4FDD214EFEB0BEC93
:108E90002B000BE32019D310E8E52DD0F3E2FDEA17
:108EA000DBE4CC10DDF3D915323C220BED1014FDC0
:108EB00006EEF509232B0FD91CD5151E25EEE7F676
:108EC0000711E4F3211101EDDCB216FF22CDD8F930
:108ED0009304F0EA0523E62046DB320DEEF8DAFAD9
:108EE000381E06D90018EAE30805E2F3D3F4F8DFE8
:108EF000EF0823000B2B19F31609F0EB08142E2EA4
:108F0000123A103D0F05EA1FD4F7220B1C220F085E
:108F1000F82148F6F5E316DF1C3B0EF3EB0221D4F3
:108F2000F916DFDBF81A0CE5FDF614E11F1A18DD5F
:108F3000C7F2CDE3D71DE8D4051CF20FDE290502E8
:108F40001A16CBF5D7EBC20718140DDAE50BEE02B3
:108F5000FF2607DBD20F1FEE11DED9DBDCEF0DDFC2
:108F6000FF09E90ED6C606D01FF90A1B1911C52044
:108F7000160EF2EE3D02F0E3F2FACBECEFEA03BF9D
:108F8000F0D009BDEBF916233108EFEB06F91A2CE6
:108F90008F0997D13B280B1120DADDF23BEAE3C3BE
:108FA000FAF11EDC07EF2C2B2AE61A00E4122A182D
:108FB00025FECBE60CF3E4E90B151A0E2729FADDA2
:108FC0001CFB3E360FE316E2F0143A02E72D241D97
:108FD00020E33AC1150CF5100D23D11F0E0B2712FB
:108FE0001D0FE6E701CFECFC0FD302E9061B1B1EA9
:108FF0000BD4F107E12F0EFBEFE4D71DFB0C0D05A1
:10900000E60E1303E100E5143201DD10E9CAA9E11F
:10901000D6130BCDE4E1DEF4EECDCBC1E7DE08E6FE
:109020000DF41AE40720131A261DEBCD1A1EF7F7CC
:10903000E6062ED7F3E80721CDE4EE1827EC04A6C8
:10904000023924070FCB1BDF1920162A1715FE3013
:10905000BAFED3F7124F16BAFD0D0D043403F4F91E
:109060000F29DEEEF54131F30CDECBE1D5ED2DE538
:1090700024F21723F60207E00244070BFB07CCE5B6
:1090800031D8EED816D513F9D8022133F81D1F16A2
:109090000B0815FC2217093715FCE9CEEBE62D1A53
:1090A0000CE11213E2070D2CE2CFEA30FF03093086
:1090B000CF01E71810DE0BD8C4080F19CEF1DE0C73
:1090C0000803EFC706CA000DE522EBE308F9CC2739
:1090D000E40822DC0502E1F624E2F8F900E8E3DB2B
:1090E000C7EB070EDBEAE1F90E10060E28EC15E5DA
:1090F000E624F201EEF43E1728002DFE16B9200CEE
:10910000270DEAD11BEB12162C0FD8BCE84114F83E
:1091100034EC1AF722EE1AEDE1FF240B05FCE92FDF
:1091200028FEEEE5F4DBE1EEDC0D1EF0D9DD11DE0C
:10913000E50613E4F21B08FB1DF4CA44EA150420FB
:109140002914F72108E1FB17D401F6FEFBDE04EA3F
:10915000DB0B0A0730FCDF1D0FFF111708EFE8FDDE
:109160001409050DD6CFFD0C03000503171600DE0C
:109170001B0303CD1BF8F7DDFDF5E8F71CD9D0186C
:10918000001A3306D6DD1E0817F50EF00FF702277A
:1091900015C60BEF01F313EBD2EFEECA1B1DD50082
:1091A0000CF00E0EF412F41EFAF5F4BE07D807FD0B
:1091B0002ADB05E8ECE43212E7C4052321C3F737C4
:1091C0001817300F382EF037E744FAE615B10B3197
:1091D0003C30020C46DF310505CDFD26F8F41FFDBD
:1091E000E40F16FFC61206383B1A0FF0BC272EC834
:1091F000FB312B1A1C4F10FCEB2BC7F3EE260B1187
:10920000DF202FEC14F62FDE0204E8FE0BF71C3CE7
:1092100000FA2AD9020929022D0B0F16F80920F7A6
:10922000F01DF82FE722ECFC101F07E1D40CF6F23A
:1092300027CC01D20906F8D3B5D9E50DF01BEADD3C
:10924000210D1901F9EDD4D0D7F501CEF3EAFFD500
:10925000C0C613DCDAEDF7170CF718FDE0EE0EDDF3
:10926000F6D91CFEE90AE6D4EDFFFBE3B5E0F3EC2A
:10927000DEE92C1529DB310DCB08163DEAEECEF8E0
:10928000EC0F17F4E4DE14EEFF2B3B12FAEE1FEEA8
:1092900032E82FDBE6F50A2E07E6FF23EFDAE1EFEF
:1092A000071C2FE1DD29F80F13E9EEDFD63B36EB83
:1092B00037F8FD06E524D620F124C92FD5E7F00DB7
:1092C0001B1BF0011D1A0BFCEC09FDE20923230B0B
:1092D0001AF7F6DF11EDFD19D93213EDF2D0EA27B6
:1092E0002CE60C09EE11D620E52D0C090504D80B4F
:1092F000D7E1D8F204E112DBEF05E3E6FA1B37060B
:109300001F2CEADDC9C4BCF716FAFFEE061FC9E937
:10931000FBE3D6C5EB20DFE0240CE3F7FE1CF2CA2A
:10932000DF220EC513E62514300FEABED7D1EE14A6
:109330001504230434D9FEE2ED0B32F6FEFBEFE90F
:10934000DB1909DEEC00CF1C39134B271720EC3258
:10935000CDEADFE40C0F1B1D1114EC590DDE3111A9
:10936000EEFE18FC04E109D6DA21F6F8DA03080467
:10937000EE222C182C1F3100F3161310DC28F023DA
:10938000F60B3F14CC03141AF91B020F170410DD5F
:10939000D8F6F10A31ED2B3602EED1F5CCF4F0EF30
:1093A00027F0E3E0E2DFF0FAE82DC8F02CF6F71141
:1093B000DFBFD50A2D0EDCE00622D099DAE4F10EEB
:1093C00016C40CE902F9942424DD0E0002FFE01615
:1093D000E228F4011EECF7122EE7E1EB0FE9FAFEAA
:1093E000E8E631F9F8DB08E0FBF9CFE203FB111402
:1093F000D401FDDD080D04E608020BC4E9F9EFCA4B
:10940000EEDDF3DAFAC026FDEE0EF5D522201F219F
:10941000DB23F91EF20DDF061E112B0218DF04E11B
:10942000F1E708F61C170CFC220F00F7F4E40EB667
:1094300019DBF1D3FDE0F7CF0FFE30FE0F1A123427
:10944000E207DD053005C2FC34F0ECED37DED7CEA7
:1094500005EADDE5DF08FFFAEA00021C24D2DAD0D3
:10946000C2EBD7E9F6141A0104EACA38E7F414D7B4
:10947000E0C9E3D8EBFB06DBD11A17DBE4C5060C29
:109480001FFF20BDF2DFE1F7FAEFF3D3B7061DFEB1
:1094900025FD2F0DF4F2EF0FDDFEFDD1F00E2BB800
:1094A000E12030E5011C400E1EFACD1B1AD3092421
:1094B0000B0C04D6F22D2505F91FDC1902D4DFD1DF
:1094C00013F5D6E21B1F29FD191C18F001D72BD16B
:1094D0000710D1DC06FD04F0191CFBEF02E01603B7
:1094E0000B152018E224E23A2E05F2E1EDE3321AE0
:1094F000D6D21711E61017E1DFF9421CE3E7E50CBD
:10950000011E181CF107DF28C00CEA1AFCEBE5016C
:1095100006F91CF10211062011EC042EF523EB31A3
:10952000DEF41AB7D300E8202EFF21012D1F11DF32
:1095300012D3BC04FCF90AEEEDE4E7E5DFFCE6E259
:10954000D1F705F8EC09E31C00DCC8CEAD1127DF2C
:109550001505FEBE260107120F16E5BAF5DCF5D893
:10956000DAC726C7E9FAE116D5C82BE912030428A1
:10957000D50FFBC72CE9FE0DFF2135282BBBE9F7E2
:10958000EFC9DF21482E22F0242D1506ED2709DC36
:10959000253DEBFAEA1D16E2EF20F82229FE04D55C
:1095A0001BFAFC0C23FDE0F60024DC0DC819E1F8E1
:1095B0001213BF2DF41EF410F1F3ED24D800B61FE2
:1095C0001E282B05E9F8FBC6E0EEDE11EFEE29DEE2
:1095D0001DE6EBC5DAE0FB062C2F28EBC80807F8E0
:1095E000DAF6E1FBE412F5F70823DFE4D6D9050546
:1095F000D9C9D8D7FBDCD410C1FDDD08FA20E01DA5
:10960000FBFF08180B030FD2B3E7CD19E0DDE8E547
:10961000091327B721CB0CDAC4DCD4F61000F0D73D
:1096200026C934062AE7EEE120F825FBE5DB08E24F
:10963000D80B01BE23D1FAAAE7F319E6073DD4DA25
:10964000FF15C5F01AF4F2E8280CE2C8FC09F81579
:109650001C052210F0052615F3FF413F0EEC1BEB15
:10966000FC28E9E50FD8381F1BF43819DE110FF17B
:1096700026FB07D30EE4FCDCF1F625330BE7191DBE
:109680003213F3C31714170DFC03E5E1D321F3E5FF
:10969000FCC2D01ED7D1FCD1F3F728D4FCF6E738B2
:1096A000F7E61B0EC9D106ED29DF072F0CECD5DA42
:1096B0000612E9F5EF0ABB07D6F4D1D0E42321E77F
:1096C000DAE4DB1F120CF706F0260CDCE7F8E32BDC
:1096D00023D820F42F47EBFDE2F2F101FADBECFA9C
:1096E00016180DFE02CAFAFAEFEEFAD1FADBEF25F0
:1096F0001423E8C3210706A90FD117CE1C340FDAB3
:10970000E92ACE1228E7E922F3BBE1D1D91E2124B0
:10971000DD24CDC6FD2BDDFA2DE911F8252AFB0D40
:10972000D0DCF5212C19F30629F1EAFC091A39E8F5
:109730000D00D3E1F11EEB24DF3DF9E32DE9F4F850
:10974000FB0E10101E1CF3062CDEFB21E41FE1F3C0
:10975000F70B2125E821121ECC1C13FBD413F8F0C3
:10976000F8D206EF2608BF08F8D8E1EF24CBE4E4EE
:10977000D0E7D8FD2B20DFFBD0FF14010BD019FE62
:109780000EC81003F9BCD0E60904EE22F6E4F1DFBE
:109790000DEB2DF6262F32E20219E70B00DE121137
:1097A00042F829DDE501FD1E120C08133D06E025F7
:1097B00002EAF7ED0F0504E6E4DA000F4636DF159E
:1097C0001E02FBF32EF51BF308E3B5270532F51255
:1097D000DB0D0AFD1711D4301A03E7EA2E07FA3021
:1097E000CAE1FD13E616DA073116E6292A1033E539
:1097F000F30C01EB1BE705061CEFECFBD5C3C1F135
:10980000F005E8EB08090836FACB191918B82DFB52
:1098100013CEE4EADD0202EF1234E9C50706172091
:1098200019061C0DCDEAC7ED33FC1120ED0707D258
:10983000BCEDEB062BFAD6D0DAE4F916E1CFF10E47
:10984000D9D0FFEAEA031CFCFE2405D12E2217E939
:1098500034FF39E8EFDB3BCB372015D5FF1EED1683
:10986000DF2C0FCFFCD600C8E9F31E1F0D1B19FF1C
:10987000F0DC17F208DD1DD81ACC151CE9D6DA4742
:1098800027ED170BF6EBEBFCFEEC2607CD36DF0BD6
:10989000E917F81D19292BED221EF1240BE6210DE5
:1098A0001B08E5E12320ED362BF0D31FF10B0B0055
:1098B000212C26201846EEFE3002112C1CE4D4F197
:1098C00007F126D71708310BE30BF7D721040D2238
:1098D00012120132E41AE7032BEAECFD0CE511FA4F
:1098E00011DCF00BD7E5E9EAEDD0F6EBF2DECD289E
:1098F000D5BA160C47173B14CFCFD6A1E91CFA0AEC
:10990000231319E20AFE000BE5DBD5AD12C4F1F01A
:109910002FEEEADCF608310D0809E5183DFCE7D327
:10992000091C2ACA0BF7193CE03328D8F8F0E134B7
:10993000F7FA18E416ED1E06EAE4012517022516CB
:109940003EF5EABD11F8E4FBEF052041D6E508E35A
:10995000AEE2D0DC04DAF30F172C24D8EF03273162
:10996000FC1A121B0418E72C0CF223301BE309D657
:109970001A33120930E814F305020AE60C0D1A1224
:109980003B0912CA1E1FE4DB1BF0280126EE2DF254
:10999000DAD7171FD0E5E003E2EE292CFD0F0F1BED
:1099A000EEED251E1B09041A04D42C27FCF7F00049
:1099B000DBD40CD6F5FED90230B4DEABDDD4F41422
:1099C0001C15F8D7F30D002905E5F3EE08FCEADCD9
:1099D000042F1FE308E1E509E307E0F92EF6F8C1DB
:1099E000F1E429120CEF251B2037D508FB0815FEE2
:1099F00037D90CDB29093BEC25EED01B261A0BF7D7
:109A0000DFE82AE127091EF8EB091A0FE5CA04DE90
:109A1000E227FA33F3213633E324E3380B27FCF94A
:109A20001A2E150C2CDE2205F841E4DA1513F4EA9F
:109A3000251206FCE8F7110ADE20E210DF25D9F72F
:109A4000202E17C6E3DEF8FC222518F8091206E8D6
:109A500025DAEFFB19F8E9CDEC2FCFF408E7C1E7E1
:109A60000F20CFE8FAC51E25F8FCFADF1DF9D7F95B
:109A700019DCE20809F5FEFB0A09D805FCC920FD3E
:109A8000E60EFB250D2DF02D00B8D2EBF2EF1918E4
:109A9000FB2219DFF504EDD424FF0910FEF11306B3
:109AA000BB151DDB00E700E90DF32B1EE5EEF1F120
:109AB000FE1BE305FFD204EA240EE4F719221A0B79
:109AC00036FF2FBC08F610EBFF1E3404DFC2F3DCB8
:109AD00002F822DEE7392BE5DFEB0AF7E6F126296B
:109AE000D530E22622282116F1410BEFF52ED90AB6
:109AF000EE183822DEF2E8E32D182C18F50E09DDF9
:109B0000F73DE0F7E5E8250D01EF06FA38E4F31B31
:109B1000E9FE27061F12130F00EDDAEEE502E60557
:109B200003E23E081700F7F8E4DE0A2C152501F8D9
:109B3000F124F3141910F80BCF120515DFF0EBF632
:109B4000CCCE14FD21E616DC04F408E5CD0719029D
:109B500023E020E125E4FDF1FB1238490DF5E4EDA9
:109B6000FAFDFAEF21EB20F511172E2725302205FB
:109B7000F7F1C53001E6E81B20CC011304FC0DEB26
:109B800019DCF60DEB1CED06EE14E70AE727EEE311
:109B9000DB021706F42A08ECF1152A2AE20306165E
:109BA000E1EC2A2DDBE8E605241D2323F6EDF90E72
:109BB000EE36FEE405121009E61EDDF8E9F4F2E9DE
:109BC000F224DAEEF61634F31730E0D840EEF42043
:109BD000DBF2FC13BC00F012F806E312F5E8CAEF62
:109BE0000EBB06E006F41510E7E81308F71E0FF7A2
:109BF000EFE90BDAE6FB23CFF4CDCF0DE1CC2BED73
:109C0000BF0F211BDFF0F80F3CCEE2E11501E5F6B6
:109C10004BD113F3D9030E0CCDD61803F91E262011
:109C2000CA3E06EDDC1C1D0D39E6F613FB06311DA0
:109C300007E708F9E22FEF20E3EBDAF725F31EDE62
:109C4000EE2C1DDF13F423F2E1E3E21DDC2F1326DB
:109C50000A1C08040EE51DE8EB04FF2DFF05F31FA9
:109C600017D50D2EC6FB1502C31F30F3F92D06C5FF
:109C7000D419EC18EB3831DCE4ECD2E1063427CA15
:109C800001262A0A06FAFF0D192DDFE102E6E42D6E
:109C90001DF21504ECFE18F91E2520E4D8FDF5F997
:109CA00001E303E4F80022F3FAFE0DF7EDCA05F232
:109CB0000E11DA011607F5DAC41F03F3D5E7E8FA47
:109CC00004F511BAF0DB010FFEEBFF2114DB13FBEF
:109CD000200F190FEAD81F0D02EDD111D616272635
:109CE00014E7F5CD0FFDE01F11FED8BE07FBED2AEE
:109CF000C10CFE182CE1020CF0EDF9F23B36EE152A
:109D0000F234FF05F604221D09EFCCEDEA03E1FA77
:109D1000D80629E0FA1E15302A1E0B08F2D9ED04E8
:109D20000B221C10D5221344DB06ED12F1DDE0AA54
:109D3000081818D83303E8D8F4F5D90BEB29FDF946
:109D4000FA29D323E2EB00E9C3E8E6E8122CF3EEAC
:109D5000DE0318DA4320E1F1DE20E81CF3EFFCDB40
:109D6000E7270F0408EDC7351E0B0DEB1BD9E8D70D
:109D7000FE02EBFCC9FBD3050F2908D4DD1A17F648
:109D80001B05FB18D9EC00F503D32826BE071DEFF1
:109D9000F9FBCB17DD20F3E02619D2082EB2F60A24
:109DA00010D41C23E6C6FFC81D06141D02F31D2097
:109DB000D2021B34FFF745EFFAD829D52E2B2A29DA
:109DC000F10604D7030C03FCF703E4E9322CE9FAAB
:109DD000D1DCEADB0B1FD50620E90A1A1408F904C6
:109DE000CF02D21F0608F9320501F32A223A0DD715
:109DF000F9F2310908F2CA15F1FDC81DCDF4EE15CE
:109E00000CC3FB102E0B13F4D8321A0D10F41536B8
:109E1000E712D7CB26C6E311151B0116E42335093B
:109E20000F18FF21EF0EE056D6E211CE090CD41226
:109E300017F2AEDE130B1AF9FB200D1626DED10445
:109E400030D930EB38DB14CB221214BC06F12A0FC8
:109E500012E9E814F3F3DE2AEC23BC1EEBECC91084
:109E60000AF70CEC1AD2E1FD03130F16FDF6D92EFA
:109E7000DD1DF12E0AEA24F81FFC1831062CFE1D08
:109E8000053029F6E0FF0DFAFD270026F2D3222344
:109E9000BAD9E813BF3DE313F1F7E308FC0B04EB79
:109EA000271C18050AFED7F4E701DA2BE309E6EDD3
:109EB000032DF6F8100FE8E6233AEF1A050922E51C
:109EC000231E22F2FEFD471BE501FAFF3917D439A4
:109ED00026EA0FCC1225F5160514F9D6D202F42382
:109EE00014DAD630E5260B28B90B1C082ED420EC4A
:109EF000F0E8E524EF2129D11CF4E70403CB10E8B6
:109F0000E2F0FEE0F8F4BDDED9D8111C14FB1FBC52
:109F10001A33E5FF1E191BF12503DADD16F6CD1302
:109F20002D331FEF0209D7DAE8DBE3F2DC0BFDED9E
:109F3000071F0B461804E6DECBFCE320111AF637A8
:109F4000E0E6F22A070CF6EF1BD617232C2BEE00C7
:109F5000DDE9D610F63FE7030D023009151B13109B
:109F6000E318E836EB15DB38051CDEE5E410E6AA5D
:109F7000E625F7F32E0E33021DE2FA362C22202CB2
:109F8000342CEFF0D6E33B0A15E81EEA061DE41D6B
:109F9000F3F7DE18E50326FC24E6DFD7E5DFE6E588
:109FA000EF0EFA2EF3F5F0EFD2E111CED1F8DB0F80
:109FB000FF1C0AED37D7ECD61BCC1BFDFFF320218D
:109FC0002DEFDA0B1A21C9EF4B06E51ECE1E38E243
:109FD000FB1815ED0C41C2FCE3F9F0FADB1CDCE9DF
:109FE000EB3A14F2F9F01123031EDFE81F2410EFFF
:109FF000FA0AEB011DFC3104190BC60D0E351E0AC1
:10A0000002F10EF1D9F611FF0CE7F5F226E500EAB0
:10A01000F22AE83016FB07F9DDDE02F64C29FEEBEA
:10A02000ECF11040D701E8E8FE0AD108AD0813F6BC
:10A03000302804D502202CF9F93222F7FEEB20DC7F
:10A04000E70930E61F1E2905BCFE10D52AF3EE1CD9
:10A05000F61509EE1F172501251937DF21EFD7E780
:10A06000CCD219FDFA17FD08230AED02FFEDEE0E22
:10A07000F818FB1FE62B0700D8E51AF3071A240986
:10A0800007EDE028FCDED92329F6D7E4C22D08FB32
:10A09000321CF8E401FE13000ED1E8E3F7F10AF7F1
:10A0A0000E05FF0FE41BEC3630041BC7FE2218051B
:10A0B000E5C9CA23C601E4D6D91DF51ECA0719DBB6
:10A0C0003ABE3610F8E806DA16E41FC715E71F2572
:10A0D00005FCFB1543C72D2817DD241F14EEE131C5
:10A0E000D4E52B4B1AEA0630261B242BF8FEC9BDFB
:10A0F000EE121A29263AE21E2B011734F41926060D
:10A10000EA24F5F31611F4ED1410D5FD08250EEA36
:10A110003FDFFBEB06140EFAEE0802EBDC09D91B5D
:10A12000E51E0F1DF812E0FBFD21DFEB3EF3C5E459
:10A13000EFE5C321FCF13216C8E3F2DDDD15CBD328
:10A14000151C0FE7B4FBD6DDED0915C9CFD6D5CF69
:10A15000FA15E5C920E8EF29E90EF3E2F6310DF230
:10A16000DC01FACBE9D7E227ECF00B04E230160F62
:10A17000F729DB09CB1B2D2E0D14F5FC0A230E1538
:10A18000EC022F01DE10E2C5C9DBE2AF0EFCE621D6
:10A19000FDDCEBFE11D32C1DE5FE04F9F3162C1C9F
:10A1A000180A1A12F9F335DF12F3E5011021DBB3B7
:10A1B000EC0CEB0DB6F3E0410011FC08EEF9091EC2
:10A1C000070FDA2EDE2714D7AC07EAD0F041F328C8
:10A1D0003DF1E9F3DFC1D42C142AF919E5D80A17A7
:10A1E000F722F633CDF1E711E9D6F4FB0F15161A75
:10A1F0001EE01CE61ADE1DDDF2FEE019F7EC11DFB1
:10A200000E30ECDAC2D222EEFDF12C1EF7F3FDC6C1
:10A2100011E209CD14F401FBB2F905D90B0EEEEFF2
:10A22000C3FAE9EACA10E0C9FF05F7C22A05140E0D
:10A23000250FF4CFD7141411EEADFDEED71DD1D5F7
:10A240001F2A0AFDD2221207F00AAB0D10FAF41DE4
:10A2500018CCDA301AF7DEECE2DAD4F2C0F93E1CA0
:10A26000F2490B17EF402DF8E730F813CE150CA983
:10A27000F60BE1242416B8301E04EE02F5E10402C8
:10A280000AF819F5D31C0D0F01F820D12D07E0DDD8
:10A29000330FFCF4E2F708FD0E36C424EEFEEBFDAE
:10A2A000F3EFE602ED260114E3DDC6F1FA0BCC0074
:10A2B000C7D6D5F2AB05C2C7FDDAD9F5E9E7EA237F
:10A2C0000A12FBD6DB0604F2FBF4DFE2FFE1BDE09D
:10A2D000DFAEFFD904DAE9F9BD14AF11E622103878
:10A2E000F034F91716DCD2B3E1F6F623F32BB3F40E
:10A2F000D82A0FB7FCF4D5DCDBB5DFDB1FDADB0ACD
:10A30000180B06FE09EFD114EDF6E2CCEF24F2C6ED
:10A31000FA11C024D616FDE3C619E9D6C93424259E
:10A32000F043FCE20E22F20117260722071A1BFD5A
:10A33000E6E5161C20FBD40FC2ED2017C53B08F242
:10A34000D111D60ED30ACB0606FB0CF5181B112F24
:10A3500026D93729210502FBE5F6E0360422E7EE8F
:10A360000938E5FCF4C925D2F307DAE7F0391334EC
:10A37000FD08E012DB2BB30BC8E2D1D9D30BD00917
:10A380002BD5F6FEE0B8EADCE119FEF4DAD4C1E937
:10A390001ED50DC6FF23EBE325ECF7002312CE19E3
:10A3A0001400EADEE7D101DB1B23D0D104EC1A0E46
:10A3B000DBDF1F25F6EAF714ECFAEC11F721F611B2
:10A3C000E114FFE50FE00DD12B272127EE12F8DE77
:10A3D00006FADADF1ED914F1C8F0E7F31528F8F908
:10A3E000E7F0EA11C92631C6FDD9D8E6E4E40F0E3C
:10A3F0001CE0D900ECFA0014F1EA0FEB2418290153
:10A40000EDE82433BAE32AE0F52D101307FBEB0D3A
:10A41000E103FDE509F7140814FDD1FC0CD5090F83
:10A420000F02D42A2FF11EDDE315F1FCE1F40FE554
:10A430000922ACD91A1330F9ED092AF1E2E723E138
:10A44000CD1EFB0030F9F7E4E614DDD8F8D9321D53
:10A45000EAF42C14F0CB0CF8DBDCEF011FFBCBEDA6
:10A4600013FDF70BF31D07D921D2C7D5150AE2D783
:10A470000E11CAE805120820DF19102905EEBAEB03
:10A48000EF200734E32BE70BE7110221F1CDE5DAEA
:10A490004623E5F0010FB223CCEDCFFBE21F1117ED
:10A4A00007FAFDE3EA18ED09D61C0126FE2AF6EEAE
:10A4B000D9F329D4EEED0344041CCB0520EC2DB3D5
:10A4C00004CDD9FEFF15E1FAD327EC0216E6E8F930
:10A4D0000202EE0EEFF6210DF8C80ED91DE42C2273
:10A4E000E213EAEAF91016351CE705FD23CD0A1E32
:10A4F000FEF60EDC01EA2224240910E90DD008E75B
:10A50000D71EF60FEEFFD60E1B03CED027F01ED9B6
:10A510000510F9FA1EDE0817F00A15241CE7E715E6
:10A52000DD0603F7F0DCD7ED26E1F317F9051FF997
:10A53000FC1FC2320415090A07E90A0EEB38D30CD6
:10A540002AEB280FD6D9F5D8FD2FB01D09F6F8C88B
:10A5500014D603EAEECF0B2504E0FE4908FD11F204
:10A56000CF01F944C709CCEDFBE90311E537EBCC8A
:10A570000511250D2A04CAF0CF010408D60D28FFC5
:10A58000E3D1F8180EFF0421E30736CDDCE40CF329
:10A5900033F7DBEE0F06DEF2FFD0EC0D21D00D24F9
:10A5A000F6F9F81DD3C61031DD0B0CCBF2F7D50B45
:10A5B000D5020AF32DD5211AF5E12722E21EECE49B
:10A5C000F2F2E703DE2BF01BFDECEDD6C1E81CE94F
:10A5D000060EF1021AE11DD3F21A08FC0ADAD606B9
:10A5E000EFEE18EB1EE0C70B0AD3D103FAEBF8C964
:10A5F0001200F5E8BDDC0BDAF2ED03F5DAD6C91985
:10A60000310432E0C8FFEBD7C80AD3D30EF91CF9E6
:10A61000E2C5ED3302D5CE15BBEBE849FA25290D8D
:10A62000F5E9E90E08FFEE1CDADDE31C2425C4BFC2
:10A6300031F307D01F2C2806CFEFC2EC050C2D1BE1
:10A64000DB1AEFD7EA02F1DA0DFEEBDEDF340BEDB9
:10A65000E733FE18F6EC151503E4113FF71617E380
:10A6600010E2D4112905241C080502D707F8C305F8
:10A670001111EB1308ECD70209050B140711052380
:10A68000D3D0171E0B09CEDDE13910CC0EE4D7FC78
:10A6900001262D3313D3DCF72BD0E9DA2A1DE3EBA7
:10A6A000FCD00AF21FF4D722F3CA0AFFE50E07E432
:10A6B000F0F0E7260608CFFEDADB1D23E313D1E531
:10A6C00020F8170E0428D913FFF0080FF1FAF1F162
:10A6D00002F601FDCE0EE21AF306C4ED1D23031DA2
:10A6E000C6F9C617DDC3F915EDD309DDF120DF1674
:10A6F000EDEC27C0333B0C3810FEFD1300E732CEE3
:10A70000E3E9DD31F3D41DE0F42113D525EDE53582
:10A7100029F4F4CAFBE6FA1101C9E4C01FF9E00606
:10A72000E628E2E2D4FE070D1ED50AF903FC08FC78
:10A73000E3DBDFE2CA2529CBDA2D1A27151A180B1D
:10A74000F303ED1FD7DB06080403E604070F18DB4D
:10A75000FE1610F40223E9D402D60AC7F00FF1E284
:10A76000EF0B302DE0FD270AFEC7D317F204D2DB32
:10A77000EECE0006091B0718D811ECDAE316BAE092
:10A78000E6E246ED1EE9D2FB1645EF00E418F40BB5
:10A7900013CC04E1EABBE41DB9F0C31D091300E2C8
:10A7A000F654210AD4E6DBD8E313020EE8F2E4F013
:10A7B000E21F200901DFF527F7CEE31D1DE31CDBB7
:10A7C0000909C5422FEDE9EE233DF0C314F5DE2063
:10A7D000FBF3EBED201CD40612112A06DC162832FE
:10A7E000EB0618D21CFAE10909F61E32EA0D09013E
:10A7F000F40DDBD6F9EAD804D4D72E1DF0C1FB3A0C
:10A80000053B210D1FDAF4DDE7F4FFF9F401220F17
:10A810000F050B10F2EFEED8D7DAE004F619E300DB
:10A820001302F6DEF4DDF5F7F32A0AF81819130619
:10A83000EEFEEB05F6F808E5FD02E3BBF314EBCB07
:10A84000F1F033FE1AF1FD0D0801CBEBF0F5011527
:10A850001EBB090AE4E4E7D7D5DAF5D6DE26D6F141
:10A86000DAF1151A010EF3DA01F52CEAD9D0DB0D75
:10A8700024E7F319100DF3F4EEAB03F01C1E1002E5
:10A88000FCFED010222AD2E9E4341506E9260FFA9C
:10A89000E20FDCEEEDF807F21DF513E40C10DC1707
:10A8A000EB18F81728DF0F3705CA0AEAF1CCF51DB7
:10A8B0000EF9DA0BFEDDFF1906F1F91BE107D9E20B
:10A8C000FDF320ED0CF005120D10F904FA141EEA48
:10A8D000F9FF1FE21B130B12EAD6F5EFFF081EF07B
:10A8E000CAE6F01A0B00DBE1D8EF1CABFBD117EA8C
:10A8F000B409B7DC050DB9C90C1AEFB3D540CFFBCD
:10A900002DC30BD6FF2F0824CA0DB9F9DED6DBF410
:10A91000FA06EC23D0FCF4FB150FDDF4D12F1C3428
:10A92000ED19EBE1DCF1F30C2905E01C3AE3EC1640
:10A93000E7CEF4E4313200191EE8D71D260BFA17D2
:10A94000BC0FDA05E326170806F1E2EAEA1017045D
:10A950001FF2FEF3D9DEE7C30EE0DAC5F4C917E64D
:10A96000EAE5EDD413DCFE31D6EEFF312FBFD80976
:10A9700025F804EE2A0525D7131B0AC7E4FEF620A6
:10A98000E5200BFF0421EBFF28D5C72C0D1F18DA9B
:10A990000ED7FFFC160A1AC620F6D6D90DDF20C244
:10A9A000A50D15060917ECE8F1F4E8D41B10CDF35A
:10A9B000FBECCF0CE0FAF6F21AE81F0A1626DCF8D8
:10A9C0002111F60330350B0515F5F9DE0FF924F6E4
:10A9D000F5E427F7FCFDD8C0CFEFFAB42FE927FA4A
:10A9E0001612100B11F0D7D7FEF91FEAE3EBC7C61A
:10A9F0001EFA3CB232FC18F031F50C22EDFEFE01DD
:10AA0000D94DC0DEE8011CF0F31029AF2101F0128E
:10AA1000F7F702251CF313020BFC0CF61CE2E6D739
:10AA2000032E29E5EA250B0716DBFFE406B5F0DD6A
:10AA30000ED1EEE62811021F00F2F00D1E26E1E80D
:10AA4000E117EBE906E90E22321BF118ED2A0DEFB2
:10AA5000FC1B040BFA062BF7EDDBF1BEF4C8D9C7DB
:10AA6000C9BC13C4F31930ED18D513E332E1E0F893
:10AA7000FADF01C5C1D7E71108CA26E20C0B02E7CD
:10AA8000272716FCFC12DE0EDB190A01071220BE76
:10AA9000E2EFF9E0EDE02F03E6FFD0001D04E01641
:10AAA0000B2008B9F10EFE260D2A2230F5D8CFEA88
:10AAB0001EEBD4CC16EEC7DCF8F7EA0405DA20F278
:10AAC000ED1AEAF1DB262E0EE736F8CC1F12123B08
:10AAD000D3164D2805E5FCDC08DBE2FA2104151C41
:10AAE000D7E40F0AE5F114DDE41ADCFCD9C7D7007E
:10AAF00004DAF01610FA08F0EBCEC40B2701E034AC
:10AB00002319071BFD14D81DF906FD06FC2908EFC3
:10AB100006E9FAD519301802F21119D72BDAE6C076
:10AB2000E1F502DE0610FE02EBFAE5CCD3F1100BE4
:10AB3000012D0B03F7FC07D82519E3FDEAC2F02627
:10AB4000112213E8F312EA1B31D9DC15D8DDF7E640
:10AB5000050F2BF9FCFF20BEDF2C0800E1252700A4
:10AB6000D9E61CF9E4B9DADCFD244234DC1003D662
:10AB7000FE1903FD2DF0C92FF2CEF7231CD716DFE7
:10AB8000E0EDE6F5F321FF0F280AC7ED0030FE0BDC
:10AB90000506DB06FEF3EED3F518040D03EB02FA0F
:10ABA000EE2BE101E5DBEECEE813CA18F9F7311818
:10ABB000E020D92F18DFE618F4EAF3281D14F7FB7C
:10ABC00012E2E7E934FF00151DF21F01D329031B30
:10ABD0001914F3C320E542F0E70C1610E400EA1F55
:10ABE000420603C3130239172CEFEA2CE9FDF231B8
:10ABF00020F6ECE2C3161AD32B22193AD2C80EFD66
:10AC0000FC01F1E61E1BE002DDDB1FF008C035D4BD
:10AC10002609EB09D9051BAFCC0217BFC3F4FBF51E
:10AC2000E3E6E6EB19EEC004FB1716F5EB0E09E4BC
:10AC3000ECFA22BF28D7E9F203D5092C0739F2BD77
:10AC4000FA27E2E30E0C21FC1116E8B8F7050F29EC
:10AC5000241AD41B23C5D62A961EECFA1D091D2FD3
:10AC6000FBE7F0F1D81B16DDBC070021EBF9F3F48C
:10AC700013FB09F905CE0416F30F2923021E04065F
:10AC8000BCE505E3F7DC46FDE0E7022900E509F451
:10AC9000131D1C102BE712EDE4ED281B330F10F0F1
:10ACA000F51CC9FCDD38ED0EDCDCEB33EEFDEFF21C
:10ACB00016FDF40C2F0FCFED22DC1DFFFFBA1A1F7B
:10ACC000E10909D9F90E20E0DFFD1AE1EFC415FC16
:10ACD00029E8CEE423D8D6D52E1AEAD9141FF504D4
:10ACE000080E12EA34050D02E72E0728EFC60BE125
:10ACF000F5DCF0D12D1312EA1806FA19DC03DA1D7F
:10AD0000EE191407C4D8F036D5342BCDF61829D552
:10AD1000CFE1FEDEDED61E07E6D2F60B0B09E2051A
:10AD200021352309EA0B110333FBFB16E319E6EA8D
:10AD300016D6181BFEEF10D60BE1EAE3C12134084A
:10AD4000C9FAE109BE1219F809FBE3F60FFCECE5BC
:10AD5000E50B1EDC150EFA111E17E211EE10ECDFEA
:10AD6000FE1DB3DFDF1227052907DF0C2CF6ED2DC2
:10AD7000F51D06C5231C281023D9F0F6190510135C
:10AD8000E0FA01E6DD2810F0F6E9EFE42BD30A192A
:10AD9000DA01E7F231231DD3F40420CF09FE2DE4BC
:10ADA000EAD7F9B60E22D6CE2202E5F2D2EF17FE8E
:10ADB00002D6D8E8DC0CF607F7D7F7E3110A102B18
:10ADC000FB03F8C7EE271215041314C2D00F03EFCC
:10ADD0000B100A1ED9B00902F3FCEE12020ADF16AC
:10ADE00009F02B13BC141104DE0DD6E7F5141ED2A6
:10ADF0001C022810F91ACE2F01EF03FCF12B1B12B5
:10AE0000E7E6E525001CFEC6F9F51821FD2E21EB2D
:10AE1000E9221A192103E6EEFAF54217F7DCE5F804
:10AE2000EC00CD02EA30E337D4FDEBFF26E8350E27
:10AE300004FF14E3D2E8DF2F1E21E5FB1F17F8E221
:10AE4000E722F022E4F005070DC10012E1C20D1D5A
:10AE5000C1E600FB2CD801EBF9F5CFC424D3E1E027
:10AE6000F007F4C005DAFB18071E25DBDDD817E371
:10AE7000F00D13F0F40BEED226D002C809D432F351
:10AE8000F3200A0A0AE81722D8E0D01732F6E410B5
:10AE900006E8E6EFD1E01400F1DE3F1E17F51124BD
:10AEA000EE14F600EFEBC704B80CDDFC06E7E7D8BC
:10AEB0001DFB2803FF1635070D1AEEF6D4DAF71638
:10AEC000D1E5EA260D1ED105DFE4130CFBFCF3D41B
:10AED000E30A0119E00F291FE02D01FEF024FE19FD
:10AEE0002DF5E5F6ED021E31E1200F08E310170BFA
:10AEF000E4F82EBFE100F91DDE1FE7FCDD0A1807AC
:10AF0000321C26E9F116120025F9D4ED27E60FEEE2
:10AF10000AFFE1FA33141ADE26041BECD3F1EBE14D
:10AF2000D42B0D0521CFD21B37C803F0E4F3C3CBDC
:10AF3000E21412D2F3391FBDE4DDCCFA11DFCACF1F
:10AF400015070DE60CD9EA1932E20B111B1FF50BA0
:10AF5000F90DAE04FFDBFC25E90E1127F3BD0E351C
:10AF60002AFA06251FF5E2DDDDFAF2EDDFCEF3C9A0
:10AF700005DD0B26180E0EEF1007FA00DBE91302B1
:10AF8000FE08F8D01411D8EA38F3FA0CF50E0619B9
:10AF90002E010210351A1421FEE1362C28330EFC46
:10AFA000D5FD32DBD114FEF31C1AEF37EFE522FAA0
:10AFB000FAE6E4D4E02416221C15FE26EB010EB9B5
:10AFC0001A0B1BF5250B2F0F12EDE6E9FC36F6C721
:10AFD000EFFB9F12C6F7EFCD130514D402D3BFF0D9
:10AFE00019EA29DFE5CBD9D313F838110E0012E1A5
:10AFF000E5172CF1EE0839F9EE1323090DF01BF9D2
:10B00000E9C8E0AE14E415EDE61610FCF3F10E000D
:10B010002B28CD16000CDBDAE6EA0714CAC6A332E9
:10B020000BE7F02E1BE800ECF4E7E40216BB00058A
:10B030000EFFEC2A1613AFE0DAEB2504FE0DCCE18F
:10B040000D222D20E9E2D21B0DEB13F2EF2610CFDB
:10B050002AF91DEDEBC132D627E7C9051EF13523CC
:10B06000FFF4F0FFC9D7FB051B0E090FECF9C32253
:10B0700022FC1884031DE80EFFF11C0D130DEFD701
:10B08000EEE9E6113015FD1DED2214E522301A1F00
:10B09000D2F8E5DDFEF620AED8FCF313D8FFD811C8
:10B0A000EFD5D5C628EDD0C1021C12F8EC36ADCED6
:10B0B000F9E1EE0B3211E3CFF0CD1318CAF4E8F743
:10B0C0002404ED0DF7ED29FED7EBD4E2FC1D01E9D8
:10B0D000EC1AD3F3DEF8E8CB2B1131E7DCD615E818
:10B0E00012DF231ED032E731BBFBE2DBE1F325E3C5
:10B0F0002420E9F8C025B723E505D2211DFEE1EDA6
:10B10000220D25132E1DFD00F428EA0D1DF2C9D2D3
:10B11000E506E6FBDFF2F61A012314FA1D301333BD
:10B120002901DF0900F815D41A30103507FA042672
:10B1300017FA25AA2A25DD211C221810DEDBEEA92C
:10B14000F226BA3517FC0518E701F5AE271BFBF50B
:10B150001EE708FC17EB27BFE0041D49062807F58A
:10B16000D80D17D5D1C7FFF9CB3B23E6D0DBC6C03E
:10B17000EA0801CD2B22E5E500EFEFEF041611C23E
:10B18000F350DCEBE5EDF5E13DFDCAE1FCCEE8EC8A
:10B19000D8F5F72111270E1200C623EE0C1F171346
:10B1A00031142FD423D5DE32F3130FD0FECD00118E
:10B1B0001B2103261DFE06E91E0C0CD1F6F60EE13E
:10B1C00026DD16EEBFDCF3DD15E0E90D0E2713E5F5
:10B1D00001CDF81FEA0709EEFD23C7DBBB21F80EFE
:10B1E000CF33EEE3C8FDE6C6A12D191029EFFF19F4
:10B1F0000EE821F805D70602E5061304EB08FBB6B6
:10B20000FA13CE03DE13E8D2E2DBEAD525FBFCEB32
:10B21000F908E3EF06D428E2FF0FFD2B0418ED0B2D
:10B22000F5B82033FE05F3D6E11004FFDA16E3D2B9
:10B23000E220FDEE02EA22FFC9E6F00AEF13FEF576
:10B24000EC35D715160DF8BBC70EC3E6DD010E10A1
:10B25000EC04F6E3FED80018F2101FF5D91CF3E653
:10B26000D2FA01F3DC111AEEFADCE1E41510311F19
:10B27000F9EDDBFF240FEAE00E180901051C1C198B
:10B28000E4F2271118000E06D3FAEFFF17EB00D6F1
:10B29000F111FAF5E823DEF8FBE41D26EF04E4EBF8
:10B2A000C2F7F90ED3B7E7DBEC2A17E6FB1213E877
:10B2B000F9CB41DC12F0E622C3D2E11DB9F800DA85
:10B2C000D633EA26013222191E05050F0F1804F89D
:10B2D00007E41A22D3F9E6F6E1FDD507E8F0C5E464
:10B2E000311129FDE1E411F8E600ED0612FCF9E761
:10B2F00020EC300C39D938F6E603D0E4F747EB0EF2
:10B300001EEC0DF4DBE4190BFFEA1B07180AC6015B
:10B31000202619F7E302E621E404000AD3DB010D3D
:10B3200028EFE906E9E1FC000B353E16320EF2206B
:10B3300016BF1A23DEE201F8D3EECCD8010C01F9D6
:10B34000E203FF17FC2A17F5F2FDE710FDCFF645E3
:10B35000E0E0CE39D911EDEB0A15F030E7FDC92355
:10B36000F60A26F41407C603C4F72003F70519EFFD
:10B37000CE153ACA16EFEE280A1D0EDCED0136088E
:10B380000ADFDF0800C41B2AC129F1CA2EED10070D
:10B39000FFF5F8FA2A06F0E52001F2EBE2FBBBE24A
:10B3A0001BE7E410C71411DFFF2B06270510FAEA8C
:10B3B00025F42D12F6EB2B1819F604DE0A04313AA7
:10B3C000F9FDDADFD21513053017F40E1DFB050267
:10B3D000DFF93714E500FC02E3C3F0EACEF81AFF08
:10B3E000F02DCF0DB621070728ECF0EFE3F2EEFCCD
:10B3F00019D5F7FD342DDBF1D1FED8FECDE918D6F5
:10B4000000EAF7D6C8ED24F9F70BD0F305D5E6240A
:10B41000FF15C626DF19C1F804261BF4D1EA2B2438
:10B42000E8281D09F9E0DDF1C832E1061C07C7DA9A
:10B43000F9DDFAE1CB08FCDFC6EBB21D061B12D822
:10B440000514F50EC7EC061EFB0524F1FD42111C88
:10B45000FF220D1F090CCFFFDDC3C510E423071128
:10B46000DED7D80EE2EAE3E5DC17F8D81F1DCD23BE
:10B470001CCA1238BB1E31E60128D0F1D0E1EC1510
:10B480001CDAF80E324D0203EBEE11FA22D8EDD79A
:10B49000FD022CD0E0F62F03D8E5D31CDD101BE114
:10B4A000DCFAD7D9D705F5EE1E2EFA1CEBF90F28DA
:10B4B0001FE626E8FE01BD0AE3F2C82FD6D115FB30
:10B4C000D90F06E2170D1FD9D9F7DA2CF0DFE41EE9
:10B4D0001D1BF22B0DE8BAEDDA16D41DE9211A2353
:10B4E000EA1ACBDC11F0C405091BF2F8E8D7E5CB6A
:10B4F000F8CEDDD8E8D5E304E2DAD62018D9D504B1
:10B50000AB1EDB33F8FA02E4020405CBFD3027253D
:10B5100034CCE0F917D7E2EEC50FD1DD242EEBEFE6
:10B5200011EF07EDBC0ADE070A29EE24003AE0EA33
:10B53000EAF022E90A09FFCC0EDED81DBBEFAB1AF8
:10B540001D14C00DF01A0ED907F0FCFE1213FE15E3
:10B55000EAC618EDC6EA0011151701B6191A05203A
:10B56000E2D2DBC1B4E8F7E3B5F0D701FF0718FB7F
:10B5700009062AD81CFA1DDBF7E8DAF10F0309F4F3
:10B58000FAEBCAD8161FEA28F1DEF4E609BFDC1D83
:10B5900000D1E01FBED8D1F8E6E2CCF6F7F6E4E53C
:10B5A000BC0B13E406E8D50ED544F5DD361A07F5D5
:10B5B0002003E902E5CFD638CDFADEFF02C9F2E278
:10B5C000FB38D5F4C732E4ECECF9D1C321E6C1F67F
:10B5D000190A19E604E7FFDABF00BBFED62E28DD04
:10B5E000D500EE28C71604C3FF34E414E5E208E1F1
:10B5F0000323F4082F1CBDFBEDD7FAE8F12A020162
:10B60000FB49FA18F401F0E9B4ECF706FAEA08F796
:10B61000D1E3DFFA12E9B72C19EAEDCD32E1F103FB
:10B62000C8D3FAFDEA0A23E3A9DAE3F52134E11BE2
:10B630002DFE10F111E1DCE91FEDF7FE0ED533FF11
:10B64000EDB2E60D130DD8212D0CF7E10BDEDF2D49
:10B65000FBE8CC31EB2D0E1705E922DF2130E6FDAA
:10B66000E7F51C15F712F8C40438DB08E3040E05EF
:10B670001AFFE8D4D7CC0721D0D414DAEFD206D3FE
:10B68000EEBCDEDDF325B5D4074516D024F7E1E6A0
:10B690000C0706FF12F0C81BC3F3E0B9C8FA05DCBB
:10B6A000042C0135BBDAFA08E5EBFBBCFE24BED561
:10B6B0002CD73F37F4C411FCC4B4BA0BD508E7D07B
:10B6C000EF211522F70ADCE8FB17D8E5050FCFD0EC
:10B6D0001E07ED0427FD09DDFAE9FD1B0ED11DF95A
:10B6E000E9170FE0291BDFCDD8D2E9EC3EFF14E8C3
:10B6F000010E27F604F919C33123E42F17F0E0D027
:10B70000DCC3DCD815200F2F1100C21D0825221420
:10B71000FE1AD902F005F40FD4F91E0CD51BF1FE68
:10B72000E700EBE8C3031AFAEA06E71602ED22EB9C
:10B73000DFE1ECFEECF80A14240EEC1BD1BAF60C97
:10B740000ABCB3D8F9E8B2D4E1220412F5151AD62E
:10B7500019B9F827D3DFDC04F1E1F617001CDE0489
:10B76000E700FB28D8D0110BE200D9E70F0AF9183F
:10B770002CE921E4BB17F0F1D905DD0F03E2F6D087
:10B7800002F2EB3FC8EDD4E8FD19E2000C0F110BFB
:10B7900004C5F1FEFADADF1BE9C8C6CDF7ED1207E2
:10B7A000D918CDD2221A0FF5D4DE04DF3128D3D236
:10B7B0002A2F1210DA1E0EDE04C010F816C62FE172
:10B7C000DEDBF4F013FEDC0508E7F0E52DDB1FE01F
:10B7D00021C5FEF9CEF3FC15FF14BBBB28D61AF623
:10B7E0001BF41B0B10E30A0402CFFDDD04F3FA2562
:10B7F000E91AFAF3FBE10BD6E5FB0736C2DFFCE200
:10B8000034E807F0E9F1CDF7061CF0EDF4FFF70A94
:10B81000FFF9DA350CDD170CA80CD3F4F80CE0E8CE
:10B82000060CEE09EBD9CBD7FEF408DAEC17D2DD23
:10B83000EED0FDEDFA05D52DC9C2F605E5D7FEE837
:10B840000717F01AD0F908FA151AE4C70F05C20C49
:10B850000FD70EE50B19E9D9FFF011E1E5F5E1F994
:10B86000FDCBE8FA25FDE4F0F0F0E4E120D708FD97
:10B87000EA3A0BCF09EAEDEC1E11FDD516B536CF2D
:10B8800002CD232928FFFE0DF1CBD612E71D2C2077
:10B8900004D3CBE7E503EAD80E2EED0121CF0DE767
:10B8A000F5FF13FF0FF7FE07F0082ED9CEDBE628D1
:10B8B0002C27E1E0F91012EA12D02E1AFC21E9FA45
:10B8C00031230C1524FFDEE4EAF0F0C51F18D50F74
:10B8D000E007C5151811DDB50204BE1ABB3DD4271B
:10B8E00013250BE1CADCE60E021FF125BE02C51BC3
:10B8F000FA0913FB5310D0F8C7DDD02212F0E6D1BD
:10B90000D52511331BC30FFAF2EB26B40005CFE89F
:10B910000FF21127DA020E08E0B7BCF9E2D901F9FB
:10B92000A8ECF90ADE00DCF51E0BF6DFEDF303FDF3
:10B930000E1913E6EEED2CDD00F809F1F9E7D71446
:10B9400010D2E01ED6EFEB1AF221F10A1E1B0B10EB
:10B95000CC121AEBDFE3D406FADDE0DEDF16FB1BC8
:10B960001D0AF71B21F2FCF72D00E70C0602D8E2B6
:10B97000010DF5F0FEEBDEF507052BF2F51FD31FE9
:10B98000FEF5CAD2CB06AFFE2222E2BFFAFEE1E408
:10B99000F0DBD9E916D8F10CF11108320E09E9E50E
:10B9A00002F7FD00E108F0DCEC26DC1DC8D7E8E773
:10B9B0001FD40CDFEA02C5160FF9C6EFF81B4AF2D6
:10B9C000F922C91137140834FC1635CC291D020B95
:10B9D000E101F52108F82B130BC7F1D630F9F4ABD0
:10B9E000DB10EB062FAF302132C5FCE7021DF71C40
:10B9F000E1E5070B09320C1221E2FF1104C31E1B03
:10BA000000D90ACEF4F10625E7F4D9F2290E19CEB1
:10BA10001821E5D112EDEB23D81AE9FB12170B0B15
:10BA2000F40D00D5E108F139DEDFDCEA3B1AF0EA7B
:10BA300014E5C5FC0AF1C2E8FC0428E00BD6C8FBFB
:10BA4000DFFF11ED2BF0F80A091311E51ACFE2BC64
:10BA5000EDD0C6101307CE0AD20CC1BDF117EF040A
:10BA6000FDF50E0C1BD8DAECE12B2D0AE8E5EDE82C
:10BA7000000823240C4702ED13B8FC05F8EB431C27
:10BA80002301000C35FB04E1181017F81B110EF40C
:10BA900007C8DCC423F128D438DC4FFD091725E49E
:10BAA000A8E805D0DA0F30E81419EDF339FD0918CC
:10BAB0001905E1E9F2F9130EE5CB14F214D9A8093E
:10BAC000F8FDEE071DF408E9EB2109F5EBD4FCD2F3
:10BAD000E7EA04F10E061329331323DCEBE6F2F94F
:10BAE00040E2FEF802340EE5E529E61E07031CCF0E
:10BAF00001ED27D7FFE8252CFC12DED80CBFFE1283
:10BB000018A515EAFBF2D1E6C5D32C1725ECCED447
:10BB1000030DB813D811E5B4FCED0C0D21D2B5C559
:10BB2000F4020BDDF81AF409E8190C13960329BF87
:10BB300002C9FB0015E20810E71FE3F307EE36ED3C
:10BB4000E0C8F0E6FA03CBD405CAE1F4081FD3CC71
:10BB5000E10417E9E42AEE0CFEE10C18D7C2DFD0AD
:10BB600024EC12030C0A1ADB16DAE402F8ADE50441
:10BB7000CA0CCBE90F00F7070D12F4F5E302FDE75D
:10BB80000C1E0FD3191BD0D201D819F5BE0013E338
:10BB900034FFDCD9FB2FD012DBE7E9090D0D1E04C1
:10BBA000EB16251EEA25DBE7F5DDFF4409CBF600A1
:10BBB000D5EB10E20ADCC709DA13FD1D0CF724F4FB
:10BBC000060E2A0BC30DE018F81D431BFB320B2099
:10BBD0000421D5E6E720C2D1FCDADE0E16E011F42E
:10BBE0002109D9EEDF28DEC8E701FB109A14EDD059
:10BBF000CB130426D3E10816ECDECFF0D2EE07E03B
:10BC0000EDEB10D4E3BEF0ED04CDDFE8051BCFD89B
:10BC1000F2DE0BD5E12CE4F8D904F61703D31701B3
:10BC20000AE31FF11F190C2000CAB7E4F50BDBE48F
:10BC3000FB1612E1EFDB310FD40AD20EF123D8DD6F
:10BC4000122BECE0E1D8C2E9DCD8C8FD1B0ED8DE2F
:10BC500027041EF91EEF212A01D6F804E70DF61677
:10BC60000DF2F30D15F7031B11DBF41703F21AC8DD
:10BC7000F71711D4C7150326E31A12FBF9D416A936
:10BC8000C7FBF7EDEED225F8DDED16E7F11FF20C5C
:10BC9000FDF8B7E3E20E07D1330417191BC9FDCD38
:10BCA000F41710C3E31503FEE01BCAC70207010A1D
:10BCB000F7F4D3D7EB2818000F1A2813FCFF181538
:10BCC000F8DAFCCF05FCD4D3E01F320DC8FCF0D16C
:10BCD000E9E318FD1B0DD4EBEB0315E6CAEF1012D8
:10BCE00009F21DC7D4ED22E4F9231019DEBB0014BC
:10BCF00023FCCAEF0C10F5CEF1D0E6CB15FAFD25EA
:10BD000002E9070814C10AF3C7D4E0F7DD0804F319
:10BD10002823083015D412021BEBDD1AD2D9FDE41A
:10BD200010142615EF24CD11F9D121D31E050801D9
:10BD3000FDC913FFE6FFE421073FD417110EF7E01A
:10BD4000EB1BF92D10BBDEEB0AC5F9D8E92CE40C8E
:10BD50002C08E3CEF6EF1216E3FFE017F506D0FE4F
:10BD600011E1C3E0DEDB20EC2ADDEBEEDAFEF815B4
:10BD70000A27FDFE182800F6E8F705E2080E0AD3A8
:10BD800012F6042423100716FBEA04F501E908EB78
:10BD9000102204D4EBD1FA06EFCD24C218051A3BC9
:10BDA00015F0F7CB001A07F1BD0CCCE407F9EC1E37
:10BDB000D11CD2FD25CDE6DBFCDE0FF02D1AF708F5
:10BDC0000CF3FE1B0D08D4D9FFF5F41B0C04DCE0CA
:10BDD000F7DCF816021A041BF40721F12F0212DC1B
:10BDE000D00421ECF82DDD04F40F0912DDD0F4228B
:10BDF00000FDF315EA0DDE09E4D4FB1AF7EA29B0D9
:10BE0000D617C4FDEE18F0D202E430ECDE06CE0602
:10BE100025F0F7C81CE7E01929DFFF3303D6F8E364
:10BE2000E2E2EFDFF915282FFDB2F515EEE9C9DFE3
:10BE30001F1CFE0AB43BDCB5FAF0FA0CEDC0D9E7E2
:10BE4000EAD2D91F11160A23FC03DD25CECA091C2C
:10BE5000ED1424E9FAD8112ADBFF31FBDD0F0FF4D2
:10BE6000301636D20420051311EA112CD2E723E84C
:10BE7000F10ADA19CE0C15F50CDAE41010011D1BCD
:10BE800010EED5E2F512BDD8F0D21E00CAEC09C6FC
:10BE9000CB0DF3F40317EAFB0E1F141E320F092219
:10BEA000DFFA010CE1FE04E6D5E8EB200F1FF2D724
:10BEB000F0C1D8F6EFCFED2D1CF60900160BF0E817
:10BEC0000522EE06E5FDF3E2291001FCFBEB110D66
:10BED000E214F007F9FDD13FCDFED92AE6BC2019C6
:10BEE000B9CE10FD0DDE35152DC9DE0527080BFE78
:10BEF00029170BEFAE13CBFB13090CDE0A10C4F6A7
:10BF0000FE00E5F9FDEEE50E07D903091508E2F09C
:10BF1000FDDEEFFA07F8D40EF0F5DE130C13F6038E
:10BF200029E20A07F611F8E0F8CCE7160AC60B0E6C
:10BF3000DFD915050436EBEC312BD9EACCE5F7F95E
:10BF4000FFF2FC2DFD08F8351F0BEE16E5F6E601B5
:10BF5000F3F7FCF20C17090B192B17C6E42C1AE6A1
:10BF600064D30AF70D0E032047FEFFE3E02C0CF725
:10BF70002A23EA46EC16FE18CC30DC21022DCEDD59
:10BF8000D9C9B702EB0506FB1319240DEC00DC231D
:10BF9000CF2D08E4FED2FA0A2D231035F81723C35B
:10BFA00020D0D5E9E8E2FC15F83B1F070B10E4F6BA
:10BFB00006F007ED2BEFDDEDFD0F0AE6D11CF714BF
:10BFC000E8C814EE03DCF52B1A0C2307E51CF5DAA0
:10BFD00003000C1A00F8F7F90C25D10C32121224C8
:10BFE00016130DD8F3F8F819F902E92E0802E20247
:10BFF0002EE00ADB0BFF1C242B0F12DEED141C14A9
:10C0000012242F02FA20F103FAFC25DD2D1705205A
:10C010002633FA0EF80A092C1DFD3E131D2519EED4
:10C02000B6391605FC12D2060719FF041A001BE1E7
:10C03000F2D3FF2EECE1CA28230D180C3A4DE41878
:10C04000E219F71DE31124FE0632F2D00D05DE13CE
:10C050001C1FE211ED1F15302F2B0DECECDCED0554
:10C060001E17D5E0E0F013E9F3040DEFFFFA06E444
:10C07000EDF1180550F4F30C0BE70919FDDC1F1264
:10C08000D91902FD1AF8DF1DE80DFBEFDCF30BCC2C
:10C0900018202121F9031A14F81020F81DF73D404B
:10C0A000F7DEF4F1EE0E180BFBF21EDD23CDFDF3EF
:10C0B0002206DFE90EECCBF40E12001C081CDDD6C4
:10C0C000DA00F5E9180C45EAF0F92838E6E6E71653
:10C0D000E70BFD2AF6E9CB11DBE7E6D9FDEC17D833
:10C0E000B2DD000010C71608D7FA19211316142064
:10C0F000FFE4301B1633E801F32CF0DA28FA140AB7
:10C10000BAD7C91C0FE912E727214710D2EEEF1C5E
:10C110000ADC05FB1F2201D4F5E4260B1734E51FCA
:10C12000061BE81120D7D33828F10D0544E907F4A0
:10C130002420D0E1DAF0F2EAFF17280530D1F3EE3F
:10C14000171528EAE4D80CD41512D0FEC0F3FBE88A
:10C15000E805FAF925EAE509BE0C1ED806CA290940
:10C16000FC0D05DCDD02FE0EDD2DF02B06FB3FFC99
:10C17000FDF3150805FE201EE5F720EC220BEFF07D
:10C1800019E110D805F0F6F8E6EB262D0B16F4F0C1
:10C190001B20EA150BCE2F0516E928E9F9EBF6E18D
:10C1A000F3D818DB1BDF14FB12D81E1FF3FCD3CE11
:10C1B000F50F0BF5012E022D0B13F91D0DF90D2FA7
:10C1C000E40E0524EAF9FEF1D42529FD0830FDFE30
:10C1D0001C0A22112A24DE2920D51A0CD7E8F7E7F9
:10C1E0000FF71D27D70BEA36FFEAFE172805E5DD16
:10C1F00013DCFEE3F117142C1B4210F9070DCCE5FC
:10C20000EE1A0FF6FD1C0205EEFF1AFDE4190FB63B
:10C21000F401FDEFFAB5E407E4DA08F3F610F308E9
:10C22000F90C2EC6F63249EDE7C9113C12FEDFE1EA
:10C23000DAF305E81C18EE00F3E328F4FEE6F7E174
:10C2400011080A282416FBE5CCCF272FC54BF7EDA4
:10C250002A0ED9FB3CBCED06DF021EF0CBD802EB68
:10C260001017F23E17F8D0E525180FEFE227F2E994
:10C27000D13113FC06061D29D5DA1AE6EB13D33D9E
:10C28000FDD409F126CF2619CA08EAE71E1E02F5D9
:10C29000FA03DE28E11DF301E825D4084105FF1B60
:10C2A000BBCBCE0601CE0CE20B3FF7EFFBF105EA6C
:10C2B000E6EDCBFC0B55E4EAF418F8FAEE1898FF1B
:10C2C00033080DF9E5E9F7DA0FE0F10D02EB210291
:10C2D000F4C914F9F2BACEE8D9F613C4F101320C5C
:10C2E000F31A1AF4C2EF1AF0CAE00E43451915F713
:10C2F00023E4C615EA0BF3FFDB0E23B905F4EC3B90
:10C30000CF04222C32372829DC1FFF391617E535D8
:10C31000D911DD202EBCF1F1CEDAD3141929011880
:10C32000F9D02E2830D1D21EE4FA2FE0040A01C938
:10C330003A270818E4EEEBDCFD17E433D13DF7DED5
:10C34000BFD2E4282FEB15C7F326F2DAF02A02FA5F
:10C35000FB19E7F01FFC280B08FDF438230503FF49
:10C36000F1D13126ECD30EF7ECEE181BDE15F413E9
:10C37000FC2F0D2DF01DD2D532EE0D00E1F3F2FAB7
:10C38000253DDAE718EB3416F420AB23CB05DEEAC3
:10C39000D0DA2737FEE726E5BB342CC418040E0993
:10C3A000F7033508F9ED2DDBE5BC22474F350011C9
:10C3B000072F18F0CBF7B7FE271DF5FBF1E6D931B3
:10C3C000F8F7D91CFBEA48D30C0B26FF01310DD03E
:10C3D00021CC1719E4DB0B17021BE73C1C38E005E6
:10C3E000DC22D7050E06100D0800E9F81D3FF3D03A
:10C3F000062303EDD91625EDCAC8DC230ED916D1C4
:10C400000E1A011814F6FBF506FCEF1C1CF7F8E2F7
:10C4100008F1142406E81D09D822E722D4CEE2024E
:10C42000200D202107D7EACCE4EB220AE4090DF81D
:10C43000291CF9FD24F6D9F3FED4FB2817EEC00F12
:10C44000F322083517D3D2F0E6E3AD1D02ED1FBF8E
:10C45000E1D61A2BDACF1114BCF7E3ED09280F0748
:10C4600025F61AEFD50B269DE6F60C360ADFD827FF
:10C4700040E304DC16EAE8D4E519E9E1DE28D7E771
:10C480000A17F60B25F1111AEC1A0C0AD41512F63C
:10C49000F9E51A0EC3C3DA0FBDE6FD55D4111FFB33
:10C4A000CD10E1F20BE7CFD3D7F53600EE39BA0A5B
:10C4B0000B31F1E7DF04F0F4D4B2EEF8DAF0D12278
:10C4C000CEFCE5E5F61A2912BDDBEE151D11EDE0F7
:10C4D000F6E315F522F0D4121AFC27E1F3E5090E74
:10C4E000060DFF061AD4ECE61EE5FB070E312B0FF6
:10C4F000F7D8021225EBD9FE1215032C07410800CC
:10C50000CC2FE60A221AE71B3311F0DBE609F3E32E
:10C51000E103E2F717170C2CDB000AC6110EE7FF48
:10C520000D1824E5EF29FCB6FB95DEFEF7F4DB1FC2
:10C53000FA1332E3EC37BE10F2EC2DD00E29E6F7F9
:10C54000070913F60B312835FADA140409EAEA2C44
:10C55000F6CAFE10F0E3C739F428BE0FFE04F1243A
:10C56000BAC9FD05DEE4E4AA05D1EEEB2E39D812F6
:10C57000E5F0F2EE0C2AF5F4F0CAEAFFEFFCFBD48A
:10C58000F20DFA1DD0070BEEE8EACDC10720260513
:10C59000B130B5EFFB14F4DF11FB14DE031FD3073A
:10C5A000131B13D1E224FB1807FE17E7C906310756
:10C5B000D3170CE2ED02D41E1124E4F8BC1AEE11DC
:10C5C000E5F5FA052DEE23F11422140109ED01D24F
:10C5D000192B36EBE4F702FCBCE1FFEEFF07F7DABC
:10C5E000EAFE1203C70CDFEDE5E51DF7182CFA0B88
:10C5F0000034ED0A11E5CCDA32FB1003100FC2173C
:10C60000FB03F619E01F0F2501EFED1CE0192523B0
:10C610000BC8C825F904EE0A0237DE45CC13FBFD32
:10C62000AD04D4FEF6D50BE8061813F534EDF31D72
:10C63000E32DF10C222C152710B818E132E40EFC82
:10C64000CCCA0CE5FFE7E221F4ED980F1C46E92087
:10C65000F815E4FDF5FAD4080608FF03E81DEFF825
:10C660002DE223F3FB22EA1E0BD6E4DADBEEE8B37D
:10C67000C52602E9100CD404092FD3DF1F24100DA6
:10C68000F3111335D4F5FBE5D4DC11192C10CDD3FF
:10C69000CCE4EC151FCCE71FD204210CDCEF16E82C
:10C6A000322CF7DE08D507DCD90428D8EBE40DE9F5
:10C6B0000EF514FFF614EED9F2F1FD1027E9FD2670
:10C6C000211419FBFC1C09E01A14162323F1272757
:10C6D0000B0DE30CDBEC17E1D7EAED1AF001E80EE5
:10C6E000CFF6082A1ED51DFEE6E0F9E91937E1ED7F
:10C6F000F5F21A0FE924E920E80D26D5EBF024C461
:10C70000CE0703321FEB17F0EC1C21CC1A2D14F6C8
:10C710002C06DD101501FBC8E21BE90AF1DB1CCF7A
:10C7200028FBDEFEF4E7141407F8E810E5E2F1F563
:10C7300008FDF20B0E1406CF1FE5FAFDE3D0C3325D
:10C7400034ED182DEED1D6071C0410F90807F4CDEE
:10C75000E0D222FAFFC921E7D8F12ECD0B210D0A34
:10C760003BC4F0DFDE1E1C0E02FC0A27F91E020984
:10C7700014FE1D1A2A2ADAF8123726EEE243E704DD
:10C78000D2D1F6F10D233FF301143D1DE432FA003E
:10C79000FCC6F0EDCB10E8FBF02ADAF424EAF6FD53
:10C7A000C4E80E07F9D5E5F611F9F219E30FE3E64F
:10C7B000101E1D0435DFF015F4E7FCFF14FEFFD456
:10C7C000F622E436010CDC2C1F12EFE4DD201AF314
:10C7D000EC1C36EA211E03E836F633FED4061004BC
:10C7E00037C42DDB06060C01D1FB13183803323C8D
:10C7F000DE13DCF8DC13E0210609FFEC0D1FCA2173
:10C80000F1FAF50A1003E31E14F3F1FEE5F5F31D4A
:10C8100007EA1F2928F03009DFE2E8F9E8E93317D1
:10C8200008DE02EEE6DDF1D4E1121F0210FD06295A
:10C8300032EB2D2004D1DDEAE6201CE4F8E0D02123
:10C84000E2E73DE228FD26F3FFF41C2AD0F91E3E64
:10C8500017D2D404153D03F1EAF90E0C16E3EE12DB
:10C86000FA0AF8F0F40E090ED1FED9D5EB12CD106C
:10C8700016EC14EAFBF914DB26E4EB16F3F500DD05
:10C88000C8F8C70CEDFA1CE7FFE1BE23EAFB13E290
:10C89000E224FF243A27FA00071E1404E4C60DBB65
:10C8A000EBF0E1E8FF1619DF0BF715F257EBF03963
:10C8B0000712E5F7C416FEFE1224D2101416CD049A
:10C8C000DED3EB1E06F82BE8CBFE0FD81E09D33FB4
:10C8D0000D17FFE41ED80822E1FC1BE80411FDBE81
:10C8E000DCDC1AE0E50C0211EC3F1626080CD0FE49
:10C8F0000AE5180BF5F1DD1002D706201B07DA2137
:10C90000E4310509202AE1F604D20C0FB4F32FCA52
:10C910000BF2E4EA2BF2D801E2FBC5E40FDC01F9EB
:10C92000B8CF19D932EB020534F3FAD30DF408006D
:10C9300027F52B2DF0F70DDFFF0B0D2D0DE5EBCFC0
:10C94000D2D6210E200BE4062706EACB0A25D90809
:10C9500013F623E92F12F01CFCD0170C0BD003D5D3
:10C9600002DB0111DCF82633FB36FDD6010F121273
:10C97000002EE9170102A0DC0AE7DDE52EE5F8F359
:10C98000E6F31009D71AF242C7ACE22B08D5FBFC3C
:10C99000B303D6FCFB2B041E1DFBDF0FE809E8EDFB
:10C9A00001BD22F0EFDCE7F9F9DDE8F9F9F51E0643
:10C9B000EAE9300818140EECE3FC2FF51511E70E28
:10C9C000F8E2F4E4EF100B12E8E414EDC2D8FEC96B
:10C9D000C7DD32010BD12AF42CEB30EF36EA2C08FC
:10C9E000A5EEDAF80AF6E628D60EF225CAD1180D19
:10C9F000230F0643120224E0EC1EDFE014DA16CD0A
:10CA0000FDE620F32316F8DEE5E0F306CA07E1D3DE
:10CA1000090432C3031DE548E5E8DC000CE514D247
:10CA2000E9FB1F0101D442081E12E5E13A14070F89
:10CA3000251DFDF0F70C271FFD36E127E7C6D61EA2
:10CA400016B7E4E826F1E514F7E4EE22E1D80FC8C2
:10CA5000BEFDFAF1F920FAEFDDE60AF3E00615E48F
:10CA60002DE0EACD161E1CCA01F60D1B0ECCE72ADE
:10CA70000EDDF62F1AEC24F9DF12E01A17E908DDB3
:10CA8000DC0CC81AE90724F324DDE813ED00EDE11E
:10CA9000C208F427D92DD9D00BE705CBF61FEC0738
:10CAA000C4DAE502EDF21DF1FAD7F6DE07F4F0F68E
:10CAB0000534DC26242B302129EDF00B12D4CFDDF8
:10CAC000E4B92531F209F2DFF2F4E51B1F1016F488
:10CAD000EC30F2FFF21D0C50F80602CDDAFFE4FD57
:10CAE000E7F5DAE81025F91F2BF0313042FEEE2C85
:10CAF0002EEAD7D9D8F6C1DFF903E324BEADBEE9EB
:10CB0000EA0708FFDCEF1607FFBBD92AC5C930EEDC
:10CB1000C8F9270216E81610D1E724EC2503F2EA3B
:10CB200008EDE30014F30D01D1FDE730F7CD1DE86A
:10CB3000152BCF07E80EF5FD16CEDC05D0F0F1156C
:10CB4000E8E2E3F8DE272AF1E31AF931CBE7102116
:10CB50001EF4CAF41C0D2B0803C1DEED2C32D01CD0
:10CB6000ECFEFED71BF91AF0DB520528F8032A0960
:10CB7000EF092AF7D003FA1132EFFE3909B8DBB911
:10CB8000CF12E2EF1DF02BCEFA25BF231E141B0996
:10CB9000D6EEABFFDA02EF2A120736C017331ED5E6
:10CBA000D72715C315FEB8DE27F91E00D6280EDCE0
:10CBB000242C1A12E0F6CBF2F8EAFBEDF7DAC813F0
:10CBC0000EDFE3D6CEE032C8F3F1E50FFAD8F6FA7D
:10CBD000E5E5F504DCBAF30C05D3F317F8E7E9F85B
:10CBE0000003170CCC21F008E7C21014EF24F00961
:10CBF0003C361701CE1A0BDC14BCE8ECFB389DFA6E
:10CC00001F0FD6323933330AF902F005FD230A2704
:10CC1000E3320618DA1D101D03F011E016F7E01DCF
:10CC2000B1F612D6250DE2D032D8F0E9242CFEFD63
:10CC300008FCCBD7F307F01E34251419E10FE0E40C
:10CC4000F7E7CF481321092D0CF9312225DCDBFF52
:10CC5000BCEC8BC6F3FFE305FFECF498E601F32789
:10CC6000E6FFECBFE62C09F41B3FE51DDA07E5A063
:10CC70004102CEFBECDDB6FA20D3FFF100F4B12483
:10CC8000F5E1DBD00DD615CF2B0E03121418C5B36A
:10CC9000C7D1D022CAC9270D06EEF61F0A04FE1915
:10CCA0003DF71E22DBE7EFA9CBD841070FCB1930A8
:10CCB0002BF4E9243123D80D200F3826FAFD100378
:10CCC000F52BD31EF828190E1AE524E9D828EEF81A
:10CCD0001D022622F3C11EF22A052213F2081CD6D9
:10CCE000A8028FEDEFDDF00023FC0DE60500DD2C42
:10CCF0001F2509EF0C29D0DCFBE407CA0F1018F937
:10CD000016CAD1EB0DDC041815F42012EFEEEF2853
:10CD1000D2FBC7EAF6F2F8C5260AE3CD1CB90B260A
:10CD20002DC7E1032F090BE8FD3715EEC1BE1DFB32
:10CD3000F4FFF9FE19E6ED0FEDE7FEF9CE0011E77D
:10CD4000DD240A06FADE000D1F2DF71DCAD9F6B53F
:10CD500003F9ED21E3ED01F9F201DFDDE314DBE896
:10CD600016090AFCE7EC0B92F11E2BED28F10EEFF1
:10CD7000030EF814020C01F717F7360A1CF4EAF157
:10CD80002D13D30E2300E530DFD5F726F4EFEE099F
:10CD9000F01BF6D3E4E8E51FDAF7E2C3EB2CEF076C
:10CDA000E6F0C3DCDEEFF2F10102F4CB231009DE82
:10CDB000131B37202C0AFFE62CE8F4FC2DDD0400C1
:10CDC000B7F9E8DC25F225F8EC99E6DC03CAD100D6
:10CDD000C721A917162FD99E0E3802B200D3FF071C
:10CDE0000ADA3809252602F0261FFCFEC0C23FFDE4
:10CDF000E6FDC5211322180D0E311BF90314BF04E3
:10CE0000E60F240AF31DE1CBE9F91FF1BDFB08C1D0
:10CE1000CACBECEAFFC110E503FBF2BC30CFF7E26E
:10CE2000113A35E7C93034E104D62ADCDD010012BD
:10CE300030203018E51316140CFBF6D611F0FE0066
:10CE4000F523E4FC3012DD15EC20ED19C7F32DDEDF
:10CE50001B0F0CA70D2EE1DCE2E1222716DE1BEAF8
:10CE600011DCCCBAE7B7E80C082840F003E00D3835
:10CE7000E62508F1132009B504F3E6E926B73D0ECF
:10CE8000CBC8F0C13AC52CEBEECDEF05F5DC0EECCE
:10CE9000CFE3E2D503071ADCFFE63ADD35CDFDC866
:10CEA0000FA320AEF5DDF0FF02C30E0AE5D02C1073
:10CEB0000CEE2020D91F17941AF708AB15DFEA16DD
:10CEC00011C012C420CAD90AFFD1EEFDF6F205C482
:10CED000FBEAFF15D94CE5F7F70FEBD217AF0F2997
:10CEE000F22A03100025F7EBED0709DB43FC2CF1D8
:10CEF000E70BF83004422EF0DFECDA953104E2FA69
:10CF000005D322EA0535C424000B1514C506F4ED3B
:10CF1000E806BDDB103A27D4DCEBD103E1DAF407F5
:10CF2000CBD4BBD12E19E1D508FD0A3809BFE435B1
:10CF3000EDF503FB37181BCB060FE0D125C20AD154
:10CF4000F5D9C0D71FE4231513DF2410E3EF05192B
:10CF5000DF10F9D5C40D19C8FDEC35CBD8F4DAEEE5
:10CF60001CD8E6CDE13B0927EBD9DEFBAFEB09B5D9
:10CF7000E814FD07DA17EDDC160215BC14DFCEEF5E
:10CF800001E833C6E102012DE5FEE81614DEF6CA1B
:10CF9000F8D1F908153AEEFFFDDC11DE03EBF8F3EA
:10CFA000D7112DD63025101535C3E4F212DCF40D5F
:10CFB000E2FB0C12F0050E02FD0DFCEF36F5F3DC82
:10CFC000F1D73A3113393827FC362CFDF5F829CC46
:10CFD000EEEED425D636DCDCD302132219C4EEDD06
:10CFE000CE3613FC251313E61630E4140A01240090
:10CFF000E60EEA0408E32B001F2A17E1DDB2E9D6AA
:10D00000D70ECCF308B2D31D43C91FFBE9DB23ECD9
:10D01000F344FBC108E8EAC6082506CE17F9F8E490
:10D0200003FADDF7F9362403E5E8EB09C5F52E1F11
:10D03000CDEEFB21D9041F1204ED142329B1C5FC48
:10D04000F3BE2DE10ADEF222F3FA0A24E7DEE4F66B
:10D05000D5F92821E5D93AE4CA06E4F70A181700F9
:10D0600028451DBAF11209DF1ED1F3E816EF033887
:10D070004529FC2C1FEEF6E709D5E7461A2CD1ED21
:10D08000E41B0926E0F729010820FAD7B92601AEEA
:10D0900015EB08DDC13811021A2C06F1CE02120B75
:10D0A0001BD228053500EA11ED190F22C3E829F437
:10D0B000F2080AD217DDF3FCCD151D0DE2FC36B9DE
:10D0C000BDD7F1FB32FF26F01FD3560EEFE2F7D3A8
:10D0D0001EFF20E6060AFFFA14BF0829020502D740
:10D0E000DAD807DDF8DE33FEE903DD0B9F12F5F633
:10D0F0001004C6ECF1151DDB19EEDBE1F0DED52BDB
:10D10000FDE6F61033FE02130230D412F0D1F829F6
:10D11000CEEACB16ED02FBEFD4FB220120C42A2677
:10D12000D802DFDDEDDFE11CDF13C710DAF51703EE
:10D1300022270E1805BFBAB2D3DAEC4CF011E41670
:10D14000F92024EEE2FC180ED7FCFA07D902E6A972
:10D150000EE4DB27D30ED31D21EB141BF21EE9E0F6
:10D16000FD2BF4FA14F2ECFFF6F5DEF7F407480EA7
:10D1700011FBDB0311F2040733FB140FF0EBF91082
:10D18000C00507F1DDE72BDBD7182804E5FDECFD32
:10D1900041EAD8B9F0E8F40AF7042E162204E7C0F1
:10D1A00000E80408D8161B34000F0EF4380C2615BE
:10D1B000F20C05CE021C15F731EC210AFDFB16D34B
:10D1C0002809D4E90FEF21D11CEBE04AD1FD22025E
:10D1D000BA1DD517E9FB21FA041401CEC1BE211FE7
:10D1E000F503F233B7F0E80CEF44EE01DAF5FCF0AA
:10D1F000381725E0ECB0BE08E8E4CC4BF40BF01790
:10D20000DF20F6EEC6B3F4EF0EFFDD15D00FEC0510
:10D21000D8C1CFF3E600DA0ED5AF0AEB08F106FE6F
:10D2200013E4F8DED7C2F3EBD5C9F71AE1F208F040
:10D23000B29FF10D0CD5E2D9FD07C7DC1FAA2BFB6D
:10D24000EAE5FFD7F3E815E2E9D947DBC929C2E9E6
:10D25000111C07FB1E2BF3F502DADE2EEE0907F494
:10D2600006D1C2DE1DF839091DFAC4D9F911F03E04
:10D27000ED0703E2F20F2AED151823DBF1B1DBD144
:10D280000EB322E4E3D9C1E6FEC3D0D1E9E01DE24A
:10D29000CAE6C91ADE2B28CAFEFBECCEFBD5E5F7A1
:10D2A000EFC4E4BBE8080A11EDF41CDCFDD704F57B
:10D2B000F6E6E9C6F3E0F9C803151DD7C9F10A2956
:10D2C0001C0BDC1719DAFCD1E918F6DCE8F7EDE8FD
:10D2D000D0EE111707050ADACB10C0FDC4E5051220
:10D2E000E52AB5DFD1C8EBE426E5E4D22003EC0162
:10D2F0001807D6D515E0FE2EE5B3D9011DFBE4F7DE
:10D30000F6B0EEE123D6180A130032BA272DB92E53
:10D3100009055BD9FA1503D106E8C73413EBEFDE34
:10D32000E007B41530E30EF92F14D9BA01013055D6
:10D33000FA1807D72D2327FD2B0A042522E9D7CB7E
:10D34000E79D120E341018FEEBC7CDD5C3F8DF13DE
:10D35000AD24FFF8F8F40ACFEA0ADDEDECD5ECD401
:10D36000F10629C4ECE001FBEC111C35D2E6FFD23A
:10D37000D9FAE4DBDBFA1B1711EC19E3D5E927F93D
:10D38000C513C8EC0CDEC826CFDE16E7DE12E400BB
:10D39000AFE8193602F6DCFEC2000EECD3FC152B0A
:10D3A000B9FC0819F9F5C0D0FBC202F01C2BCEC79E
:10D3B000131CF6E6F3E905F408EA042111AB1BDAC5
:10D3C000C8B6D341FA0BE9C906E1E9C3FED8F1D4E6
:10D3D000E2184A1F1D10EE1A150FF92F21302F0BDE
:10D3E000F409B1EE0ECAF5E7F11D23D6DFEACD0848
:10D3F000F5FD01E31EDB15FC2C1CF9F7E8E8FBE763
:10D400002EBBE4F60DD5D7F324D0CE0C22ED232588
:10D41000FEF9E342EBD1F627FC0CF5E9C4F7D103A2
:10D42000FBD940DCE1D8F00DFAC31D0B00FEDFEEA6
:10D43000E0DF0D0CFC081BDB21DBF4001EE9F31A16
:10D44000F51AE8EFEFF4FE1A14192AEC1BFAF5BCF2
:10D45000EDC921481103D9F6B315C30CF618E83B02
:10D460000723E736FDFDC9EF0807F7FEEDE2CCE63E
:10D470002DD10CE7F0FAD8F6CDDDF03E04CFDBF885
:10D48000CCE1CFF8D9CCFDCDDB1201C209D31832E3
:10D4900001EE1BEBFA29F21412F00A0F051E3C2CC8
:10D4A000CEF9E112F4E00FF12A471E1DD81E032C1D
:10D4B000F1FACDDEFDDC1D070E1802041EF8FDE2B8
:10D4C000F8E9D61DF208000039E0F0C90530E9138B
:10D4D000FBF909F91402E0D1D40C2235DDED101668
:10D4E00014D713E61531F6D4ECEAFBE7FEE4EDE7DA
:10D4F000B321C312E8DE13E825160DCCDEBC1104FF
:10D5000015D916190B1107F9DD152534D3F1EB09DF
:10D51000E40D09E4F4CC180ECDFAD104FEDDCFF70A
:10D52000B9EBDFFEDBD30FFCE805E52D25DBF804C6
:10D530000CDF0D0CEC2519FCDCC00DCDEC0B32FF23
:10D54000FA15F3D9DC0CDDE4E9E9E7E021D3CD18E5
:10D55000E6F23F130704F9F3E626F70BE60CF9149D
:10D56000DB1C1AF416013411F22F1C02D5E4CC088E
:10D57000D240FEDB3706111E291EECF038E3D01F27
:10D58000E221E60A15CF24FD423EF4E808F906E25E
:10D59000D322FF330A09F613E5E423DF18F12BCD7C
:10D5A00019DDECE0E70509F603ED10E60433E7FAD0
:10D5B000FE2AEADEBEFF18E41CFA1C08D3CDB60D25
:10D5C0002ADBE426EA1806E8C6060BE6E4DCDA2ADB
:10D5D000D7CBF727C9D8DFEFE3EED210DAEB11EAA9
:10D5E000B4E1D104F7FAD7C4C00BFADDF7E8E6F9E5
:10D5F00027E2D2FA24D8181918CA1BEEE425F6003F
:10D6000007C5C6E5D2F10BD3FA2ED2DE1231DCF615
:10D6100005401AC9FF33E2B3090807DD1A122816BC
:10D62000D5E705D315191604E113EDE0D6DC102774
:10D63000EA0720F6F009E9EE22170D122A2305EA7F
:10D640001FD4020A13190725140EC1DC1D2AE5E6B2
:10D65000F9D722CBEB14D3F2EB06E72D1CD1EBF379
:10D6600009B9ECCB21F6DEE401E133E50DDA041D66
:10D67000050B3ED0B7260DC1F1FE1AE505D2B20664
:10D68000F514F5C00AE7D6EAECE2D4E90EB1F636B5
:10D69000F8CEE10FD1ECD5F2042802C70EE7E3EF94
:10D6A000BEDCEA04E209F7D9FC2C270E2C29E90597
:10D6B000171F0BF5041AD526EE1A16F212E7FCC056
:10D6C000DCD30FFF2AF5DDD4CC1E00A9FEECF1104F
:10D6D000DC0AFEFA4CEF32D32F1DE9D6FFE00B1E19
:10D6E000F6D30704D80121F721E1D1D40305C5F20F
:10D6F000111728E7FB210EC30E0F39FA00E7F404D7
:10D70000E5D7E8D8F33A1EDCCCE8CA1CF9D620F4F9
:10D71000C6D2FAFAC5FC30ED1FE718E802EF1DE1AA
:10D720002BDBE4DFEAE0D81BF9D01D14FB4406E450
:10D73000C621F8E5E74413E30EDD1FF8FBFC1CEA05
:10D740001105DBD4DB040719F7F101D0C8EF2DD8A0
:10D750000100D213E1CF20EBDAFAC915F21F2AEC4F
:10D76000F50CD6E508E9F6DA07D72FF81C1704DA26
:10D7700018D83BE516F31D10D8E121E411FC13D5B0
:10D78000EE000CCDC91CF7EF0025E6C4F3D7CAC7DD
:10D7900012032A12DBE3E10F36FCC7CA2225F5C8C3
:10D7A0000DE8F1ECF10EF9F829EE18E2A309020AEE
:10D7B000E70BD04A080E30F001FA4AEAFDF7E834E8
:10D7C00009D1B5110EE917073BD2ECD115E91FECD1
:10D7D000F9F1E9DD07D92A094726331519F304259C
:10D7E000EEFA14D006BC11E5F7F7E9FA290208C3EE
:10D7F000DE02F8C10AEB1EF020DB100A12D1FED8BF
:10D80000E6AB09F6E8E416F30CFAA50DCEF6FD1A20
:10D81000EBC0E2E2FEE11FE1D90FC8D6CCDFFBF09E
:10D82000DB0BEAF6CF06EABD06E3E606D9FFB1193F
:10D83000FCD0EAD124FACFF3C2C9F2E9EAF5EDCD82
:10D840000B321AD3B0D5FA23FEDCBC06E2D304FFB8
:10D85000ECB8CD291C12E3D51FF6FA060CD6EAE186
:10D86000D0E4F7F1F0ED12B8EBE518FCD8E61B00B8
:10D870000F10D71E2CEAE91141D50705250AF5F14D
:10D88000DDFD08F4F2FB172C1507BCD8DE171103D9
:10D8900000121525BEEA0507F4DD241C04FADA0B94
:10D8A0000D0FF2FF0FD6E0E904111837E70FBEEDB8
:10D8B0002CE5151408F9D61200101451E1B2F9BB89
:10D8C000C415161BFDFA1D26D5A9D8C50AE1FE0709
:10D8D000D9C3CF07FFF4DEDDC61D04CEF31707362C
:10D8E000D5CDCFEEC91417D0FCBD01ECED24DC1270
:10D8F000E4DAFFFEEE1DBB1DEDAFE61703F10BD121
:10D900002ED5F9DCE1F6C7E3B53FEBD90D1228F8C7
:10D91000CE152BE82919FFF709DEBD0F3BED1F2BB4
:10D92000CD050E0506063019F911D710E2160B14B5
:10D930003B11040EDAF210D62CC8F2E333F9FC28BE
:10D9400010DF320F25290E24F91FC1D5E9D7F5259F
:10D95000C8FD1427EA2D020E1BFFF7D909F215FCAA
:10D9600022E418E8E0BD0BDFE4002826E4F4E60A30
:10D97000462101D5F40ED3D6F526E738DEE7EAFADC
:10D98000E049191C0CCCFBFDE9D8F4DE100819F7AE
:10D9900008E01F12E3B9E30FFB1C0ED8C5E8E11045
:10D9A0001AEEB117EC18CBF2D32A190FF606CCD425
:10D9B00024FE3FDDF1F8FECCECE7061FE1EBC400EE
:10D9C0001E2B24EEE413FC1DC31F0FB224BE230440
:10D9D0000422301C2208F5EB0BE4F61026ED0C1E99
:10D9E000152313C92C3134F5E6E3CDE2E613E71D28
:10D9F000FA2EEA26230B180226CAF2130CD1ED28C0
:10DA0000D8FE05070900E10F2514C4D211FFFFEC71
:10DA1000CF1209E90A060C21150B00060B23C52AB3
:10DA20001BFB21EDDFC6FFDBF9DB0D2EE8EAD70C8F
:10DA3000FD1112D8F30CFA3D20D3ED0A26BB4208A3
:10DA40001C230B1D13CB2B1420F9D9C424C9DF4E82
:10DA5000D7CEFAFA1CE1B90E04E4F6CCD70221E2E3
:10DA60000B12F60410CEDAFCC5F8FBF01309E1E85E
:10DA70000EF8F3E1F422E1EFF7F91216E7E0F3F81C
:10DA800009C5FDE9D51EB22A0CF905D01AFC2FFFF5
:10DA9000D8F7FC04F6DC1AF1D50E07C50D1C27D902
:10DAA0002D1A2B31E5D7F4D7E4FAE317DDF2CD0FC9
:10DAB000DD2DC7FAF81ED82F1AFB172324F71E12E4
:10DAC000F406121B30EDE6FB1DEA021302220B0DD9
:10DAD00022112027EE12163309FC02FB011FCBE8AE
:10DAE000130AE3EF18C9F3FEFBE224D2E82A0CD3B1
:10DAF00022E3F3FB15E416EEFCDA3C23D7CA25CB70
:10DB000015C6E0D0CFD7D7D7F209F20639E2F51221
:10DB1000CEBDC4150EF9100825D5CBC3EBEAEA0437
:10DB2000ACA0C5E2D3D8ECB9EAF7E6EC1B06F413D7
:10DB3000140CFED62802D6E5DFF90EF31DB4FFCE95
:10DB40001D04D51D0724C3F0D720DAD003D715E86C
:10DB500000240D012AEEF5F2F828EDA429F222EFB7
:10DB6000042B0A07F2FF0DDCF726E8F5B3D2F2EA40
:10DB7000C2180006E8FADF303DEB300FEF01DFFEA0
:10DB800000DD10EB3FF0232A0BE337D6DD0FEDDF8E
:10DB9000F5372907E5FB1428EF012B00F5D40AFF20
:10DBA0002AF806DF19FA1CE6FF0AC7DE230AE83165
:10DBB00032E710B1F7F44100ECFBFE44EFF80D0F33
:10DBC00011D311DAE3EFF50AFEEDFE0CEAFA09F9DA
:10DBD000AEF12713061F16EEE6FC26F402FA08C77C
:10DBE000D0B796C0EBF7E5E811CDEFBDFBF3E81534
:10DBF0001D0DE2DECE36F5EDF8C416E4E4F9DCFDE9
:10DC0000F3E5F609F203230DEF1313EE05ADF51757
:10DC1000BEDE090C3CD306BB20F2E39AFB0202FCF9
:10DC2000FA2CFE16FF31072A0021F6F2F0C0010A95
:10DC300015DF111E12F532E401182E25F6EE0F0B3A
:10DC4000DD1F0CFF42070015FB08F600F8302D4DD4
:10DC50002927ECE2D6F9EBFE2BEF38FAEF10D325AB
:10DC60002301CFE90704E7230E20D2FEF408E2EFF8
:10DC7000F3CBF5CBE4EE282AE90C020208120CD90A
:10DC8000EB3B0C0FE6BBE2FBD0DB0FEDEEDD1BE365
:10DC9000D0091EF013AE17EF06FD1FED09F3F904CE
:10DCA000D13CD9C621E704F6FECCF428F605D712FC
:10DCB000FFE626E50630C80733F602183701DBEA2F
:10DCC000309CEA040808F9F4C514DFB8FBB6340048
:10DCD000F3F819DA09D215A0EC2225A2332934FD74
:10DCE0001B0DE21CF22633D42F1024FA03E200E3CA
:10DCF000ED2702EC0FE2162D2AECFE1C350BFCE69C
:10DD00000D00FA1334E713DAFBF8EB3126EC0220AE
:10DD10002C09F1FCD614FA1ADEDE3027F1C915F110
:10DD200005281B20E8EAF0202A03D9E91BFC2A2C4D
:10DD300027CB43C2FF03042ABF0DE72CC901DEED48
:10DD4000D0FA1CC7F7D41FEFCA051AE43708C01071
:10DD500027F3E41A19FC2BDCF0D9E431060008158E
:10DD6000EDDDF1F6FBDFF60714E52207FD26E133D2
:10DD7000F31532EEDB3AE73A2500230810BCF2DE59
:10DD800007180B1CF02331D8FE08CFBDF8FB06198D
:10DD90009B080F1101F525FA0F2D0AF3CD1FEF1E79
:10DDA0000C082CD0F4DC0E2FFA2D3A26C2E62EEC0D
:10DDB0002F30E5060B15160302E4D3140AE4303CB9
:10DDC000050F3702EEFC14F40901DC02DE161F0316
:10DDD000F231F6FC1C0BF00F22D40835C5FCFFD93C
:10DDE000102D070810D70307F7F4F9E6E9F4FD232F
:10DDF00025BE110EEB11CE0A0314EC26E203F1E46A
:10DE000032141501D4C8F714BE47E6EA2C13DEF32A
:10DE1000CAC914110124DCF3211AEE21FDDADE1047
:10DE2000203721EE1EC4F3D6DC1DF30F26FE1CFAAC
:10DE3000FFE314C51D0D2B2A230EF2081BDF30143F
:10DE4000BC0A0D11F5EF28161B1DDAD82BF30F288D
:10DE5000CBF6BF17E6D315C437E91AC60304F1EDB4
:10DE600028FEEAE21C382F1DDDE0F72FDC1328F531
:10DE70002DEAF5141D00200EE33804EF0F2804FCF2
:10DE8000F4440FE4E7FFEB05EAE22FE2D5EB2DF0D7
:10DE900020232F2B290DDD1700020C43E00113D6A0
:10DEA000F412E5F1E700D60BDBE9DDEEE9F7152426
:10DEB0002206E4E0DD01DC16ED09D62D02D73BD5C4
:10DEC0001C0C04F10AE400D6B32407DC01E9E6F4F3
:10DED0000F0110020119EF3303250C02E425EE08AF
:10DEE000EFD5F43830E5D6C31DF517F7DADDD912D2
:10DEF000FEE8191B10D8F40831C4080F0D4023E4C4
:10DF0000F408F60412ED11FE1B240FE1FE1BF11CB8
:10DF1000E431C1D0DEEF1C340D2701012828290B84
:10DF2000E2FF32E7F32ACAECD207E71ACFF713F978
:10DF3000E0021A1B04D807F7212402F126EE22E1A1
:10DF40000EF93226DEFBF9F60E17011CFFFA0F2A36
:10DF50002233FBEB0FFD11200CE5052512FBE4FD40
:10DF6000FC2FFE0BC2EFDF3BFFE1D215F81518FBCB
:10DF7000DA023A120216050A04D802081AED16F45B
:10DF8000E50FD2F2E0F718DAE91917052FEBD029DF
:10DF900022C31A2010E82006CDFA0F370400F0E162
:10DFA000CC06F126DAD4FBCADBE6D4E4F507F7D2D7
:10DFB00023D2EC03E6FFE905200FD312E926E3B1F3
:10DFC000FE56F2E81B1C05E22FF930E302E0FC1AD2
:10DFD000EFEDF3D622DFF41DFE0D18FD3AC7261F24
:10DFE000F223DE010B18D1EAF4CD132BE82B2DFA26
:10DFF0000AE72D082A2711E0DD02000D370F1E3A2F
:10E00000341A2628F9F53821C81BE425E9E21DE970
:10E01000D71FEDE907D430E109163117EB18F723C4
:10E02000E900F0390EF4120E02330AFF24260ED353
:10E030002DD1D2D706DEE900E41E11F10D1933030C
:10E04000E4D913E5ECC71E15C033EB14F6FA241F10
:10E05000E8C6BA15E114F7E9F0E1E6F4CC220700CE
:10E06000D4C1CBF7FFFEF1F0C236F4F5F4D9C7F313
:10E07000EFE518ECE0D61D2512E4FB1A0AD9FFF0F3
:10E08000E1E9FC2F310CF4F5F52500CCF4DAD0FDF4
:10E09000251534CEF8E50EED08CE0AF9051725282A
:10E0A000FB2AEAEF13FB1412FB24EFF1CB191FCD6F
:10E0B000F5EB0E2A2715F409F4F9E901E21A2AED25
:10E0C00035DFFBD1E90437FFE8FB14111921281AC9
:10E0D000DE11D3E3F4E029020A0C271C21F307EA3E
:10E0E000121705EE18DC1E13FDDCE828FA25D2060F
:10E0F000E0CDDDCFCE21C931CB06C7180DF3DED080
:10E100000E153FE60B050CEFF2F6E0073100ECE4EC
:10E11000E420E9E3D0E4DD1704EADF08EFEADE3EBD
:10E12000C8F8DAE6C50A00CFC1E2EEF91F04F00B29
:10E13000EAB522CF270B0F2300F6D706FC45230BA9
:10E140001FC6EEF32D18E5E3F1F124EFECE1E3E671
:10E15000DFE80410D6040ACA2AB634EA1F081C08ED
:10E16000EB2113DAE7191AECEDFA231BFDB5243E77
:10E170000EF920031D0221ED1E011ED3DEF31EED5C
:10E180002EF12A103F4407EB1A0D04F23116F0FB72
:10E190002BCF1F1C1E01DCDBE71712CE230C0A1F3E
:10E1A000C8232903FA180425D4DA23DBD00DE81B91
:10E1B000CDFDDAE9D61600080C0BE72C10E3C9F008
:10E1C000BFE9E3E7E60F1A14D709E9040914BFF41D
:10E1D000F9D202E7CCE51E0CFB111BCDE61AF527A0
:10E1E0000FB816D3C4FB011ABDFBD7D3E626C7F977
:10E1F000E60609DBF70BF6DD18F901F01B3D18F513
:10E20000D20321DFE8150FD6D8ED32C910C8F21EAF
:10E2100020DCE908222307D6FBEB2E0EF6EA1DEAE6
:10E22000E0FB0D1CFFE72305E836E1FCF7CDEE0926
:10E2300013E40A1C1027FD29E0E226182729FA0317
:10E24000E02B091C290635E41CD20E06E4F6E7276C
:10E2500012DCF829CCE21420EF0A0F19E2E5EAF605
:10E260001F031A04DBFDE8010FEAE4DDE81C0CEBF8
:10E27000D2D3D931D30D07D1D839C8FC170DEB0C47
:10E28000E5E5F7FFD9E230D8E1D8090126F1FAF443
:10E29000E009EBFCDDFB0D0E0DEC1A1CD2ECD3DA21
:10E2A000D104F4091A18170FD1023105F3F901D777
:10E2B00028E5E5E0FC0EE7180DC7012CFC0AEFC6C7
:10E2C000CCF81224FE1EDB0B1BCFF1EF0522D1E9A7
:10E2D000D9F50EE5D914FE16DDE93FCF07FE021C85
:10E2E000FFCB2011DC1D3517FC19EDDFE5FF2BDD21
:10E2F000F31916EE1BE01A2EF5F3EE13F01214E5E7
:10E300001E273B10E008242BEA37402EEA10F7FEC8
:10E31000230336F5141806EBF403F120F021CEECBC
:10E320000E2B1D230E0B17EC1BE800EE30F20C0D2C
:10E33000F5C7EC390A28F226BC15092ED2FCFFE1FC
:10E34000F1190303F9DA3AD9D7CEC622C8CAD727BA
:10E3500019D617F9E7DE25E4D3E6D62C1DF6F4FC32
:10E360000815FF11FA03D5EDFD2E0503C9E4F1CE22
:10E370000F1834CE1C24E00E09F8F8FFDEEDF2DCB5
:10E3800001C20E0DF4D1FBF4240D0412F63617E190
:10E390001DD3101E1B0D1ACAD4C7DBFDFFB5F0DE5E
:10E3A00011EA1D17E70C332E261407F31EDF281879
:10E3B0000B14E2EDE4071FDCD7E5FBC9F6E4D20D50
:10E3C000DF0E16052614250D021FF6E60E1A23E5AC
:10E3D000E9FD14E20AD21F14092EF02C0805E90BFE
:10E3E0000336F10FE42BFC1C1910E5FB453AD1CFA5
:10E3F000E8E5ED16DA23BCE9B3B7D4F3FA1736072C
:10E400001309D1E7FBD823E0F7D9DBDF0F06CCFBFC
:10E41000FE01102DEECBCC10F922EAF2D20AF9F16E
:10E42000EE0F291FBC040401F34A0320BBE01BC10B
:10E43000FE14FAF92CFCD53B1AD9F2DDCF310C02CF
:10E44000FC06140CD8ECEEEAE5F0FED52526D0212A
:10E4500014E92AF91BFFDEF3DB130FDA3CE2E221B9
:10E46000F7CFC6C721170DFAD6D1DBD821CDFB2CAB
:10E47000F8DB1FFE13D715140EFA25071E00303FD8
:10E4800016B9032828F3EFF5F1EBE01ADB04E509F0
:10E49000F4E20BD9E7FCF0F2131D2607F31BDF2093
:10E4A000E720FA07E5F9D108F0E119DF1915DD20B9
:10E4B0000BEEE922DCE5EC0BC8F0E9E00316D1F342
:10E4C0001B13271ACE0F101FDAE72DF0FD26E0C729
:10E4D0000EDBD92808D3E7F4D61FDFEDD10607ED10
:10E4E000C3DD44170DCC17FDDBE0C413D2E9E5EB27
:10E4F0001310FF10F8FB12281304D4EFC431D229F3
:10E50000F2F60D07D814E2DCFFF1DFF403D6C9F010
:10E51000EEFD37DB10F407D5F91EEDEE18F6E2DC60
:10E520000EF5F6FFF802261FCFD7F0E8FDD1090D52
:10E530001FD62D18E3E2D2C3060CEFEF00F1FCE189
:10E5400007E10AE6F51EF105ECA9FB190CE7D7EF88
:10E55000092DFB05CE1F2B22142B11FAEAE2E8CD80
:10E5600033BEF4F0280632FBD6430103FEDBD80E9F
:10E57000E40A220E3804E6EA03CD27F3F8EC04D7C8
:10E58000CD30FCE2D7C8D301FD000AFC22FEE00139
:10E5900006B6EF2901F0FD05151FEF2A0CFCDB2361
:10E5A000D5F4332DF60915E4FF2CE624F9F2CAEC74
:10E5B00022FD06E4F2D1E1F8FDC509C61B32F7DB06
:10E5C000101EED15E3FBFBEBDCCF15EEEC18252957
:10E5D0001AE831E11B24F01E0908DBDB2506FED713
:10E5E000F2E5ED01FC1224D20B10D61104F70DF365
:10E5F00004D7ED19D4271CEA16D21EC6FC1CCB2763
:10E60000E61113CF22071027E9DC0FD302D915F149
:10E61000FA16061DD6E5CDEE27F0090921E8F7E048
:10E6200008090B1D3219F7DFE5C50E0E29E6E3FADE
:10E63000B2DFCF06E81336CCE7DBFCF1050AF3EDD9
:10E64000011D20FCF0D7DE2A17DB0D1FE4D820E7E0
:10E65000BDB2EBE4E4D7E001EA25FC08CE25D60103
:10E66000CE0E1F06F5E214DB1D22040A161ADBFE8D
:10E67000D4DB002136BFF115DAC209C70A1930030D
:10E68000BFF8EC1BC2DAFA19D40BFAE926F8F6192E
:10E69000EB0F2E01E411F424CA0AD7EC0CFD08108C
:10E6A000E3F5ACF5F0203035F2E7D5EA1EE910FAD3
:10E6B00013F60602E828D914ED23EFD62912ECFB55
:10E6C000F81EE2C7191711271E342B0CD5ED160FB3
:10E6D00022270DF739E927FEF9E82B0B2B19FEF15C
:10E6E0001A1D12D1DDEBE9E00AD0FD20D3E71FE0CF
:10E6F000C4FAB7ECC01DDEF500FBEF101CDEB22E35
:10E700001EF6F71620F7ECF62D1F221E1C16CAEE79
:10E71000CDD5CEF50017F2F719CEC9D5F9291DE2EE
:10E72000F7504812E5DBCC1B00011114DB25011466
:10E730001308CF00F00C13F60CCF191AE4EB2505E3
:10E7400015F7E0E4F8101B0DC52E06C800350DE9DD
:10E750000A0530D73EE9D3EB12DA00CBE21F1F02E5
:10E76000FE03F0D301DBE426EA1423F2540A20EB83
:10E77000FF210020E43A2F0110C4FED0FF14F1F86D
:10E78000ECB825DB38FD1F191503DCF6D7C0DA0E0F
:10E79000F0F808E331DDF5DDE2040EFAD81AFD16D3
:10E7A000150BF308FE15E10518230F1315E9FD06F7
:10E7B000F3F5FD1D2214D8FAD20AFCE00314EE0F83
:10E7C000270E0BE3F815EC0B20D7291AFD0500BE28
:10E7D000D7FCBA17E7ED0503E3180A22C8E6EC10E8
:10E7E000101804EB11C10DF8C5F3D71DFAE7E0ECE2
:10E7F000EEEDD9020DEB1B2001B5FBFEFAFDD8DAD8
:10E80000FD0A270F12F209E8EE28240AF5E2C6E411
:10E8100015254FD0260D16CDEBFB02D31B27FE0589
:10E82000E1160A1500114B3DD7CC28D8320020F54F
:10E83000DC04E8E0E7F6E41106F60FCDF9EE15F595
:10E840000EC6D6CA20D5243ADBBA00FEE0DEFBF3C2
:10E85000140CBBE6EEEEFBDB1EEC3FF8121DD0EF16
:10E860001E22F11910DBF4FF38E81CFFD5092E0C2D
:10E870000BF6B1EDF2D5F8002D1C170AF0E9EFE721
:10E88000251CFC0EFBF909DDE7EEF900092609EF6E
:10E89000C2E0E61CCC2616E903FDD320DDFBF80F11
:10E8A000332C10F2FADEE411C3F125EEE02E04DE83
:10E8B000E9E5D414CAD5C312C609D2D3CEFD2EBE03
:10E8C000E0E5D521EFE8E700DA2C2A1EF018D003A6
:10E8D0002F2D40F0FBF0DE2C2BF9DF0F300215104E
:10E8E000F50F03EF33C7100DEA2A2CF03EF4F221A6
:10E8F00000EAD3DBE6350CDC035211E602EFD4E686
:10E90000E0F7E70425F8EF0F17D0EFD8DECF0AF3D2
:10E9100017E1CC12EFF31EF32A2FEE0C1404F51BB3
:10E92000DED6DDF9FBFBDFEF06F4DD2F01F4F2D1DB
:10E930000526F4F3C2D1F6EFDAE7D40103EA1EECC0
:10E94000F5C0DACA06FBEF1C08041A0CC5DE05F692
:10E9500032F20B15F81123E0E915E2EBF30341F76E
:10E96000040900F7061200381C1CFE0A143BEBF4E5
:10E9700017FE0728F311260DF9FE2BFD1D5204F595
:10E9800019F5F1FF0A2515172C2BFA0716010EF3BE
:10E99000082942E23A02ED31F8DC3705CE1F053195
:10E9A000DCDAE7EA07142A2A3F30F6F0410AF40FCE
:10E9B00029300F051AF530E605180620F6E8E4EBD5
:10E9C000FC09F323190DF314E937FD3023E8FE2C7D
:10E9D0002E1B0F023606DE11E40215D91F32F8FA9B
:10E9E0003702F0FAE0080F100B210208EDF6E709F4
:10E9F00007F9580F260CE70B2008F8E104B9EFF6E9
:10EA0000ED0A220F14FC2E1F0DF4EF21050D111439
:10EA1000D4D8DFF2F7DC19ECDD0804DBFC38052F75
:10EA200029E3F510DB19FE0CFFE53D0345EAF1E3B0
:10EA30002F19F6332E2A2A0B0904EA392FF7F22A66
:10EA4000FD19151E32ECE20B4C1DF4E9FD3D2E1CA8
:10EA5000EE310A072AE93B10341CF5C2032B0A12D7
:10EA6000F1212EF802F61216F5FE0D0E4D2C27C3DD
:10EA7000DCEFF9F7C126170CFE22DFF43811FD0593
:10EA800025DBDD19220D04F32B0B0123E71DFF35D8
:10EA900011F02B0417DDE816FB1B03F3D71AD53250
:10EAA0001B02F30F1500F414D7212E10F61014E5F5
:10EAB0001AFB21F0EFE52727F24AE8F4D8FAFBFB2E
:10EAC000231158F72D1D0424EA09F3272305DA1F23
:10EAD00001F8E10D02F9EAF6F2F9E1F01711ED198A
:10EAE000EEF2E3130021FDDE013AEE1743DEC10C26
:10EAF000FDFE13151E1B1B04E5F3E70FFD20410A65
:10EB0000EFDCE51E2713170BEEF9EBE4E02016DB34
:10EB1000F210080F1E06092BE11CFAFEFA232AFA4E
:10EB20000DFBFB1EE0EF17F918EE0A1A0F04E6D5ED
:10EB30000D282716E8FEEA0EFAEFF12A0DEA1A2D43
:10EB4000DD111135F41C08020DE20F190E19214BCD
:10EB50002429FC07E933F41502F40809F02CD4E663
:10EB600011D305F6D72715F9EAF3F23B02F31C059A
:10EB7000E8FF48FBE8E512E1F334E135FEE2E90F96
:10EB80000904EDD4E6E41216110E12140909F8EC8A
:10EB900005EE1214F4FDEC12E1031DE21711E7DE9D
:10EBA00029DAEE08112005E8C9D72622F00027311E
:10EBB000DFEDE3E41E12D3DEF8083A0D2204F72D50
:10EBC000380FFFE60118F3EDE02448EF16EBEC06F2
:10EBD00041FD01E9C91C02F41911E7D4FA040B2123
:10EBE000EFD1F015EFFAF1D90208FFED2A4106DD69
:10EBF00029FCEDE80B063D12EA2C14280021FE0347
:10EC000016131AE926300627232A2A37021EFD2367
:10EC1000F0260D1B08DDF9EDEC0CE2E823E1130E04
:10EC20001CFE270DC2D1F8EC1919FF002CFB02F3D2
:10EC300022CA02DD0C17CA2CE8F70C0BCB1E2BFCEA
:10EC40000ED93A02231721D9C9F1152502131B1336
:10EC5000C8D3F0EEEB1011E7D4E6DB25062426310D
:10EC600017D9E513185720EB0419EF16DCEC3A0B13
:10EC70001526FDE7E8EA27E6160A08E6EF12CD6753
:10EC8000E8F60B11292FE827F3001E14E1FC16F318
:10EC900022F8E024D70BE70B17EA242722E70B35ED
:10ECA0001EE5EB3C363A20171136231A350134EABB
:10ECB000F0D243E14FE7022ED6EDEE10000C1C3AE5
:10ECC00022323B23DD2725020E1AF9291CFDFCE028
:10ECD000F926D812DDDAD22DC50DF2080AF100D7D7
:10ECE000231307DAD60AE813331302C1010E001901
:10ECF000E9E210FAD601ED0A0305E4FAFA16FEF984
:10ED00001B23F1FD1712FD15E7EB0017E305F8E9EA
:10ED10001EE209ED20EA26D7171512F902D827ECD2
:10ED2000C705CEED0231EE120A070C02CDDCFC1E47
:10ED3000FD08FF5CE92807FE041E23FE0F172B24A5
:10ED40002113F4250D11352EF410E7282BF518307A
:10ED50001C290D1F00D4F7231721390A1004132B87
:10ED600021EBF329E408F80BDDFE12F20C251D0857
:10ED7000EE0B2D11FDD5E3E1DFE90B0DF1EB580AA8
:10ED8000EAECFC18EFE61928EC0BF0E9340CF4106F
:10ED90001E291F1CBE3FE0DAEF2FF1EB1D05EB141F
:10EDA000E2E2D71831FB06E9E8270017F5E316176A
:10EDB000EF1A11EF19E1EDD4F23114DAF719EF037C
:10EDC00027F4000EDDDFFDEB2C2BD4E7F0DF0C0386
:10EDD000E1E5261BECCBE8242605C4F006FEED0297
:10EDE00004100212F5DB0FE616C11B1C00E3D5E38D
:10EDF000E01909641B03D9BEF4FCCBD6FE14F62F30
:10EE0000E70C0533CB0D2FEAE61718F63DFDDA06C1
:10EE1000D61F1B08CE19D0092B101E3A142DFEF256
:10EE2000D9CADBFE3AEE0032F3121CE605ECE22A08
:10EE3000E6EEE4FB03C92E2FF9F0EF0821FDE1FC1B
:10EE4000F6EB2BF5EF16D323F32A040E3105221F20
:10EE5000083720E315020634DA11E10BC404131657
:10EE60001112141CF0F4022007F7E502060BECEC7B
:10EE7000DDFB15ECE6F6211CE11334DB160D3E1C20
:10EE800016E41CF00B03FF06E306E021F30022EB7F
:10EE900005042D08F50BE012101BF1EC0F10261ED7
:10EEA0003805F0DAE5FC2AF2E5E8E6F643D8270A69
:10EEB0002AEE11180F28EA15FEEDFCE9F12003E413
:10EEC00013CA2026EB22110DEB0556F92708F9F994
:10EED0000C4EF2FBD23EDF1608071BB71BE3F81BF4
:10EEE0000DD0251DFF080210FBF30F153BF40E3962
:10EEF0001AED1F070A00E4363AF829C70B13DEDFC4
:10EF00003AFC200AF8341AF9F02C2E20E20404DC32
:10EF10001D38DC06212EDD1528ECE1FE15070FFD5E
:10EF200013F11BDAF9EE054034E0D92205DF02E7E0
:10EF30002002C504D1DE051413152E0605E226D2E3
:10EF400026E403F6F601DB39DB2215EF07252BD388
:10EF5000E41ADDECD9220B24FF28F80201EF2E0B76
:10EF6000EB0013F426FB0AEF292C000B44FE1BD800
:10EF7000FCD00E1C27F215DBF0E712020607313930
:10EF800019BD1CED170FFDDF22E7310AD80A23292E
:10EF900017F6EBF409083802300A18E1F832DA0CF7
:10EFA000DDFA211126E005400DF7200725F22DDCC2
:10EFB000DE10E3E6E7F43FEE27242ADE07D839DB4C
:10EFC0002C1C41291A38FEFE0220E113D6E82E1E21
:10EFD00016E803E1141F3A250FE2F0F4102EE73093
:10EFE000D3D304F0FD25042E40FC171D274416D66C
:10EFF0001E06FF1D0E1B20ECEC0FFAE31FFECDE6F4
:10F0000019FEF30B031EE3FF18F8DC3220EF140F98
:10F01000D0FB0C17EEDE19EAFE0EF8291923EF1EBD
:10F0200027F9F2F72201D60BFF0F0C2E0618FC2150
:10F030000EED18F3300323E9E9EF0B11D8FFD4EC00
:10F04000E9F2F6DF2EFCFAE30708020D36E410FCC5
:10F050002FE800FA20220AE7FBEBE7E746F7F50E78
:10F0600011FB1D100D31F80608DEEAEF1735D31439
:10F07000D72CE4052C2EE9E1292E1532FFEA2BE5E9
:10F0800003EF16F40C32DF0CF61133EE012AF70011
:10F090002CE4F828FC0606240E18EFEF1E1AD610F2
:10F0A000F1F8F70802F00D281C28251AEC2E35F38C
:10F0B000372D36D2E1E92FFE253508DDF70926F593
:10F0C000E719F3FF1A220623F03DDEF2EE14352A8B
:10F0D0002217F3C7E8EC2CDA1EE1FDFFF10506224A
:10F0E000F9DD2F180324DFCCEEFB0BE0EFCAF3D5DC
:10F0F00006EA2B1E0CD6D5DFD3E5111C250526FF0D
:10F10000D90C05E32AE52DEF12FA2DE61709F5F4DF
:10F110001CE10015D5DC1AFCD1E4D6032D1308D769
:10F12000E60522EEFDEE3321F4E519DC032103169A
:10F13000F336C721D819FD0F1912F3273805EDFC56
:10F14000EF0512E7F8FEF0FD26F8072EFE12231C4D
:10F15000DE3C15E01739FD25E71D1733020CEAFFE9
:10F16000F3030FEAEE17152E4B1ADAF7251028F5E0
:10F1700003FDF4E3FAF9F2FB2A00F9CBD70A00FF0A
:10F180001FDE15F5E70BF901E2EFE30414060E109C
:10F190000ADA0F0A031CF8EAF41021B22AEB05037D
:10F1A0000014DDFBD3E615D61AD708D015FAFDFFFB
:10F1B00010F3133A080EDA1E1CFADDD40206E1E25F
:10F1C000F42C2030EFCC0BF8FCEE1CFB0024E4EE1A
:10F1D0001F28F0EF07EBE4FD25DFD1E3D9E039FC90
:10F1E000E2DAEADEFC0E08EAD2E3F0EC1BFBFDFEFD
:10F1F0001E1C061DF91C3306DAECFF22F4160D1650
:10F2000003EEF0EC19F517EFFFEC3EF01B10F1F6F2
:10F210004206EBE81924FD060429170EEE1CEF0246
:10F22000EAF5170C17F326E9E642EAF1D1D62DE903
:10F230000FF6150C120A352AE4EAEEEEE52913E77B
:10F24000F0D5DBFA1EEA02F336FC1800F2E21B07E7
:10F2500001D9C52B151DED17F81E2CFC0E00E4FC82
:10F26000F9DDE6D7D51615DF090610161F11DA10DD
:10F27000D6E61F10FCD4E908DBD6D715F7F208FF55
:10F28000E80C141F15E41510F6CFE9CBF4D7F40CF5
:10F29000C4270B10D80516FC1922190B03EE25EB19
:10F2A000D2AFF9042EF6F800FAC71012323A2C1D2C
:10F2B000FFE20CF6151E14EF0D170012FE1C2011B4
:10F2C00013D12933D736F7E11CF4091A17F11C0EB4
:10F2D000240B2CDECE4E0016D4DEE4D9DCCBD5ECEC
:10F2E00012FFD6030D1217E908F910DF0E2E29219F
:10F2F000F1F712E60212200B0923FFF5E7120010C6
:10F300001E36092BCC2336F12B24FF1F0606E117EE
:10F310002430DC39FB20D7F21A2231E0E913DB1E5E
:10F32000F6201E1AE903FD2BD8F4F3D6E8093EF9BE
:10F330000FD52D410BFB04FE18000012E9DDF4236C
:10F34000E140DE13D5F4E702FC0F29291B10D92771
:10F35000EBF8F4F40C0A0F3AF5C9F50AC4F1F2E03F
:10F36000FBEB0517E814EC02E6C6F5CE0822272AC7
:10F370001D152DE6F5F306F3093924EBEED3191D1F
:10F3800005D3D21DFBE304F035FE4A04F51EF70455
:10F39000271E171F0C1EDFFA0731081A1ADB210A75
:10F3A000E9E7CBC429F1FC37111BEC050B0717F576
:10F3B00006F7341AFEF3FE0E190D050919E4DD0CEB
:10F3C000F1F11C1AE103F0F7F51A052ACFEAE31D63
:10F3D000F62DD6F705FBE104DF0E0BE60FF0110D5D
:10F3E0000C1D140D1FFDE40017EDDFEBFFF0EAC963
:10F3F000EEE3C323E1CD15DAD1D80FF6F33BFF24BA
:10F40000F4ED2FD6061ED40BDA310B42F4F4E4D916
:10F41000F0F2DBEDE115113BFFD7E40C0DF0F60641
:10F420001A1EEE401D21F2FDE61214ECEB4A09F122
:10F43000CDFBE0E3D4E4000FD9F42724FE121C2610
:10F4400018CE1520EB1DECCE261101F21BDC0BEAC9
:10F45000E14323D81AF4DFE4F216DCEDDF0A0917E2
:10F460001712D412E3F530DEF2CF0EF7FD34E8E6E2
:10F47000ECEE1CFE250A33060F1707F1E408EFE453
:10F4800030EA3434E52B17E9D4EAE6E90ED70B2944
:10F490003827F3D60E0FD3D808DF1218CF04DBBFFE
:10F4A000C5FADF170BEE0804E8E0021CE70B34E9AD
:10F4B000FBED03FFE5F01F17E2F414D905CFF9FCCB
:10F4C000DCF70DF4CFE50C05F5FFF015D8E1DBE630
:10F4D00008031D16061C27E1D1DEF9D1EE15060939
:10F4E000FE37E515E01CD90CD8E713E313E02D0433
:10F4F000CF0B12E30AEE0EF1E5EAF1D1CAD4F0D94E
:10F500000532FFFE140A1CFD3319F4F527F3FEF84B
:10F51000F6E60D0C1AE6E2333DF0FF3DDD0BE8D1D7
:10F520000F2EFEE8EBD82C10B8EE27FED303190BF4
:10F530001AE6F50DFB1ADB001133D722F6251AF86F
:10F54000DE0C1D2DEF2200EF26332ED61AD4E7DF76
:10F5500001EAC9220CE30ACC041F0CEDFE02E3040D
:10F56000C401E80EDF10CC02C4DDD0F8010314EBB7
:10F570000AC8EFDFE217CF1D183F151DD307EFC3F1
:10F58000CFE01547190CE6071DD5E0E711C200FDD5
:10F5900046EED6FF0E13F7DFCBDD0A33162E23CA55
:10F5A000EE2D0EEDE822FAD7100018CBC523060A7F
:10F5B000D9D6E2EBE3F619F0E8C3CFE7F4EBEEEBD4
:10F5C000EB0FC42509B9ED0C06D4FE211D06DA2285
:10F5D000F00700FA14F116DC0D0F02E1F2C90B037B
:10F5E000ECECEB0BD7F0060C1FF6DBDCF9E91F1790
:10F5F000FA0D19F2DFCB0D27EF0AF0111BF0DEEC4C
:10F60000DB1513E4EDF10EE30FDCF41E41F1E2F142
:10F6100014E7EE18C612EFFA22D813E6D3F8BC07A7
:10F6200012DBD00EE41FD11603DBF1E6CE1D3BDD6D
:10F63000040DF925F4F1E0F1D609DCFFFE1108FD17
:10F64000F2EC2EF0F6DF11FB07DE0FE3F1F9F9E43F
:10F65000FF0BF013FF08DC29F2E7CEDE0C2A44157D
:10F66000C404F713D5F219FEF6E1CE0B2201EE1019
:10F6700005CE1FF0E0E741D3E7CA04D236003CF2E2
:10F68000ED361422FAF015F10E15E2CFCB25E01578
:10F69000EAE90F270D15ECE7E716002539EB1A0EFE
:10F6A000E8C1F6E72CEB05080DF31D24F8F015FB77
:10F6B000C7E2E704E8E626FCEBE022EA0FCFD3F846
:10F6C000EBE3F408FAFF0BE9E1D8C3062304E7D320
:10F6D0000008261713DFD700F2171DFD08341CE4BD
:10F6E000F3F20BEADCF4120317EAD8DB23DE1FD8AF
:10F6F00008D50AE2D7C9D8F6145F1BD903F91F1F32
:10F700002F06E32CDF0F14CF082BDA19F70AE70EC8
:10F71000EEFFB7F20B16FDE5DD15190825EC0CF828
:10F72000ECF0F3D2D0F7E0F5FFC411172EE3132B62
:10F73000E0FA122F0AF11DF50B25F8EDFACA200A9E
:10F74000FFBDF5F6133707DEE0F924DF1E011929A6
:10F7500021051DF6ED04E7E1E3CC2835D2EBE60602
:10F760000B1E0CE3193AC7040F13D6FED4FE0BE9A7
:10F770002B17E1E5C92F24D9FAF6C22A252ABC2184
:10F78000C9110F08E11B291820200646DC1ED9E705
:10F79000FC25162528CF0E0B06F90AEADE1BD3E559
:10F7A000E8DE1CFED807061111DFF6C1F91108D8F2
:10F7B000E228FA16FB14F3DBF01CDEFCC8DBF0FBDE
:10F7C000F4F104EA16F6E5E90EFECA0B01F4F017AF
:10F7D0000AEFE1E5E9CD0028EADFE1F708FC19EEE0
:10F7E000D21F1A0EF5FA09FB201109E2360617336B
:10F7F000DDE5F4190800ECEDE70BFCFFFDFAF9E696
:10F800001DF21A0C1A0EFA1FF8082307EAF80DFA6F
:10F81000F209E8F501D525FED0D01CEAF2D1201F6F
:10F8200031FA07120E28D8292C05F81012FF23E010
:10F83000FAE1F21D062BE7FC211C1A020DFF11DE76
:10F84000DF01CEE221F20E00CEF2E44221F3E01B12
:10F85000232A2300FB30F801E3F121DB0AE2191926
:10F860000AF3EF01F403050BCDF90EF8011BE11AC1
:10F87000EEF0EE25D4001915DFEEF3E0F8E7D4053D
:10F8800021F309E509EAFBE9EBF3F829052FE4E2A6
:10F8900011E60E191DFBDB0B1BD61007E207D11872
:10F8A000E7F8E81B1FE335FF09122D042029110793
:10F8B000FCE1D1E60DCAF5E729CF0E0320DE2EECE0
:10F8C000E415F61104230E043D1934FCD1EAF4F0DA
:10F8D000DEEEEF06DBEF13F1F4F00917E5F80FEBBE
:10F8E0002E332F26D6F1D9B92625B7124433100668
:10F8F00033E62815200EF724F9FB12041032FD041C
:10F90000F1F3F2E10600F4E5EC19112E1525F528C6
:10F91000CF062B051C2735FB2313FF13E601F00B45
:10F92000E2F201D1E6D221020815052B0515F70AEE
:10F93000FE1AF109E5E8E1D2DE23100D2CEBCBD95C
:10F9400025FFE9EAE3200302EDD51FFA2910EF05B0
:10F95000011C120DE3EF26F20EDDE5DAD114061CD0
:10F96000E3F025EEE71E2DE7D3EF01DA1CDB174F9E
:10F97000CF07402DC901220724E2411AF001EA16FF
:10F98000F9DE26F306130BF5101FD43800D6E2CEAD
:10F99000FE12F825CA0409121A1C19E519EE38E5F9
:10F9A000F4190A232A18FA22F6EB2EF9FAFB27F5A6
:10F9B00028271A14FD2BE0F5033519271A1FFD37E8
:10F9C000F605251CEA0724DA0FCD221C0723FCF3D9
:10F9D000F8D305E1F617F30EE5DCD8FF270812C8C7
:10F9E000532E01F3050F1DF941FD1C1F091227EDD0
:10F9F000FC1ADF00FE0F1AD4170903D3EDEBD0E198
:10FA00002E12F308EE13F4D209CB3A00FAF71AFEDD
:10FA100018E9EDF518EADE2525EC0221E6EE1723BC
:10FA2000EA3E01DCFD0BF9DAF3DCEB391EE5EE1BF7
:10FA3000FAD5E130F7DEE5101AE828F820E30A00ED
:10FA4000DF111827111210052BD9FF09121AF4081B
:10FA5000FE0F152FE8F52CF2F201ECD80511CD328E
:10FA6000BDDC20FD1FE71F101B07F8E81B04E4FAAC
:10FA7000EB0D26D8FBF83439342405E7F2F104FB0A
:10FA8000E8DBFB2DDD06F901141CECE30FF218F3A3
:10FA90001E1E11D940F204D206EEFCFC0D1E28D326
:10FAA000203303E7110AFA060AD01B0A2FFEE525C8
:10FAB000D4FD1003230902170F2514EC2BFDE1FAE6
:10FAC000F70E0C00270EF5FB1FED20CF06F3E30722
:10FAD000EA2B34E9D8DBFEE4EF3727F5FB233025AA
:10FAE0003DE01A303512F4E8191217092D05FD14FE
:10FAF000E318FEF218DD2E050B0D0819FEE41FE7D2
:10FB0000084F0A22030901E525D0EF2315E4F9FA8D
:10FB10000EFD1E3D04003713FC15310DCD14F0FD14
:10FB2000E6D2F4FB081F091D040E290AE232E11D8A
:10FB300012F517DA00134F010BEEDFEAF2FEF5ECD7
:10FB4000160C22FB1BE9FA2BEE13EC17FEDDE1206D
:10FB500016D9F5F824FC33E91A1045FA301DFFEBED
:10FB600008032DEDDFF02532F1EBE42503E1DD2F75
:10FB7000211614F5061B23F82602EEF711F81B0DCB
:10FB800036FDC2FB3215E2DB0EDD1BE727253722EF
:10FB9000492AE9F641D9E311E9F8E51BFBECF70541
:10FBA0002F091CD7F51B1A181E15D82517CDF225BD
:10FBB000E7E40A0BD13424140516E7FC34FBD40A1D
:10FBC00001EDD51229F718F0E0E6E129230C15D84C
:10FBD00031ED06EE0AFD39FAEEC4F10D18F30E15FB
:10FBE000E5CA051AECEF1832ED08FCDF10EA13E95C
:10FBF000F8F22AF712C93526D62C052EFC15360B3D
:10FC0000D0F9F51BC9FA0A1F3146041103F9111D79
:10FC10001C1F00313AFBEDF53303310D0C0E2CFAAD
:10FC20004832F6E1F90924E61BD8EE1505DA1D265F
:10FC3000040A200A0B2BDF0D1FF21EF4FCF6ECC5A4
:10FC4000FCDF0436F2FF061C2202EED8C015E708DE
:10FC500003D722EE0EDD2DE6F329F5100E1E2DF84A
:10FC600006DC1217291227EB1C0B31F11DE90F33AB
:10FC7000CF03EC01D7240AF8232207E5DADCFAEFF8
:10FC8000D41EF10E2DE42AEF020A2C0BDBEB103C04
:10FC9000101311EDFAFB0F041DE514E8D113D9DDA3
:10FCA000F7EFD216EC09110B0B00E4FE0DDE233149
:10FCB000FD14E81800150012F8F01604FBE61C18F5
:10FCC00005F20DFF292B06DFFA2FFFF31B2C16D8A8
:10FCD000CDD1F93CF022F6FFF4303014093F082E64
:10FCE000B02C1F18140A1E2829B81FF02409150467
:10FCF000F218200B041804331A05160030E7CA0C5A
:10FD000034DEEB0D031D2BF2FE18ED1F22E8213629
:10FD10003625402EEDF502DD2F3AE2EEE54500D81E
:10FD2000E516FF05DE22ECD32E03E220E9F0DA2609
:10FD3000DAE0C01AD0E31CD3FA0007EFFC23ECE5AD
:10FD4000C808DAE4F61E040DE509FBF212CC1935F9
:10FD5000FE20D20EFC1FEBFCD7021FD131300BCF9F
:10FD60000339F818DEEA05EB0C0ED8DFF7E31EFFC7
:10FD70001B01FA27F2DBF6EC15E3E71EF81D04FB86
:10FD80000917E50FEE0D0C350229F5FD1B022400C5
:10FD90001B03011408E30CED0A152A0024FD01FCE5
:10FDA000F2EE01F9201DFFF3E71721E1ECE5301C2D
:10FDB00011343A0E141FD2FD1308161529E3F9FA6F
:10FDC00031362D4116F025FDE234DE2C37CF32EEF0
:10FDD0000E1FF005F702E10634260D2A27DCFDFF91
:10FDE000182715C5F61FD6E4F3D3000415073AFD0E
:10FDF00036090E15F90918E8D0120BF9F0E7211AA7
:10FE0000E80C17150F1B0D09EBF4291906D0DB2F91
:10FE1000033727F7E132E9DD27FC30DE011ED31975
:10FE2000E4E902E11AD42713EA2B2DDB1E1606EBB8
:10FE3000C5F71D1DE91828EE06DE0CE2EC21EAF6F6
:10FE40000005FD131420EEFAF7F7D80AEA20002186
:10FE50000AF2D0F5D207E02A1D2A4020F5F000E68C
:10FE60000700E603F52207D307DF12E933E5122E78
:10FE7000E5ED1534EE2419EAFAD7FEFE12D4214B33
:10FE80002CDC1428E129EDFCF2E0132B39082D0EAF
:10FE90003219F1D8F5F124EC2002F4F52325F60B04
:10FEA00011F814120005C9F9D8E0FBF2192219F86B
:10FEB00035FA04E214132FFCF8E8FBE2DF00FDE959
:10FEC00024C2F40EFACEFDF015C71526FA011F1351
:10FED000E9F3F1EA24F414D2E4FBEE22F91228DC6F
:10FEE000130FE6F30AF22026EBF4EF2D1912DDE9E9
:10FEF000EF14E4DE0230F819F5DE1F22E7D8E7E35D
:10FF000037B5211921FF04F5ECD8181DE511DD30B6
:10FF100033CFEBD42718140E00121ECB140E03227D
:10FF2000FF09C4D9F518292302E31FF527F0282F6C
:10FF3000D9E0EC2823FB0C102ADE1EE81729FE135B
:10FF40000FC527EB18F1F3121D344519E51DE9FD26
:10FF50003F261ADE06F325141A122ACA25E0DD11FF
:10FF6000E2D6FC151EE9B81C200A4A2AEBE444ED4F
:10FF7000EBF727F02FE9FEECE02309F72624F1F652
:10FF8000E5D4FFE9ED22EBF718DA15F33AFF192172
:10FF9000E805F3F01CE323F5DBFD05F424DA241A6D
:10FFA00000160C140716F936DDD91408111AF400DE
:10FFB00010F0FC1DF51303FA2C2528F021EFD90AC7
:10FFC000E71103181BE220FA0A12F2F032E62416B7
:10FFD000FE38FA15FFCDDE13ED16F613ED2D1F14C6
:10FFE00010E21C0C12FB24E61ED4371C411B14EF3C
:10FFF0001D1E282606100120273A1EDF35E711D6E0
:020000041002E8
:100000003CC62DD211FD38D927E83AF5F8E81C3165
:100010003C05020F182B2E23F3FFF6CBE618DE2B40
:1000200006EB21FAF51611331DEF0B39C3E109CAAE
:100030000EF5151D07060D1AE345DED3EEFF33F16D
:10004000E8243B0B020CFBF7C700080A0C26DD0472
:10005000F0280909E21AE6C21EE2E5100CD8D6FE25
:1000600020F3301AEDEF23E4D7130F2428191218C8
:10007000E91FEBE803F415210A151CE336CC29022D
:10008000F743DDE6190A16290A24F907E31AF2F8FC
:10009000A40002109C0002100000000001000000FB
:1000A00000000000010000009EBAAF3C010000000B
:1000B0000700000000000000000000000000000039
:1000C00000000000FFFFFFFFFEFFFFFF0000000039
:1000D000FFFFFFFF00000000020000000100000021
:1000E0000200000000000000FFFFFFFF40170000BB
:1000F00001000000040000000000000000000000FB
:1001000001000000200000000600000001000000C7
:10011000240102101C010210000000000100000078
:10012000FBFFFFFF01000000CAC967430200000097
:1001300001000000C00000002C2066756E63746929
:100140006F6E3A2000617373657274696F6E20225E
:10015000257322206661696C65643A2066696C6566
:1001600020222573222C206C696E6520256425735E
:1001700025730A00232D302B2000686C4C00656627
:1001800067454647003031323334353637383941E8
:1001900042434445460030313233343536373839FE
:0801A000616263646566000002
:0801A800841FFE7F010000002E
:0801B000FD5A001099E5001052
:1001B80000700120653200206D3200207D32002061
:1001C8000000000000000000000000000000000027
:1001D80000000000000000000000000019050100F8
:1001E80000000000000000009D050100A9050100B5
:1001F8008D3200208F3200201334002093320020EB
:100208009532002097320020993200209B3200203E
:100218009D3200209F320020A1320020A33200200E
:10022800A5320020A7320020A9320020AB320020DE
:10023800AD320020AF320020B1320020B3320020AE
:10024800B5320020B7320020B93200201D3400201A
:10025800BD320020BF320020C1320020C33200204E
:10026800BD310020C7320020C93200203D340020B3
:100278000348854600F006F800480047514800202A
:10028800007001201CB509480090094801900546F6
:100298000126009C05E0E36807CC33430C3C9847F3
:1002A8001034AC42F7D3FFF7E7FF000024310020F9
:1002B8003431002002E008C8121F08C1002AFAD110
:1002C80070477047002001E001C1121F002AFBD1CE
:1002D800704700002075002020750020E07600009F
:1002E8001431002070B51D4E3078002834D0EFF35B
:1002F8001085EFF3108072B619480068002802D004
:100308008047002813D03078811E032912D2012497
:100318002046214603F0E2FB1248016804220A4302
:10032800026030BF0021204603F0D8FB0AE085F3C5
:10033800108870BD012805D10A480168042291433C
:10034800016030BF08480068002803D031780229CE
:1003580000D1804785F3108870BDC04634C700209F
:10036800A4E2002010ED00E0A0E20020B0B582B0C9
:100378006D4600242C702046294603F0B5FB2978E9
:10038800204603F0B7FB287800283DD001940220CE
:1003980001A903F0B5FB1D4D01982860002833D052
:1003A8000024204603F0B2FB002808D0012003F007
:1003B800B3FB0194022001A903F0A2FBECE7144867
:1003C8000268002A1DD02868017843781B02591852
:1003D80083781B04C918C3781B06C918001D9047E9
:1003E8000446022003F092FB002803D0012003F00A
:1003F80093FBF6E70520214603F070FB022003F08B
:1004080091FB002003F08EFB02B0B0BD44C7002072
:1004180040C7002019488047194800477046EFF345
:100428000881EFF30982174B9847FEE77046EFF310
:100438000881EFF30982144B9847FEE7FEE7FEE7D1
:10044800FEE7FEE7FEE7FEE7FEE7FEE7FEE7FEE77C
:10045800FEE7FEE7FEE7FEE7FEE7FEE7FEE7FEE76C
:10046800FEE7FEE7FEE7FEE7FEE7FEE7FEE7FEE75C
:10047800FEE7FEE7FEE7FEE7FEE7FEE7353500208C
:10048800C13000201B34002011340020F0B51FB407
:100498000646002082B005464024019100901BE0EA
:1004A800019922460F46304600F079F8049A059BD8
:1004B800801A994110D310461946224600F05FF879
:1004C800361A8F410197224601200021009F00F033
:1004D80056F838184D4100902046641E0028DFDC8D
:1004E800019B00982946324607B0F0BD30B543431A
:1004F80051435C18010C130C0D465D432C1980B256
:1005080092B20546554351430A0C09044D196241FC
:100518005843010C00044019514130BD03460B43B8
:100528009B0703D009E008C9121F08C0042AFAD2A1
:1005380003E00B780370401C491C521EF9D2704727
:1005480070B50446002903D000202022012310E0C2
:10055800002801D00020C043C046C0460DE0254613
:10056800D5408D4205D30D469540641B1D469540E8
:1005780040191546521E002DF1DC214670BD10B5FC
:10058800202A04DB0146203A9140002010BD91400A
:1005980020239C1A0346E3401943904010BD10B530
:1005A800202A04DB0846203AD040002110BD0B4623
:1005B800D340D0402024A21A91400843194610BDC8
:1005C800FEE780B503F0B4FA80BDFEE710B582B04F
:1005D80001AC204603F0B2FA019803F0B5FA60784E
:1005E800000601D500F086FF02B010BDF0B585B059
:1005F800002503953A4C04AE2046314603F0AAFA8A
:1006080030880821014001200190C707002907D040
:10061800204603F0A5FA642003F07EFAE448076058
:10062800032103AA204603F0A1FAD848046804E08D
:10063800304603F0FDF8DE480760002C22D026463D
:10064800A46A307D0028F3D1707D0028F0D1B07DF8
:100658000228F2D102A9F14803F08EFAB168F268D3
:100668000298914204D28842E7D3904204D3E4E747
:10067800904201D38842E0D3F1690029D8D0306A8A
:100688008847D5E70097E9480768002F18D0002168
:10069800029A0D46F44804E01D46F348BF6A002F4D
:1006A80010D0BB7D022BF9D1BB68CC0705D0AC1AA2
:1006B8009E1AA642F0D32B46EEE71D460199EDE7B8
:1006C8002946E948C90709D003998D4206D0032174
:1006D8002A4603F057FA0098EC49086005B0F0BDC7
:1006E80000300560014802490160704708ED00E0EC
:1006F8000030002082B0282003F04AFA0A2003F0D4
:1007080047FA0B2003F044FA0C2003F041FA0D20BD
:1007180003F03EFA0E25284603F03AFA0F2003F0BC
:1007280037FA102003F034FA352003F031FA11209B
:1007380003F02EFA1226304603F02AFA0024204647
:100748002146224603F02AFA03F02EFA03F032FA81
:1007580000F030F901F0AAF86448654A294601F02A
:10076800C1F800F099FE00F047FD00F051FF61A0CC
:100778003146224600F05AFD00F018FB01F00AF855
:1007880001F0A4F81721204603F01AFA012001907D
:10079800C005A3490860FF2109065B4A13688B431B
:1007A8001360A149086002205849594A01F00EF91E
:1007B800584D5F4F03E03C70012003F007FA00F04A
:1007C800A1FF00282DD003F007FA064603F00AFA25
:1007D8002978002927D04B2189004143514808181E
:1007E8007D21C900FFF7ACFE4D490968711A8142A5
:1007F80029D302F0D5FF202802D301984749087071
:100808004648007800281ED000F072FF00281AD051
:1008180002F0C6FF1F2828D84048047002F0C4FF21
:100828004DE02C700FE002F0BBFF002803D002F06F
:10083800C1FF02F0B9FF38480460384804700198D5
:1008480028703748066038780028B5D000F054FF83
:100858000028B0D000F04CFF0028ADD03549097809
:1008680000F05EFF0028A7D1A5E702F099FF202835
:1008780022D300F047FF00281ED000F039FF0028DF
:100888001AD006462021284802F0ACFF202813D1B0
:1008980020223046244900F05FFF00281CD01E4962
:1008A8000868401C0860052806D300F031FF2C704A
:1008B8001A4804701848046001981849087002F032
:1008C8006FFF1F2804D81548047002F06DFFBAE7BF
:1008D800019812490870B6E7202002F06BFF0E4914
:1008E8000C60124A116808181060E8E740B300204D
:1008F800AD47002053757065725F536D6172745F08
:100908005261636B6574000014E400E0194800202C
:1009180011480020AC830020B0830020B48300205D
:10092800A8830020E70300003DEB002028EB00200F
:10093800207500209CE20020B0B503461020002B53
:1009480022D0012920D8EFF31084EFF3108572B676
:100958009D7D002D02D084F31088B0BD00209862E0
:10096800DA6119760121997530490A68002A02D19D
:100978000B600021D9622E490A68002A01D09362CF
:10098800DA620B6084F31088B0BDC046CCC7002083
:1009980001461020002909D08A7D002A06D00122AC
:1009A8004A750020C875D107384A11607047C0469B
:1009B80000E200E0F0B581B0052003F0E9F82A4D27
:1009C80000242846214603F013F90127F8071449A3
:1009D8000860FF263106134A13688B4303218907F1
:1009E80059181160104908601F21204603F0E8F8E3
:1009F8007902284603F002F90821284603F004F991
:100A08002846314603F006F9284603F009F9074855
:100A1800046007480460204601B0F0BD003005605E
:100A280080E200E01CE400E000E100E0CCC7002028
:100A3800D0C7002010B504461020002C13D0A37D89
:100A4800002B10D06262616021461031064803F025
:100A580093F80220E075FF200230A0820120C00731
:100A68000A490860002010BD0030056001461020CA
:100A7800002909D08A7D002A06D001204875C8754A
:100A8800C0070249086000207047C04600E200E045
:100A980084B0104C104D04E0621C81B2104603F083
:100AA800C5F828680022D34301A903F0C5F8002837
:100AB800F2D101A803F0C6F802990029F1D00398F1
:100AC800002802D003F0C4F8EBE7204603F0C6F88C
:100AD800E7E7C04602600000A075002080B50A461E
:100AE8000021FFF729FF4142484180BD80B5FFF74B
:100AF8004FFF4142484180BD80B5FFF79BFF41420F
:100B0800484180BD80B5FFF7B1FF4142484180BDF3
:100B1800F0B591B07648012103F0A6F80026002828
:100B280000D1E1E0734803F0A5F8002800D1DBE02C
:100B3800714803F0A5F8002800D1D5E06F480124DA
:100B4800214603F0A3F8002800D1CDE0042000904E
:100B58006B486C4A10210B4603F09EF8002800D120
:100B6800C2E06948062103F09DF8002800D1BBE0E7
:100B78006648022103F09CF8002800D1B4E0250261
:100B880000206349634A131859601D8149191C30B4
:100B98007028F8D100206049604A13185960282647
:100BA8001E8128311C307028F7D15D480B905CA05D
:100BB80041688268C0680E900D920C910BA803F0F2
:100BC8007DF8002800D18EE059490C310822594B94
:100BD8000B608D80412080001B183031521EF7D1E8
:100BE800019455490C310C22544B0B608E802C33E8
:100BF8003031521EF9D1BF21C943514A514B5F18B8
:100C0800CC243A51D0243D5312183031F7D14E48F4
:100C18000C3008214D4A026086802C323030491E43
:100C2800F9D14BA102A80246D8C9D8C2D8C9D8C29E
:100C380003F04AF8002856D04D480C3008214D4A98
:100C48000580031F1A6052192030491EF8D1484800
:100C58000822294603F03EF8002844D000204649DF
:100C6800464A115013189D80491910301028F8D0A1
:100C780042480222294603F033F80026002833D0E0
:100C88003F480BAA114698C898C198C898C14020F7
:100C9800082103F02BF83B490860002824D03A4883
:100CA80002AA114658C858C158C858C158C858C18E
:100CB80036480026314603F01FF8354908600028F9
:100CC80012D0344803F01EF803F022F8F435284611
:100CD80003F024F87D2040012F4903F025F803F0A4
:100CE80029F8019E00E00026304611B0F0BDC0464C
:100CF800A8890020788C0020408B002018850020CF
:100D08007090002080900020C09400201090002057
:100D1800F09E0020608D002020AF002090900020E1
:100D2800608D00200001040090900020280004003D
:100D3800908E002000A700208092002020B1002083
:100D4800F0A20020D08D002000910020C0AF00202C
:100D5800908E0020000108008092002028000C00DE
:100D6800D08D002000010400009100202800080018
:100D780018840020F0940020F09C0020888900202E
:100D880008730020CCB30020E4720020ED47002057
:100D980094B30020C1650020AC0D000058480088BD
:100DA800401A41424141C8007047C046F0B583B07F
:100DB8003A4900253A4B28462A4601F0A9F8012667
:100DC800002867D00095019581204300354C2846BE
:100DD80021462A4601F030F800285BD048490880AF
:100DE8000D20019030480090611C0020022302462B
:100DF80001F022F800284DD00E2701972B480090CB
:100E0800A11C0025022328462A4601F015F80028CF
:100E180040D002971227019725480090E11C02262E
:100E280028462A46334601F007F8019721480090E2
:100E3800211D28462A46334600F0FEFF01971E482A
:100E48000090611D28462A46334600F0F5FF0197B9
:100E58001A480090A11D28462A46334600F0ECFFA8
:100E68000298019016480090E11D28462A4633460C
:100E780000F0E2FF07200190124800902D34284628
:100E880021462A46334600F0D7FF01F007F802F062
:100E980057FF2E46304603B0F0BDC0460A18000082
:100EA80020730020232A00008473002094730020FC
:100EB800487300205C730020A47300207073002026
:100EC800387300200975002010B50D480088884245
:100ED80014D10820002B10D00A490A6849681971F2
:100EE8001A700C0EDC710C0C9C71090A5971110EE8
:100EF800D970110C9970110A597010BD002010BDDD
:100F0800D8C7002008E2002010B50C46411E62290F
:100F180000D930E1601C49007944898849008F4430
:100F28006200680072007C0089009000A000AA009E
:100F3800B000B6002A012A012A012A012A012A0141
:100F48002A012A012A012A012A012A012A012A0141
:100F58002A012A012A012A012A012A012A01C2009A
:100F6800C500D200DF002A01E200E800EE002A01F5
:100F78002A012A012A012A012A012A012A012A0111
:100F88002A012A012A012A012A012A012A012A0101
:100F98002A012A012A012A012A012A012A01FA0022
:100FA8002A012A010201050108010B010E011101A4
:100FB800140117011A012A011D012A012A012A0117
:100FC8002A012A012A012A012A012A012A012A01C1
:100FD80020012A012A012A012A012A012A012A01BB
:100FE8002A0123012601A078E1780902091881481D
:100FF800BFE0E27801787E4802F0A8FE00200121D7
:1010080002F0AAFE10BD2179627912025118E37824
:101018000278744802F0A6FE10BD207961790902B1
:1010280009186E4802F002FE211D6D48082202F0E0
:101038009FFE10BD2389E288A188674802F09EFEC2
:1010480010BD01784278120251188278C3781B02C9
:101058009A188379C0790002C3185E4802F08EFEA0
:1010680010BDA078E17809020918637922795848F7
:1010780002F078FE10BDE27801785C4802F066FE66
:1010880010BD0178407800024118574871E0207877
:10109800617809020918A078E278120212184B4800
:1010A80002F072FE10BD2188464862E0A01C0021B3
:1010B80002F070FE01462078627812021218404849
:1010C80002F06EFE10BDA01C002102F063FE014676
:1010D8002078627812021218384802F061FE10BDBA
:1010E8002188354845E02078617809020918314897
:1010F8003FE0A27821782E4802F028FE10BD207823
:10110800617809020918A07AE27A120212182748AF
:1011180002F03AFE10BD2178E0784042C2B222487F
:1011280002F014FE10BD21781C4822E021781A48EC
:101138001FE0217817481CE02178154819E021782C
:10114800124816E02178104813E021780D4810E085
:1011580021780B480DE0217808480AE021780648F4
:1011680007E021780E4804E021780E4801E0217854
:10117800154802F05BFD10BD2BA000002AA000005E
:1011880029A0000028A0000027A0000026A0000039
:1011980025A0000024A0000023A0000022A0000039
:1011A8002CA0000033A0000021A0000016A0000021
:1011B80015A0000014A0000013A0000012A0000059
:1011C80011A0000010A0000034A000000FA0000033
:1011D8000EA000000DA000000CA000000AA0000056
:1011E8000BA0000009A0000008A0000007A0000054
:1011F80005A0000003A0000080B5024802F0D6FD5B
:1012080080BDC046593D00202F480088411A4842F9
:10121800484170472C480088884205D10120002B9E
:1012280001D000211970704700207047F0B583B0D5
:1012380014460D460146202D00D320251F4F384661
:101248002A46FFF76BF9200A1D4E70703470032090
:10125800C10200201B4B024600F05AFE0124002860
:1012680028D000970195152045020020022729461D
:1012780002463B4600F0E0FD00281BD0009601978F
:10128800691C0026304632463B4600F0D5FD002852
:1012980010D000960196A635812043003046294695
:1012A800324600F0C9FD002804D00749088000F044
:1012B800F5FD3446204603B0F0BDC04614C70020F3
:1012C80010C700202C730020D4C7002000207047CE
:1012D800F0B597B00124E1024548464A10252B464F
:1012E80000F074FE44A00BA94CC84CC14CC84CC1BA
:1012F80047A002AA1146C8C8C8C1C8C8C8C1242185
:10130800284602F059FD48490860002812D047A035
:1013180011AA114668C868C168C868C10820802138
:1013280002F04AFD47490860002807D1032040031E
:10133800401C01E00320400302F090FC40200C21F7
:101348000BAA02F0D3FC4049086000281CD03FA03B
:1013580002AA114668C868C168C868C168C868C177
:101368004348002102F0C8FC42490860411E054676
:101378008D41002833D0802002F024FD3E4802F041
:1013880027FD002D03D127E00025002D24D02602BB
:101398000096102128220823204602F01FFD6836F7
:1013A8003648314602F020FD33208101344802F0EE
:1013B80021FD34480221302202F022FD02F026FDF0
:1013C800314802F029FD314802F02CFD304802F086
:1013D8002FFD304802F032FD284617B0F0BD03203B
:1013E8004003093002F03AFC002DD0D1F4E7C046A2
:1013F80048CD00204CC70020D27300200000000018
:101408006C75002034000000A47500200006000060
:101418000C7400200000000010E2002024000000EE
:10142800D0C40020400200003CC70020E573002023
:101438000000000034E2002024000000D0C000209A
:101448000004000038C70020A0750020FF730020AA
:10145800010000002475002044000000A87B002043
:10146800000800002000000000000000000000004C
:10147800E138002068750020E1640020E0CB0020FE
:1014880048D50020B88300202D3900204939002094
:10149800553900203D390020B0B501F0A5FF0024E2
:1014A8000221204602F08CFB0F4804220260FF2034
:1014B80000040E490B6883430B600D4802600F203F
:1014C8000321072302F0C0FC00F018F80125FFF7FC
:1014D8001FFB002806D0FFF7FBFE002802D000F013
:1014E80059FC25462846B0BD80E200E000E400E053
:1014F80000E100E080B502F0ADFC80BD10B52B48DE
:1015080002F0AEFC2A4802F0B1FC2A4802F0B4FC12
:10151800294802F0B7FC294802F0BAFC284802F032
:10152800BDFC284802F0C0FC274802F0C3FC27484D
:1015380002F0C6FC264802F0C9FC264802F0CCFCA2
:10154800254802F0CFFC254802F0D2FC244802F0DE
:10155800D5FC244802F0D8FC234802F0DBFC2348E1
:1015680002F0DEFC224802F0E1FC224802F0E4FC32
:10157800214802F0E7FC214802F0EAFC204802F08A
:10158800EDFC204802F0F0FC1F4802F0F3FC1F4875
:1015980002F0F6FC0020C4432046214602F0F6FC87
:1015A8002046214602F0F8FC10BDC046D3BC02001C
:1015B800B3BC0200BBBC0200CBBC0200C3BC02002F
:1015C800B955010069560100612702000127020090
:1015D80015270200710B02005D240200312602006B
:1015E8009D2502008D260200F9250200C52602006D
:1015F8007D270200752702007D0B0200D9E9030050
:1016080001E803003DE70300C5EA03009DEA030083
:10161800F0B58DB0022002F0C5FC092401AE062504
:10162800204631462A4602F0C3FC727831780846D3
:10163800104305D10BA82649818026480B9011E05C
:101648000BA8C27001AA53794371937883700B0970
:101658000901C9180171D1783F23194041701179E6
:10166800194001700BA802F0A9FC1B4807A90A46FB
:10167800C8C8C8C203881380807890700026304696
:1016880002F0A2FC06A98D70812040000880032585
:1016980030462A4602F09EFC01AF7C701320387059
:1016A800B81C0EA11222FEF739FF14223046394623
:1016B80002F096FC304602F099FC052110222846DB
:1016C80002F09AFC0121304602F046FB0DB0F0BD55
:1016D80003BA000055404D03D4720020537570655D
:1016E800725F536D6172745F5261636B6574000061
:1016F8005F4800887047C0465E480178012008406E
:101708007047C04659480178012008407047C046D4
:1017180056480021017056480180564801707047AC
:1017280010B504460120002C13D0524A1278D20773
:1017380001D1022010BD4E4A1288002A09D0A242C7
:1017480007D1044A1170564801880123204602F047
:1017580059FC10BD0875002010B504460120002C66
:1017680016D013460A46002912D0002B10D03F4944
:101778000978C90701D1022010BD3D49098800290F
:1017880006D0A14204D144480188204602F03AFC20
:1017980010BDC046F0B583B0344800250570344804
:1017A8000580344805700124E1023348334A102388
:1017B80000F00CFC324E334B284631462A4600F0E6
:1017C800A7FB00284FD0D72001902F480090F01C8D
:1017D80081B20025022328462A4600F02DFB002866
:1017E80041D02A4908800095019541208700B01C06
:1017F80081B228462A463B4600F01EFB002832D01C
:101808002349088002F004FC2249088000282AD0D5
:10181800009501953B460C33701C81B228462A4638
:1018280000F00AFB00281ED01B49088002F0F0FBDC
:101838001A490880002816D0009501950E37301DEA
:1018480081B228462A463B4600F0F6FA00280AD01C
:101858001349088002F0DCFB12490880002802D0F6
:1018680000F01CFB2C46204603B0F0BD3CEB0020EA
:10187800B68300202CEB0020A8E20020A8EA002074
:10188800F0FF0000107500203074002036EB0020B7
:1018980038EB002032EB00203AEB002034EB00203C
:1018A8002EEB002030EB002070470000034804496D
:1018B80001600448044901607047C046300B0020AD
:1018C8007D6600202C0B0020A14800200148024919
:1018D80001607047280B00202D47002080B5FEF7D7
:1018E80001FD80BD70B51024002828D0002926D01D
:1018F800144B1960144E30601448026001252846C4
:1019080002F010F90324204602F00CF93168204651
:1019180002F0E4F80024E143062002F0DFF828078B
:101928000B4908600B490A68C02313433F229343BD
:101938000B60094908601C21204602F041F9204645
:1019480070BDC046DCC7002048C7002040C7002043
:1019580080E200E01CE400E000E100E0002815D08F
:10196800002913D0022908D001290FD10278AA2A08
:1019780001D1074808E0022908D10178AB2905D12F
:10198800407804490870044801210170002070471C
:10199800B48300209CE200202075002082B0074C10
:1019A80020680022D343694602F046F90028F7D19F
:1019B8000199009802F032FBF2E7C046CCB3002050
:1019C80080B502F031FB80BD0020704710B5094B8F
:1019D800196009490870094802600120002421465D
:1019E80002F07CF803210A220523204602F02CFA93
:1019F80010BDC046A4E2002034C70020A0E20020A9
:101A08008AB009A001AC21462CC82CC12CC82CC115
:101A18002CC82CC102F00EFB0C480021224602F013
:101A28006BF902F00DFBFEE72774002001000000AF
:101A380058E2002044000000E0C700200004000035
:101A480018000000000000000000000045350020DC
:101A5800FEE70000F0B583B01C4616460F4602901C
:101A680009891348089D2A4602F08EF9F888C005AE
:101A780013D402943C8A0E48401C2146324602F098
:101A880083F9A01B81B2A94200D80546AAB2786999
:101A980081190298FEF742FD07E0398900950298FE
:101AA8003246234600F0E4FD0546A8B203B0F0BD77
:101AB80015510000F0B585B01D4616460F460121A8
:101AC80001701478384602F0C1FA002800D16EE09F
:101AD800009701950746C8379D490546481C214689
:101AE80002F0A4F8D8350295601E512800D9D9E033
:101AF8004000C046784480884000874451005D001B
:101B08006F0095009A00A100A700AE00B400BB00CA
:101B1800C000C700CC00D300D300D900DF00E60026
:101B2800EC00D300D300F300F90000010501D30055
:101B38000C01D30013011A01D300D300D300D30042
:101B4800D300D300D300D300D300D300D300D300F5
:101B5800D300D300D300D300D300D300D300D300E5
:101B6800D300D300D300D300D300D300D300D300D5
:101B7800D300D300D300D300D300D300D300D300C5
:101B8800D300D300D300D300D300D300D300D300B5
:101B9800D300D300D300D300D300D300D3001E0159
:101BA800029C20463146019A02F056FACBE068487A
:101BB80002F054F805B0F0BD3846314602F052FA4A
:101BC8000028029C00D0BEE004A90098088038884C
:101BD80048800A20042202F04BFAB4E00121304682
:101BE80002F04CFA7A889042014600D311463A88AE
:101BF800914202D2172900D339803A7854498B1C74
:101C0800C1B2184602F0A2F80220B8713988009CC7
:101C1800204602F039FA03A90C80388848800A2047
:101C2800042202F025FA8DE03846314602F032FAF5
:101C380088E0029C20463146019A02F031FA82E09F
:101C480038463146019A02F031FA7BE0029C204680
:101C58003146019A02F030FA75E038463146019A69
:101C680000F0ECFA6EE0029C20463146019A02F040
:101C780029FA68E03846314600F0D6FB62E0029C5B
:101C880020463146019A02F023FA5CE03846314694
:101C980000F066FA56E0029C20463146019A02F0AE
:101CA8001DFA50E006223846214602F01DFA49E0A6
:101CB80038463146019A02F01DFA43E0029C20465C
:101CC8003146019A02F01CFA3DE038463146019A45
:101CD80000F042FC36E0029C20463146019A02F0B0
:101CE80015FA30E038463146019A00F0D1F929E07A
:101CF800029C20463146019A02F00EFA23E038464B
:101D0800314600F093F91DE0029C20463146019AC5
:101D180002F008FA17E0029C20463146019A02F0C8
:101D280007FA10E0029C20463146019A02F006FAB2
:101D380009E0384600F0D4FB04E038463146019A01
:101D480000F0DDFB029C204602F0FEF905B0F0BD74
:101D5800145200000148024941607047BC0A002043
:101D68000549002010B50C46C988C90503D5218945
:101D780000F066FC208210BD0148024901617047ED
:101D880064090020D94B00200121017000487047E8
:101D9800FFFF000080B5114802F0A4F8104802F0D7
:101DA800A7F8104802F0AAF80F4802F0ADF80F485B
:101DB80002F0B0F801F01AFA01F04AF801F032F82E
:101DC80000F09CFC01F034F801F012F800F09CFCE3
:101DD800FFF7D2FFFFF7BEFF80BDC0465560002069
:101DE800216100208D6000207D610020E9600020D5
:101DF800B0B501468B4A1088002810D013888A4A4B
:101E08001468002204E00834521C9A42184608D28A
:101E180025888D42F7D865888D42F4D302E00022E8
:101E280000E01846D100804B1B6859184968002902
:101E380000D01046B0BDC046F0B581B01C4617466C
:101E48000D461549079B069A00280DD00D46002F10
:101E58001BD03846214602F07DF90646681C102240
:101E6800394601F085FF0AE028460F46214602F070
:101E780077F90646B81C294601F0D8FE3D46E81C0D
:101E88003146224601F080FF03E0284601F0E6FED5
:101E98000026304601B0F0BDA5520000F0B581B073
:101EA80060480188002912D002885F480368002032
:101EB80004E00833401C9042114606D25C88002C8E
:101EC800F7D11C88002CF4D002E0114600E0002075
:101ED8000E4C884206D181B2204601F0A7FE0020B0
:101EE80001B0F0BDC60002F041F905464E4F386812
:101EF8008019458002F040F90246601C294601F02D
:101F080043FF38688019408801B0F0BDA352000033
:101F1800F0B583B001920E46424D2988002400296D
:101F280002930FD0404A12681788002F0AD02988D8
:101F3800083201231C468B4204D2631C17880832DE
:101F4800002FF7D18C4205D1A1B21F4801F06EFED7
:101F5800002735E01C4D002813D02E46019D002D8A
:101F68002AD00520C102284602F00CF90746B01C09
:101F780010222946354601F0FBFE002F0DD100271F
:101F88001EE00520C102304602F002F90746E81CAF
:101F9800314601F04BFE002FF1D0E00022490968DC
:101FA8000F5208180299416000214180281DA2B2F1
:101FB800394601F0E9FE03E0701C01F04FFE0027EE
:101FC800384603B0F0BDC04699520000F0B581B064
:101FD800134D00281FD0002A1DD00C4600291AD006
:101FE800002B18D00F490B800F490A6000210F46BB
:101FF8000E46FF00D151761CF7B29F42F9D300225A
:1020080000922146134602F0C9F8681C214601F0E7
:102018000DFE01B0F0BD284601F020FE01B0F0BD74
:102028009752000030B3002034B3002070B582B05E
:102038000E460446102002F0B7F800280AD00546DC
:102048006189A0887278002300930193012A06D041
:10205800032205E00D4801F001FE02B070BD022226
:1020680000F026FB010607D0C3B21821002228463B
:1020780002F0A0F8024602E0192028700122A08888
:10208800294602F09DF802B070BDC04623510000F9
:10209800F0B58BB004920C4605460121204601F0AC
:1020A800EDFF07460321204601F0E8FF03902E4686
:1020B8002888001D80B202F077F8002813D0054662
:1020C80005A8394602F082F8002811D005A8C08872
:1020D800010701D5C00512D4162128463A4602F058
:1020E8007BF8024628E01D4801F0B8FD0BB0F0BDB2
:1020F800162128463A4602F075F802461CE005A962
:10210800304602F075F8002801D003460EE0B0888A
:102118000499491F89B2621D009201910122394632
:10212800039B00F0C5FA01060CD0C3B2162128465D
:102138003A4602F03FF80246B088294602F040F8D5
:102148000BB0F0BD28462146049C2246FEF7E6F96E
:102158001720287077812246EEE7C04622510000FA
:10216800F0B589B00D4604460121284601F086FFE6
:1021780006460321284601F081FF029003A8314654
:1021880002F024F807462088001D80B202F00CF8FF
:1021980000280CD00546002F0ED003A8C088800761
:1021A80010D40C212846324602F028F83BE0224899
:1021B80001F054FD09B0F0BD0C212846324602F06A
:1021C80011F830E003A9204602F012F8002806D0E2
:1021D80003460C212846324601F0ECFF23E0A08894
:1021E80003AF3946FFF7BEFD388A029A824205D905
:1021F8000C212846324602F007F814E0801A411CE8
:102208002088814203DD1018401E03A90882079820
:10221800801A81B2A08800916B1C03A9FFF71AFCF1
:102228000D212970401CA18882B20846294601F078
:10223800C7FF09B0F0BDC0461F510000F0B591B00E
:1022480014460E46074601213046099101F016FF53
:1022580005460321304601F011FF024671480A95F0
:1022680029460546089201F08FFD7279681C2146BF
:1022780001F08AFD07973888001D80B201F094FFAD
:10228800002804D00746082C06D3102005E0A81C17
:1022980001F0E4FC11B0F0BD022006900A9A0899FA
:1022A800501E80B288420AD2701D05900BA801F01A
:1022B800B1FF002603960296099804900FE00821C2
:1022C800384601F08FFF9EE00BA9079C204601F0DD
:1022D8008FFF002834D00390099C002C75D10BA8DF
:1022E80001F09EFF002870D00BAC204601F09EFF45
:1022F8002289A188E81C01F047FD0E9801784078F2
:102308000002401882B2E188281D01F03DFD2089B5
:102318000028E1D000240A998842DED3089988422F
:10232800DAD80BA80599069A01F086FF0028D4D0C0
:102338000BA8C0888007C7D43004CED10D9ECCE747
:10234800A0880BA9FFF70EFD0F98801C049989B28D
:1023580000220392022904D382B2029B9BB29342C9
:10236800BAD1012903D17870049B5B1C01E0049B5E
:102378000298029080B299B20A1820888242049387
:1023880006D90229A8D8001F0BAA1082801C7870D1
:102398000BAC2289384601F055FF07988088218ABE
:1023A80000910499891C049189B27B180022039238
:1023B8002146FFF74FFB0446681D214601F036FC15
:1023C800049820180490039C87E7049988B202288F
:1023D80002D30920387017E00399080606D0CBB25B
:1023E800082138460A9A01F0E5FE0CE0300405D0D1
:1023F800B2B20821384601F001FF04E0082138464E
:102408000A9A01F025FF0146A81D8CB2214601F069
:102418000DFC079880883946224601F0D1FE11B09C
:10242800F0BDC04617510000F0B587B00A46044613
:102438000121104601F022FE064601A8314601F0AE
:10244800C5FE07462088001D80B201F0ADFE0028B9
:102458000CD00546002F0ED001A8C088800710D4E4
:102468000A212846324601F0C9FE2EE01B4801F039
:10247800F5FB07B0F0BD0A212846324601F0B2FE4E
:1024880023E001A9204601F0B3FE002806D0034648
:102498000A212846324601F08DFE16E0A08801AEDA
:1024A8003146FFF75FFC2088318A814202D3401E03
:1024B80001A90882A08801A90A8A00926B1C00223F
:1024C800FFF7C8FA0B212970401CA18882B2084680
:1024D800294601F075FE07B0F0BDC0461E51000048
:1024E80080B582B00189002907D000230381808844
:1024F80000930193042200F0DBF802B080BDF0B530
:1025080089B015460C4607460121204601F0B6FD64
:10251800064603A8314601F059FE00280CD0412098
:10252800800003A9C9880140814205D103A9384622
:1025380001F05EFE002801D009B0F0BDB888E91EA0
:1025480089B2E21C0092019100223146134600F044
:10255800AFF809B0F0BD0000F0B58BB003920C469F
:10256800074601260846314601F088FD014605A8C0
:10257800049101F02BFE0546102001F015FE0028FD
:102588000CD0002D0FD005A9CA8811073D4613D4D9
:1025980012210446049A01F01FFE1AE0274801F0B0
:1025A8005DFB0BB0F0BD12210446049A01F01AFE3F
:1025B800214606463D460EE005A9D20511D4098AF2
:1025C800C91C039B99420CD212210446049A01F0BB
:1025D80045FE21460646A888324601F0F1FD0BB0BB
:1025E800F0BD002AD4D5074605A9284601F000FE0B
:1025F800002805D0034612213C463846049A13E0C9
:10260800A8880399C91E89B2E21C00920191002290
:10261800049C2146134600F04BF8010609D0C3B2CA
:10262800122122463C46384601F0C4FD394606468A
:10263800D1E7132039463870CDE7C0462151000054
:10264800B0B50C4605460846FFF7D2FB01462948B7
:102658000288002091420AD0C900274A12685118FE
:1026680049680A68002A02D0284621469047B0BD2A
:10267800F0B581B01C4615460E4607460846FFF7DA
:10268800B7FB01461B480288002091420ED0234622
:10269800C900194A1268511849684C68002C05D0BD
:1026A80006980090384631462A46A04701B0F0BD4A
:1026B800F0B583B01C4615460E4607460846FFF798
:1026C80097FB01460B4802880020914210D0234610
:1026D800C900094A1268511849688C68002C07D04B
:1026E8000998089900910190384631462A46A04732
:1026F80003B0F0BD30B3002034B3002008480149CE
:10270800C16470477D590020092040010449054AE9
:102718000A50E2480021044A026041607047C046FE
:10272800500B0020B9610020ED490000F0B587B0DA
:102738000546D8482E184520000128180290F84868
:102748002B5C0391497B9768D0682C4650340278FB
:10275800002B45D0002965D0092A00D0B1E0FF211F
:1027680009020F40092109028F4200D0FCE0027AD9
:1027780004A90A72027943791B029A188379C579E8
:102788002D02EB181B049A180592027843781B0255
:102798009A188378C0780002C01800048018049042
:1027A800481C01F061FD07460D46012030700026E7
:1027B800039A967210208143B9482F303840029B03
:1027C80003C3517BB448401C01F030FAB64A3A4082
:1027D80051208543218830462B4601F04BFD55E1B9
:1027E800002970D0092A00D1CAE0072A00D008E1E0
:1027F800FF231B021F40012673029F4200D015E1F0
:1028080040780E2800D041E1002603988672A2483D
:10281800401D01F00BFA21881A203246334601F098
:1028280029FD33E10E2A00D09CE0FF21090239403E
:1028380009231B02994200D0E7E0027A04A90A7230
:10284800027943791B029A188379C4792402E31820
:102858001B049A180592027843781B029A18837809
:10286800C0780002C018000480180490481C01F0C9
:10287800FBFC0191894A0ACA894A00900840114024
:102888002F2404400A191027BB43284601F0F8FCFE
:10289800002800D1F7E00246F84301213170814950
:1028A80091610399D161019B034000987C4E3040AF
:1028B8000443029804604360284601F0E7FC0026C0
:1028C800E4E00126E2E0082A00D09CE0FF210902AA
:1028D800394009231B02994200D0C1E0027A04A9B9
:1028E8000A72027943791B029A188379C4792402FF
:1028F800E3181B049A180592027843781B029A1869
:102908008378C0780002C018000480180490481C1E
:1029180001F0AAFC0191614A0ACA614A0090084084
:1029280011402F2404400A191027BB43284601F000
:10293800A7FC002800D1A8E00246F8430121317025
:10294800584991610399D161019B03400098544E05
:1029580030400443029804604360284601F096FC26
:10296800002693E0012691E02846039C214601F0C9
:1029780093FC0026A672617B474801F057F985E071
:10298800FF2109020F4009210902434B8F425AD106
:10299800027A04A90A72027943791B029A18837988
:1029A800C5792D02EB181B049A1805920278437812
:1029B8001B029A188378C0780002C0180004801897
:1029C8000490481C01F050FC07460D460120307069
:1029D8000026039A96721020814331482F303840E0
:1029E800029B03C3517B2C48C01D01F01FF92E4ADE
:1029F8003A4051208543218830462B4601F03AFC65
:102A080044E0012642E0012640E02846039D29468D
:102A180001F042FC204CA01C394601F043FC002682
:102A2800AE72697BE01C01F001F92FE02846039C97
:102A3800214601F031FC0026A672617B1648001D74
:102A480001F0F4F822E02846039C21461D4601F0D7
:102A580023FC0026A672617BA81D01F0E7F815E0AB
:102A68002846039C214601F017FC0B4D28460830E8
:102A7800394601F017FC0026A672617B0935284605
:102A880001F0D4F802E0022600E00226304607B042
:102A9800F0BDC04649040000CE36000038B300201F
:102AA80000CF87F7A98002002FCF87F770B50028DD
:102AB80010D00D4600290DD0002A0BD0D168097816
:102AC80000240E290FD0082927D11549405C002879
:102AD80023D10CE01620492100242246234601F088
:102AE800E7FB204670BD0E49405C002815D0012444
:102AF8002C730026EE72FF2004302881304601F046
:102B0800DDFB03C50748EE806E716E61AE61E8615A
:102B1800AC700548314601F089F8204670BDC046C2
:102B2800510300007D550020CD36000010B5044645
:102B380000F026FD002802D00C21012006E000F05C
:102B4800F9FC002801D1014600E00C21207008465C
:102B580010BD000010B50A46002911D00446906B3C
:102B680000280DD0107C072811D0062816D005287B
:102B78001DD110480068D060104600F023FD13E016
:102B88008520C1001C20002301F092FB10BD0948DC
:102B98000068D060104600F019FD05E0054800689F
:102BA800D060104600F018FD0120207010BD0020F4
:102BB800207010BD50080020B0B50D4600290FD078
:102BC8000446A86B00280BD0287C07280FD00628BD
:102BD80012D0052817D12846114600F0F4FC0FE062
:102BE8001C200A4900232A4601F062FBB0BD284692
:102BF800114600F0EEFC03E02846114600F0F6FC12
:102C080001202070B0BD00202070B0BD8D040000F0
:102C180010B50A46002918D00446906B002814D035
:102C2800107C072817D0062823D0052831D1404822
:102C38000178D068484318490968884200D8014695
:102C4800D160104600F0C0FC20E01C20134900238E
:102C580001F02EFB10BD36480178D06848430E4974
:102C68000968884200D80146D160104600F0B2FCDD
:102C78000CE02F480178D068484307490968884222
:102C880000D80146D160104600F0CFFC012020702A
:102C980010BD0020207010BD54080020530400000F
:102CA800B0B50D46002919D00446A86B002815D0E8
:102CB800287C072819D0062826D0052835D1E868A9
:102CC8001B490978FDF73CFC1A490968884200D37A
:102CD8000146E960284600F078FC23E01C201649EC
:102CE80000232A4601F0E4FAB0BDE86810490978E3
:102CF800FDF726FC0F490968884200D30146E960C0
:102D0800284600F068FC0DE0E86809490978FDF7F5
:102D180017FC08490968884200D30146E96028463B
:102D280000F096FC01202070B0BD00202070B0BDDE
:102D38005C08002058080020B5040000B0B504461F
:102D4800012500F085FB002801D0284608E000F0A6
:102D580017FC002801D0012002E000F0EBFB05463B
:102D680020702846B0BD70B504460C26012500F039
:102D7800A3FB00280BD100F010FC002807D100F0BD
:102D8800E6FB0546002801D12E4600E00C262570FA
:102D9800304670BD70B504460C26012500F08CFB4A
:102DA80000280BD100F0F9FB002807D100F0CFFB79
:102DB8000546002801D12E4600E00C262570304635
:102DC80070BD10B5044600F077FB002803D100F071
:102DD800E4FB002803D0002020700C2010BD00F078
:102DE800B6FB00212170002800D00C2010BD000087
:102DF800152000011249074A0A5053208000064A4C
:102E08000A502920C000054A0A5051208000044A6F
:102E18000A507047F15A0020095A0020615A0020D0
:102E2800A559002006480149016670478D5B0020BE
:102E380003480449044A054B8363C263016470472D
:102E4800500B0020135C0020B75B0020E55B0020DE
:102E580070470000B0B584B0002808D004468168E7
:102E6800022001F031FA002804D004B0B0BD0420DB
:102E780004B0B0BDE389A289607C014601F02AFA5A
:102E88000028F2D16269A369217C607C0125009544
:102E9800019002900025284601F022FA0028E4D18A
:102EA800206A01F023FA0028DFD1A18B606A01F0C3
:102EB80023FA0028D9D106480570627C03CC01F0BA
:102EC80021FA0028D1D101F023FA284604B0B0BD78
:102ED8000C0D002070B501260670274800780024E4
:102EE800002801D0204670BDEFF31085EFF3108065
:102EF80072B601F013FA00280CD0344C2078002860
:102F080004D11F4801F010FA0120207085F31088C1
:102F1800012070BD2F490846683800682B4A12788E
:102F2800002A1DD030401BD0052208680B68984243
:102F380004D0531E12061A46F7D1FF22110613D0E9
:102F480023490968814213D90C4A128885F31088ED
:102F5800081A5109884200D800263446204670BD18
:102F680085F31088204670BD85F31088204670BD13
:102F780085F31088204670BD5F09002022080020D4
:102F8800FFFFFF1FB0B501210170EFF31084EFF3CD
:102F9800108072B60D4D2878002813D00C480068B0
:102FA8000C490968814205D2491D814204D201F0C9
:102FB800C1F905E0642001E04B20800000F0ACFD81
:102FC8000020287084F31088B0BDC0465B0900203B
:102FD80080000040E8010040B0B584B0002808D067
:102FE80004468168042001F06FF9002804D004B079
:102FF800B0BD042004B0B0BDE389A289607C01465D
:1030080001F068F90028F2D16269A369217C607C2B
:1030180001250095019002900025284601F060F9ED
:103028000028E4D1206A01F061F90028DFD1A18BE2
:10303800606A01F061F90028D9D103CC627A01F005
:103048007FF90028D3D10348057001F07FF928469D
:1030580004B0B0BD9C0D002070B584B0002808D025
:1030680004468168062001F02FF9002804D004B036
:1030780070BD042004B070BDE389A289A17C607C86
:1030880001F028F90028F2D16269A369217C607CEB
:10309800A57C01260096019002950025284601F09E
:1030A8001FF90028E3D1206A01F020F90028DED1B9
:1030B800A18B606A01F020F90028D8D103CC627A8C
:1030C80001F020F90028D2D10348057001F044F935
:1030D800284604B070BDC0469D0D0020B0B584B030
:1030E800002808D004468168032001F0EDF8002884
:1030F80004D004B0B0BD042004B0B0BDE389A289F7
:10310800607C014601F0E6F80028F2D16269A36903
:10311800217C607C012500950190029000252846BD
:1031280001F0DEF80028E4D1206A01F0DFF8002879
:10313800DFD1A18B606A01F0DFF80028D9D103CC78
:10314800627A01F0FDF80028D3D10348057001F038
:1031580009F9284604B0B0BDBC0D002070B584B094
:10316800002808D004468168052001F0ADF8002841
:1031780004D004B070BD042004B070BD638A228AF4
:10318800A17D607D01F0A6F80028F2D1A17DE0685C
:1031980001F0EEF80028ECD1A269E369217D607D99
:1031A800A57D01260096019002950025284601F08C
:1031B80097F80028DDD1606A01F098F80028D8D186
:1031C800218CA06A01F098F80028D2D103CCA27B08
:1031D80001F0B6F80028CCD10348057001F0CEF80C
:1031E800284604B070BDC046BD0D00200248034902
:1031F8008164034941657047200D0020D55D00209A
:10320800255D002070B50546554E3068002801D070
:10321800012070BD01F0B8F82846FFF71BFE0446F0
:10322800002801D0204670BD0348306003CD01F06E
:10323800B1F8204670BDC04684270200F0B581B0C1
:103248000446474F3868002801D001261EE001F0E7
:103258009BF803CC637A00252A46083C01F0A0F8C5
:1032680003C42068627A2946083C01F09FF8A060F0
:103278002046FFF7B1FE0646284601F09DF8002ECD
:1032880004D10448386003CC01F084F8304601B01A
:10329800F0BDC046D427020070B50546304E3068F0
:1032A800002801D0012070BD01F06EF82846FFF714
:1032B800D3FE0446002801D0204670BD0348306084
:1032C80003CD01F067F8204670BDC046E427020030
:1032D800F0B581B00446224F3868002801D0012695
:1032E8001EE001F051F803CC637A00252A46083C19
:1032F80001F056F803C42068627A2946083C01F0B8
:1033080055F8A0602046FFF7E9FE0646284601F07A
:1033180053F8002E04D10448386003CC01F03AF881
:10332800304601B0F0BDC046F427020070B505462E
:103338000B4E3068002801D0012070BD01F024F840
:103348002846FFF70BFF0446002801D0204670BD31
:103358000448306003CD01F01DF8204670BDC0461A
:10336800C00D002004280200B0B501230370D06806
:1033780004780020162C35D87123DB00CB18C04602
:103388007C4424796400A744151A2D0B2D2D2D2D6E
:10339800102D0B2D1F2D102D2D2D2D2D242D2900F9
:1033A8000846194601F00EF8B0BD08461946FFF761
:1033B8007DFBB0BD0846194601F00AF8B0BD0846C5
:1033C800194601F00BF8B0BD0846194601F00CF893
:1033D800B0BD0846194601F00DF8B0BD08461946BB
:1033E80001F00EF8B0BD000080B501F00FF801F053
:1033F80013F801F017F8002800D080BD01F018F884
:10340800054801F01BF8022000F0CCFD0B2001F06C
:103418001BF8002080BDC04620F501000849096856
:103428000A4A1278824203D80020002907D105E011
:103438003522D20042438818002900D10846704737
:10344800688C0020014800787047C04632B30020DD
:10345800F0B581B0FFF7F6FF002827D00446002515
:103468000126E8B2FFF7DAFF00280FD0993001787B
:10347800002907D04078002804D0002037460028CB
:103488000FD114E0304600280BD110E09120010143
:103498001E202A46234600F00BFF00273846002846
:1034A80005D06D1CAC42DCD1002700E000270120CC
:1034B800384001B0F0BD0000F0B581B0FFF7C2FFA1
:1034C800002828D0044600250126E8B2FFF7A6FF09
:1034D80000280DD08D30017B002905D0417B0029C3
:1034E80002D00078002811D0304600280AD115E013
:1034F8001E200C492A46234600F0DAFE00273846EB
:1035080000280BD06D1CAC42DFD106E00020374606
:103518000028F7D102E0002700E00027012038400A
:1035280001B0F0BD26090000014800687047C04698
:103538006C8C002080B5FFF7F7FF002805D03321F9
:10354800C900405C411E884180BD002080BD80B517
:10355800FFF7EAFF0146002000290AD03322D200F3
:103568008A181278002A04D091310878411E4842FE
:10357800484180BD014800687047C046708C0020F3
:1035880080B5FFF7F7FF002805D047218900405C88
:10359800411E884180BD002080BD80B5FFF7EAFF4D
:1035A8000146002000290CD0472292008A18127880
:1035B800002A06D0A531097802220A43032A00D13D
:1035C800012080BD7047704770477047172181748C
:1035D8007047704770477047FF217431826B6423CE
:1035E80053548374501819214170704770B50A46B6
:1035F8000446FF2108462030A36B1E18B92040005E
:103608001D18185C002807D0FF2A00D8D1B26878A6
:103618001A2200F036F868703078002801D00120AE
:1036280000E00220285CA07470BDB0B50446FF20FD
:10363800A16B024620328A5C002A08D074300D182B
:10364800287801211A2200F01CF82870A074B0BD57
:10365800B0B50446FF20A16B024620328A5C002ADE
:1036680008D074300D1828783221642200F003F84D
:103678002870A074B0BD4018904200D80246D0B25D
:1036880070475318834200D2421AD0B270470000E4
:10369800F0B585B016460546EFF3058002AA957089
:1036A8001180D67000240394002800D1E443002E32
:1036B8002DD0242E18D801932B48009000680021A3
:1036C80000F0C8FE0390002809D126480090006841
:1036D8000027394600F0BEFE0390002839D0009834
:1036E8000068049003980EE0802E28D801931D48A6
:1036F80000680027394600F0ADFE0390002825D069
:1037080018490968049101993246FCF707FF144EDD
:10371800F01C294600F08AFA1448006802A900251E
:103728002A46234600F09CFE47424741002813D012
:10373800321D81B2104600F079FA2F460CE0084895
:10374800801C314600F072FA002705E00448401C4E
:1037580000E0034800F082FA384605B0F0BDC046E4
:103768000460000038C700203CC70020A075002076
:1037780080B582B0019100900022EFF30580002807
:1037880001D0134600E0D34304480068694600F0BE
:1037980067FE4142484102B080BDC046CCB300201C
:1037A800214800687047C0460148002101707047F1
:1037B80014F0022070B5002812D004461A4D28686B
:1037C800A04200D82C682E1F306800197D21C9003E
:1037D800FCF7B6FE31602868001B2860204670BDE3
:1037E800002070BDF0B581B005460020002D18D02E
:1037F8000C46002915D00C4E3068A04200D8346819
:10380800301F0168002C0BD000277018007CE85589
:10381800481C7D21C900FCF793FE7F1CBC42F4D1F3
:10382800204601B0F0BDC04608F00220FEE70000C7
:10383800F0B585B00446407D217D00290CD0EFF31A
:103848001081EFF3108272B600222275626822603E
:10385800626A226281F3108800280AD0EFF310818F
:10386800EFF3108272B600226275E27DA27581F3D1
:103878001088A17D02291DD000294BD1EFF31080BB
:10388800EFF3108172B6E16A002901D0A26A8A6258
:10389800334A1368A34201D1A36A1360314A1368FB
:1038A800A34200D1116080F310880020A062E0627A
:1038B80005B0F0BD00280AD027690297266803A83A
:1038C80000F0D4FD0398012815D1224D16E0207E82
:1038D80001281DD100200290204802A900F04CF9CF
:1038E80020680090029F04A800F0C0FD04980128F9
:1038F80012D1184D13E000F0BFFD054630461649B9
:103908000E880D800197E7607D214A0300270FE0AC
:103918000120A07505B0F0BD00F0AEFD05460E48CB
:10392800068805800197E7607D20420300270098FC
:1039380039463B46FCF7DAFD002E01D072195508CE
:103948002A463B46FCF7A2FD01990818A06005B07D
:10395800F0BDC046127A0000D6C7002000300560CE
:10396800CCC70020D0C7002056480088401A4242E1
:10397800424135480088401A434243411343524864
:103988000088401A424242411A4301D0022070473F
:103998002E480088884201D1D72070472C480088DB
:1039A800411A484248417047B0B50498022809D3E3
:1039B800002B07D0434C24888C4203D10020587038
:1039C80045480AE002280CD3002B0AD03E4C248834
:1039D8008C4206D1002058703E48007818700220AA
:1039E800B0BD022808D3002B06D0174C24888C427F
:1039F80002D100205870F1E7144C24888C420FD172
:103A0800D62A1ED814498918D724A21A94B28442F7
:103A180000D3044618462246FCF780FD2046B0BD78
:103A28000B4C258800248D4209D1002B07D0002A91
:103A380005D1002803D007480078187001242046D3
:103A4800B0BD0020B0BDC04632EB002036EB0020F0
:103A58002EEB0020087500203074002010B50B46AE
:103A680002460399029802290CD300280AD0154C63
:103A780024889C4206D116490A8000780121014019
:103A880015480DE002290ED300280CD00E4C2488CE
:103A98009C4208D10E490A800078012101400D4856
:103AA8000170002010BD094C24889C4207D1084BA6
:103AB8001A80002803D0002901D0FDF7F5FE002068
:103AC80010BDC04634EB002030EB002038EB00205E
:103AD800B68300202CEB00203CEB002003B4014807
:103AE800019001BD39C4010003B40148019001BD32
:103AF800F5C2010003B40148019001BD8DC1010068
:103B080003B40148019001BDD1C3010003B40148C9
:103B1800019001BD79C3010003B40148019001BDC2
:103B280051F8020003B40148019001BDE9C3010046
:103B380003B40148019001BD610E020003B40148BD
:103B4800019001BD45A3010003B40148019001BDE6
:103B5800ADA0010003B40148019001BD65BF01009B
:103B680003B40148019001BDBDBD010003B4014883
:103B7800019001BD1DBF010003B40148019001BDC2
:103B880045BF010003B40148019001BDCDBF01004C
:103B980003B40148019001BD5572010003B4014806
:103BA800019001BDADC3010003B40148019001BDFE
:103BB80043D7010003B40148019001BD41F9020057
:103BC80003B40148019001BD89C2010003B4014852
:103BD800019001BDBD0D010003B40148019001BD74
:103BE8000510010003B40148019001BD291001002E
:103BF80003B40148019001BD79C0010003B4014834
:103C0800019001BDBDBE010003B40148019001BD92
:103C180081BE010003B40148019001BDF9BD010056
:103C280003B40148019001BDD9C0010003B40148A3
:103C3800019001BDFDF6020003B40148019001BDE9
:103C4800F912010003B40148019001BDB9A00300B5
:103C580003B40148019001BDA511010003B4014856
:103C6800019001BDE9F6020003B40148019001BDCD
:103C78003594020003B40148019001BD25AA020051
:103C880003B40148019001BD49A0020003B40148F2
:103C9800019001BDCD39020003B40148019001BD76
:103CA8007DDC020003B40148019001BD11F402005B
:103CB80003B40148019001BD15D0020003B40148C6
:103CC800019001BD192C020003B40148019001BD07
:103CD8001959020003B40148019001BD512902009D
:103CE80003B40148019001BD2982020003B40148D0
:103CF800019001BD0114010003B40148019001BD08
:103D08001D23010003B40148019001BDC5DF020075
:103D180003B40148019001BD6118020003B40148D1
:103D2800019001BD2D20020003B40148019001BD9E
:103D3800FD23020003B40148019001BD698202001D
:103D480003B40148019001BDB13C030003B401482C
:103D5800019001BDC5F7020003B40148019001BDFF
:103D6800C923030003B40148019001BD39F70200DB
:103D780003B40148019001BDD9F7020003B401481A
:103D8800019001BD25F7020003B40148019001BD6F
:103D980011F7020003B40148019001BD03F90200C4
:103DA80003B40148019001BD61F7020003B4014862
:103DB800019001BDD505030003B40148019001BD80
:103DC8009D12010003B40148019001BD51EC0300AC
:103DD80003B40148019001BDE105030003B40148A3
:103DE800019001BD6D18030003B40148019001BDA5
:103DF800B95A030003B40148019001BDDD5903001D
:103E080003B40148019001BD8518030003B40148BB
:103E1800019001BDAF28030003B40148019001BD22
:103E2800FD05030003B40148019001BD0506030028
:103E380003B40148019001BDF505030003B401482E
:103E4800019001BDED05030003B40148019001BDD7
:103E580089A6010003B40148019001BD792302003D
:103E680003B40148019001BD7520020003B4014864
:103E7800019001BD3920020003B40148019001BD41
:103E88004520020003B40148019001BD81200200D1
:103E980003B40148019001BD6920020003B4014840
:103EA800019001BD5120020003B40148019001BDF9
:103EB8005D20020003B40148019001BD31E0020019
:103EC80003B40148019001BD19E0020003B40148A0
:103ED800019001BD25E0020003B40148019001BD35
:103EE800B9DF020003B40148019001BDD1DF02002F
:103EF80003B40148019001BDF5DF020003B4014895
:103F0800019001BDDDDF020003B40148019001BD4D
:103F180001E0020003B40148019001BDE9DF02009D
:103F280003B40148019001BD0DE0020003B401484B
:103F3800019001BD49E0020003B40148019001BDB0
:103F48003DE0020003B40148019001BDADDF02006D
:103F580003B40148019001BD5DE9030003B40148C1
:103F6800019001BD75E9030003B40148019001BD4A
:103F780069E9030003B40148019001BD51E9030058
:103F880003B40148019001BD45E9030003B40148A9
:103F9800019001BD49E2030003B40148019001BD4D
:103FA80055E2030003B40148019001BD0559010021
:103FB80003B40148019001BDF57E010003B4014836
:103FC800019001BD7927030003B40148019001BDA8
:103FD800E523030003B40148019001BD8D230300CC
:103FE80003B40148019001BD5D28030003B40148F2
:103FF800019001BD9F28030003B40148019001BD51
:10400800EB28030003B40148019001BD253D0300DE
:1040180003B40148019001BD513A030003B40148BB
:10402800019001BDA5BC020003B40148019001BD87
:104038007D08010003B40148019001BD4D10010045
:1040480003B40148019001BDE110010003B4014827
:10405800019001BDD952030003B40148019001BD8C
:104068003930030003B40148019001BD294403001D
:1040780003B40148019001BDB105030003B4014830
:10408800019001BD99A7030003B40148019001BD47
:10409800A530030003B40148019001BD494603005F
:1040A80003B40148019001BD8931030003B40148FC
:1040B800019001BDED44030003B40148019001BD26
:1040C8000931030003B40148019001BDE132030046
:1040D80003B40148019001BDA934030003B40148A9
:1040E800019001BD3532030003B40148019001BDC0
:1040F800814E030003B40148019001BD3549030016
:1041080003B40148019001BD6932030003B40148BA
:10411800019001BDB135030003B40148019001BD10
:10412800C331030003B40148019001BDDD30030031
:1041380003B40148019001BD8D35030003B4014863
:10414800019001BD5935030003B40148019001BD38
:104158000936030003B40148019001BDF50B0300C3
:1041680003B40148019001BD410C030003B40148A8
:10417800019001BDE10C030003B40148019001BDA9
:10418800F10C030003B40148019001BD910C030038
:1041980003B40148019001BDA30C030003B4014816
:1041A800019001BD110D030003B40148019001BD48
:1041B800C15D030003B40148019001BD31660300ED
:1041C80003B40148019001BDED16030003B4014892
:1041D800019001BD190F030003B40148019001BD0E
:1041E8008766030003B40148019001BD57660300C8
:1041F80003B40148019001BD4D17030003B4014801
:10420800019001BD7B66030003B40148019001BD24
:104218006366030003B40148019001BD1D1003004B
:1042280003B40148019001BD1510030003B401480F
:10423800019001BDAF0F030003B40148019001BD17
:104248002910030003B40148019001BDD1A7030060
:1042580003B40148019001BD4B66030003B4014853
:10426800019001BD6F66030003B40148019001BDD0
:1042780057EF020003B40148019001BDDDE00300DF
:1042880003B40148019001BDFD7A020003B401485E
:10429800019001BDCD52020003B40148019001BD57
:1042A8000552020003B40148019001BD4DF7020018
:1042B80003B40148019001BD6942010003B40148FB
:1042C800019001BD31EE020003B40148019001BD27
:1042D800A117020003B40148019001BDDD100200DE
:1042E80003B40148019001BDF115020003B401486F
:1042F800019001BD4917020003B40148019001BDB6
:104308004913020003B40148019001BD7115020070
:1043180003B40148019001BD9D0F020003B4014898
:10432800019001BDE11A020003B40148019001BDEA
:104338001D18020003B40148019001BD4D18020088
:1043480003B40148019001BD9112020003B4014871
:10435800019001BDF111020003B40148019001BDB3
:104368003512020003B40148019001BDD5130200C3
:1043780003B40148019001BD6114020003B401486F
:10438800019001BD1514020003B40148019001BD5C
:104398001124020003B40148019001BDE922020082
:1043A80003B40148019001BD3D1E020003B4014859
:1043B800019001BD751E020003B40148019001BDC2
:1043C800C91D020003B40148019001BD2178020013
:1043D80003B40148019001BD8543020003B40148BC
:1043E800019001BDB12D020003B40148019001BD47
:1043F80011F1020003B40148019001BDC961020036
:1044080003B40148019001BDE9C0020003B40148AA
:10441800019001BD5D52010003B40148019001BD46
:104428005D58010003B40148019001BDD953010052
:1044380003B40148019001BDE955010003B40148E6
:10444800019001BD195A010003B40148019001BD52
:1044580091B2010003B40148019001BD4D11010062
:1044680003B40148019001BD3514010003B40148AB
:10447800019001BDED72010003B40148019001BD36
:10448800BD720100A000A0000002000000000000B2
:1044980000070000C97300200100000050B300208D
:1044A80044000000D0B800200008000020000000F0
:1044B8000000000000000000B673002000000000AB
:1044C80098B3002034000000D0B30020000500009D
:1044D800ED3B0020193D002000000000594000205D
:1044E800654000201D410020FE00657870657269F6
:1044F8006D656E74616C00004669726D77617265F6
:10450800205265766973696F6E00000048617264B5
:1045180077617265205265766973696F6E00000075
:104528004D616E756661637475726572204E616D5A
:10453800650000004D6F64656C204E756D62657294
:104548000000000053657269616C204E756D6265EC
:1045580072000000536F6674776172652052657649
:104568006973696F6E006C6C635F7461736B5F6D08
:1045780073675F7175657565006C6C635F746173F3
:104588006B00626C65537461636B5F6D73675F7119
:104598007565756500626C65537461636B5461730E
:1045A8006B5F4D656D506F6F6C5F6C6F6E6700620F
:1045B8006C65537461636B5461736B00626C655313
:1045C8007461636B5461736B5F4D656D506F6F6C95
:1045D8005F73686F7274006170705F6D61696E00FF
:1045E800555549443A203078464646342070726F13
:1045F80076696465732062617474657279206C658C
:1046080076656C2E0A555549443A20307846464618
:10461800312070726F76696465732049434D32307A
:1046280039343820444D50202F204149202F206410
:1046380065627567206672616D65732C2033322060
:10464800627974657320706572206672616D652E7B
:104658000A555549443A2030784646463220707209
:104668006F76696465732075706C6F616420696E1C
:10467800737472756374696F6E732E0A5555494465
:104688003A203078464646332070726F7669646502
:104698007320726561642D6F6E6C79207365727614
:1046A80069636520757361676520696E666F726DF1
:1046B8006174696F6E2E0A00640100000000100129
:1046C800B9670020F9670020AD68002000000000ED
:1046D80000232DE9F0413F4C84B02278CDE9013325
:1046E8004AB3EFF3108572B63B4B1B680BB1984782
:1046F800F8B12378012B46D0023B022B13D801A82E
:1047080000F0C6FB002003A900F002FC0198012874
:1047180014D0039B002B43D0012002A900F0F8FB22
:10472800029B002B3CD12D4B1B6813B12278022A27
:1047380034D085F3108804B0BDE8F081039BE3B161
:104748004FF08043D3F88021D2073FD5D3F880605B
:10475800D3F8E881224B02A9D3F8047100F0D8FB02
:1047680040F6C413A6EB0806BFB207FB06F6B3EB88
:10477800962FD8D2029B002BD5D04FF4FA61012096
:1047880000F0AEFBC5E7174A136923F00403136171
:1047980030BF124B1B68002BC8D1CAE79847C8E73F
:1047A8004FF0A04000F050F90E4A136943F004039B
:1047B800136130BF4FF0A04000F052F9012000F023
:1047C8006FFB064B1B68002BB0D1B2E702A900F0C3
:1047D8009FFBA8E70AF4012010F401200CF4012043
:1047E80000F0046000ED00E0002310B50B4C82B02F
:1047F80001AA02212046019300F042FB019A0221FE
:10480800204600F08DFB0221204600F029FB044AD7
:1048180013680133136002B010BD00BF00200360AD
:1048280028F4012030B5002483B00DF103010120E4
:104838008DF8034000F048FB01209DF8031000F0BC
:104848007FFB9DF803300BB903B030BD174D02E074
:10485800012000F06DFB032001A9019400F058FB32
:10486800019B2B60002BEFD0012000F041FB0028BA
:10487800EED10F4B1B68A3B1286850F8041B98476A
:10488800044602E0012000F053FB032000F030FB57
:104898000028F7D12146062000F01EFB032000F077
:1048A80043FB012000F040FB03B030BD5CF9012060
:1048B80050F90120B0F1A04F10B5044602D0094BC1
:1048C80098420CD1084AFF21204600F0F5FA38B981
:1048D8002046BDE81040044AFF2100F0EDBA01204F
:1048E80010BD00BF001000500007010038B5044695
:1048F8000D46FFF7DFFF28B929462046BDE83840B6
:1049080000F0D6BA38BD38B504460D46FFF7D2FFD9
:1049180028B929462046BDE8384000F0E5BA38BD38
:1049280038B504460D46FFF7C5FF28B92946204685
:10493800BDE8384000F000BB38BD38B504460D4628
:10494800FFF7B8FF28B929462046BDE8384000F0EF
:10495800BFBA38BD38B504460D46FFF7ABFF28B9D6
:1049680029462046BDE8384000F0C6BA38BD10B523
:104978000446FFF79FFF20B92046BDE8104000F02D
:10498800BFBA10BD38B504460D46FFF793FF28B9E6
:1049980029462046BDE8384000F086BA38BDB0F157
:1049A800A04F2DE9F84305460E4602D0234B984206
:1049B8003ED1002E3CD02846FFF77CFF002838D196
:1049C8001F4A2049284600F077FA90BB1027044672
:1049D800B94641F28738AB68DB061AD5042F3B4647
:1049E800314628BF04232868C6EB46740A19D2004A
:1049F80020FA02F201F8012B8A1B92B29342F5D8F1
:104A080000245A1E92B20132FF1A1644BFB2C5F8EA
:104A18001090013444450ED8012000F089FA002F87
:104A2800D9D12846BDE8F84341F2883100F074BA7C
:104A38000120BDE8F8830320FBE700BF0010005009
:104A48001F070F004B00800310B50446FFF732FF25
:104A580028B92046BDE81040032100F005BA10BD72
:104A680010B50446FFF726FF20B92046BDE81040E0
:104A780000F002BA10BD002337B5B0F1A04F0446CC
:104A88000D46ADF8063002D0164B984228D10DF1EC
:104A980006012046FFF72AFF00BBBDF80630AD002F
:104AA80023F4804305F07C0523F07C031D434FF479
:104AB800E06206212046ADF8065000F0FDF968B91D
:104AC800BDF80630084A63600849204600F0F4F94A
:104AD80020B943F69821204600F01EFA03B030BDF5
:104AE8000120FBE70010005000070100010000054D
:104AF8002DE9F04104460D4616461F46FFF7DAFE3B
:104B080038B93B46324629462046BDE8F04100F018
:104B1800FBB9BDE8F08138B504460D46FFF7CAFE7B
:104B280028B929462046BDE8384000F0B5B938BD57
:104B38002DE9F04704460D4616461F469DF820808D
:104B4800BDF82490FFF7B6FE48B9CDE908893B4681
:104B5800324629462046BDE8F04700F0B1B9BDE825
:104B6800F0872DE9F04104460D4616461F469DF88C
:104B78001880FFF79FFE48B9CDF818803B463246AB
:104B880029462046BDE8F04100F07EB9BDE8F08135
:104B9800B0F1A04F2DE9F8430446894615461F4653
:104BA80002D0284B984247D1EFF3108872B6264BB3
:104BB80003216366254B2046E3650523236600F041
:104BC80057F94FF4E06206460621204600F074F9D2
:104BD800A36D064343F00103A3650123F6B2A36660
:104BE800B9F1030F2BD8DFE809F0021B1F232D02B0
:104BF8001749E564174A204600F05EF93043C0B211
:104C080088F31088C8B9236FDB07FCD4A36D394635
:104C180023F00103A3652046BDE8F84300F07CB902
:104C28002D03E5640C49E5E7ED03E5640B49E1E78D
:104C38002D04E5640A49DDE70120BDE8F88310206A
:104C4800FBE700BF00100050A008C80C2000C800F7
:104C58008100000317070200200000035200000330
:104C6800D80000032DE9F74FB0F1A04F04468A465B
:104C780017461D469DF83060BDF8348003D05C4B64
:104C8800984240F0B180002D00F0AE80002F00F077
:104C9800AB8055FA8AF3B3F5807F00F2A580EFF375
:104CA8001083019372B6534B4FF4E0626366524B24
:104CB8000621E36505232046236600F0FDF8A36D71
:104CC800022E43F00103A3654FF001038146A3665A
:104CD8005DD0032E61D0002E65D12A04A2F578425A
:104CE8004649E93A0020042D2E46BE4628BF042630
:104CF80003461EF801CB4FEAC00B0CFA0BFC01303F
:104D080043EA0C031FFA80FC6645F2D8701E80B295
:104D18000130C4F84CA007446360204600F0CCF88A
:104D280049EA00095FFA89F9AE1B41F2883A4D4613
:104D38004FF0020BB6B216B3C4F810B0A16811F068
:104D4800020117D1042E3346BC4628BF04230A4665
:104D58001CF8010B4FEAC10E00FA0EF001310243B4
:104D680088B29842F4D3591E89B20131F61A0F4419
:104D7800B6B26260BAF1010A18D149F00305019B85
:104D880083F31088B5B1E8B203B0BDE8F08F2A0408
:104D9800A2F57842E93A1A49A4E72A04A2F578422A
:104DA800E93A18499EE7002211469BE7012000F0E6
:104DB800BFF8C0E7236FDA07FCD441F28835A36D4A
:104DC80023F00103A365D4F8A430DB0706D44146D9
:104DD800204603B0BDE8F04F00F09EB8013D05D075
:104DE800012000F0A5F8EEE70120CDE70320CBE78E
:104DF80000100050A008C80C4001C8000200400381
:104E0800A2004203320043032DE9F74F9DB28246C8
:104E1800884617469DF83090BDF834B0EDB1E2B140
:104E2800494600F025F8064698B95FFA88F4C4F5B3
:104E38008074A4B2AC4288BFACB23A464146CDE9D0
:104E4800009B23465046FFF70DFF2D1BA044274427
:104E5800EBD1304603B0BDE8F08F0126F9E700BF7B
:104E68005FF800F0D1C300005FF800F07988000017
:104E78005FF800F0C18D00005FF800F0A58D00001C
:104E88005FF800F0C5CD00005FF800F09D8A0000D3
:104E98005FF800F0697A00005FF800F00188000010
:104EA8005FF800F01D7300005FF800F075890000DE
:104EB8005FF800F0818B00005FF800F0458E00007D
:104EC8005FF800F0D99000005FF800F03DC20000E4
:104ED8005FF800F00D8D00005FF800F0B9C3000026
:104EE8005FF800F0295D00005FF800F0999200007B
:104EF8005FF800F0CDC200005FF800F0F58F000009
:104F08005FF800F03D8900005FF800F0A18800001C
:104F18005FF800F03DC300005FF800F099900000D2
:104F28005FF800F035C400005FF800F061C30000CE
:104F38005FF800F0814700005FF800F0758C000012
:084F48005FF800F09DC00000BD
:104F5000FF000000C3F31000FC090110040A011057
:104F600001000000100A011009000000C00000004C
:104F70002000000006000000C0000000000000004B
:104F80000000000000000000713DBC41E9FE294224
:104F90000100000094F0012001000000840A0110CB
:104FA00001000000640A0110010206001C0A011041
:104FB0000800000004000700D0F0012001000000FC
:104FC00000000000000000C30000803B0100000062
:104FD00007000000A00A011001010100A40A01104D
:104FE0000000000006000000C00000009542001014
:104FF000B8F00120C8F00120060000000100000008
:105000000000000000000000060000000100000099
:10501000060000000000803F0001020304050000BC
:10502000440A0110480A01104C0A0110500A0110EC
:10503000540A0110580A01105C0A01106E6F6E6567
:105040000000000000000000000000000000000060
:105050000000000000000000000000000000000050
:105060000000000000000000000000000000000040
:105070000000000000000000000000000000000030
:105080000000000000000000000000006E6F6E6570
:105090000000000000000000000000000000000010
:1050A0000000000000000000000000000000000000
:1050B00000000000000000000000000000000000F0
:1050C0000000000000000000000000007C590110FA
:1050D000745901107C59011000000000000000000C
:1050E00088590110000000000000000000000000CE
:1050F000000000004C590110445901104C59011096
:1051000000000000000000005C59011000000000D9
:105110000000000000000000000000001459011011
:105120000C5901101459011000000000000000008B
:105130001C590110000000000000000000000000E9
:1051400000000000DC580110D4580110DC58011098
:105150000000000000000000E858011000000000FE
:10516000000000000000000000000000C058011016
:10517000B8580110C05801100000000000000000E5
:10518000D0580110000000000000000000000000E6
:1051900000000000AC580110A4580110AC580110D8
:1051A0000000000000000000B458011000000000E2
:1051B00000000000000000000000000002090000E4
:1051C000000000002C010210C000000001000000DF
:1051D000100102100102000000010210F000021094
:1051E00010000000000000000000000001020000AC
:1051F000E8000210DC0002100800000000000000BF
:105200000000000001020000C0000210AC0002100B
:105210001C000000010000009000021001090000C5
:10522000D05D0110C45D0110C0A2000001000000AB
:10523000B05D011001020000305D0110245D01101D
:105240008000000001000000105C01100109000056
:10525000F05A0110DC5A011020010000010000008A
:105260004C5A01100209000000000000385A0110D9
:10527000C00000000100000010010210020900003F
:1052800000000000245A0110001800000100000076
:10529000085A01100209000000000000F459011032
:1052A0004017000001000000085A01100209000028
:1052B00000000000E8590110401700000100000044
:1052C000085A01100209000000000000DC5901101A
:1052D0000700000001000000C05901100209000091
:1052E00000000000DC590110070000000100000070
:1052F000AC590110A8F3012000000000D8FC0120E7
:1053000040FD0120A8FD0120000000000000000079
:10531000000000000000000000000000000000008D
:10532000000000000000000000000000000000007D
:10533000000000000000000000000000000000006D
:10534000000000000000000003000000D8FC012065
:04000005100031C1F5
:00000001FF
