:020000041000EA
:100000004B2A110200000000A4030000EEC3A6E981
:100010007EEEE78880B500F087F90020002100F02F
:100020000DF8292000F00FF8202000F011F800F062
:1000300033F900F013F800F025F980BD4CF2B93C1B
:10004000C0F2000C604747F67D1CC0F2000C604710
:1000500047F6D12CC0F2000C6047000080B54FF08D
:10006000A040012100F075F900060BD1032000F03B
:1000700075F9000606D1012000F075F9000604BFED
:10008000002080BD00F074F94FF47A7000F075F92B
:10009000012080BD2DE9F04381B019B343F2B83897
:1000A0000F4606464FF0FF344FF00009C2F2000839
:1000B0003D46B7F5807F28BF4FF480754FF0A040D4
:1000C000314642462B46CDF8009000F05BF960B90E
:1000D00040462946224600F05AF904467F1B2E442A
:1000E000E6D103E04FF0FF3400E00124204601B0E8
:1000F000BDE8F08310B582B004464FF0000C4FF01D
:10010000A0404FF4805122462023CDF800C000F0DB
:1001100039F9000622D120461C214FF0FF3200F0B1
:1001200036F9E169814219D1E078112816D1A07819
:10013000022813D1E168B1F5002F0FD8606846F2AC
:100140007872C4F26A72904208D1A068FFF7A2FFE9
:100150002169401A18BF012002B010BD012002B071
:1001600010BD00002DE9F0410C4605460E184FF079
:100170000008B4F5803F07D3A8B228B94FF4803700
:100180000321102021E000BFB4F5004F08D328461A
:100190006FF3DF3020B94FF4004702210F2014E045
:1001A00029466FF31F31200BB1FA81F1B8EB143FF0
:1001B00018BF0120490901404FF008004FF4807733
:1001C00018BF0C2018BF4FF4805725FA00F082B2F8
:1001D0004FF0A04047F2305300F0DEF800060BD19C
:1001E0003D44B542A4EB070424BF0020BDE8F081E4
:1001F000B4F5803FC0D2C7E700F0BAF84FF47A7088
:1002000000F0BBF80120BDE8F08100002DE9F047C7
:1002100082B04FF000098AB343F2B83814460E4654
:100220000746C2F2000840F6B83A00BF2546B4F5CA
:10023000807F28BF4FF480754FF0A040394642467A
:100240002B46CDF8009000F09DF890B94FF0A040FB
:10025000314642462B46CDF80090CDF804A000F080
:10026000A0F848B92F44641B2E44DFD14FF0000999
:1002700004E04FF0010901E04FF00109484602B0E7
:10028000BDE8F08780B542F20400C1F200000068CA
:1002900000F08CF880BD0000B0B588B06846FFF76C
:1002A00029FF08B101243CE0DDE90501FFF75AFF11
:1002B00038B100F05DF84FF47A7000F05EF8012478
:1002C0002FE0DDE902020599FFF7A0FF38B100F049
:1002D0004FF84FF47A7000F050F8012421E00399B0
:1002E0000598FFF7D7FE0499884213D14FF0A0403C
:1002F0000021102247F23053002400F04DF805464B
:1003000000F036F828060CD04FF47A7000F035F87B
:10031000012406E000F02CF84FF47A7000F02DF87C
:100320000124204608B0B0BDEC20C6F205000168EB
:100330007F2221F002010160016821F004010160C7
:100340006FF0030143180431342943F8D82CF9D154
:10035000704748F6F57CC0F2000C604747F2613CFC
:10036000C0F2000C604747F21D3CC0F2000C604731
:1003700047F6717CC0F2000C604744F2717CC0F219
:10038000000C604748F69D2CC0F2000C604744F218
:10039000C17CC0F2000C604748F6A10CC0F2000C12
:1003A000604749F2D90CC0F2000C604744F62D0CAE
:1003B000C0F2000C604700000000000000000000D8
:1003C000000000000000000000000000000000002D
:1003D000000000000000000000000000000000001D
:1003E000000000000000000000000000000000000D
:1003F00000000000000000000000000000000000FD
:1004000000000000000000000000000000000000EC
:1004100000000000000000000000000000000000DC
:1004200000000000000000000000000000000000CC
:1004300000000000000000000000000000000000BC
:1004400000000000000000000000000000000000AC
:10045000000000000000000000000000000000009C
:10046000000000000000000000000000000000008C
:10047000000000000000000000000000000000007C
:10048000000000000000000000000000000000006C
:10049000000000000000000000000000000000005C
:1004A000000000000000000000000000000000004C
:1004B000000000000000000000000000000000003C
:1004C000000000000000000000000000000000002C
:1004D000000000000000000000000000000000001C
:1004E000000000000000000000000000000000000C
:1004F00000000000000000000000000000000000FC
:1005000000000000000000000000000000000000EB
:1005100000000000000000000000000000000000DB
:1005200000000000000000000000000000000000CB
:1005300000000000000000000000000000000000BB
:1005400000000000000000000000000000000000AB
:10055000000000000000000000000000000000009B
:10056000000000000000000000000000000000008B
:10057000000000000000000000000000000000007B
:10058000000000000000000000000000000000006B
:10059000000000000000000000000000000000005B
:1005A000000000000000000000000000000000004B
:1005B000000000000000000000000000000000003B
:1005C000000000000000000000000000000000002B
:1005D000000000000000000000000000000000001B
:1005E000000000000000000000000000000000000B
:1005F00000000000000000000000000000000000FB
:1006000000000000000000000000000000000000EA
:1006100000000000000000000000000000000000DA
:1006200000000000000000000000000000000000CA
:1006300000000000000000000000000000000000BA
:1006400000000000000000000000000000000000AA
:10065000000000000000000000000000000000009A
:10066000000000000000000000000000000000008A
:10067000000000000000000000000000000000007A
:10068000000000000000000000000000000000006A
:10069000000000000000000000000000000000005A
:1006A000000000000000000000000000000000004A
:1006B000000000000000000000000000000000003A
:1006C000000000000000000000000000000000002A
:1006D000000000000000000000000000000000001A
:1006E000000000000000000000000000000000000A
:1006F00000000000000000000000000000000000FA
:1007000000000000000000000000000000000000E9
:1007100000000000000000000000000000000000D9
:1007200000000000000000000000000000000000C9
:1007300000000000000000000000000000000000B9
:1007400000000000000000000000000000000000A9
:100750000000000000000000000000000000000099
:100760000000000000000000000000000000000089
:100770000000000000000000000000000000000079
:100780000000000000000000000000000000000069
:100790000000000000000000000000000000000059
:1007A0000000000000000000000000000000000049
:1007B0000000000000000000000000000000000039
:1007C0000000000000000000000000000000000029
:1007D0000000000000000000000000000000000019
:1007E0000000000000000000000000000000000009
:1007F00000000000000000000000000000000000F9
:1008000000000000000000000000000000000000E8
:1008100000000000000000000000000000000000D8
:1008200000000000000000000000000000000000C8
:1008300000000000000000000000000000000000B8
:1008400000000000000000000000000000000000A8
:100850000000000000000000000000000000000098
:100860000000000000000000000000000000000088
:100870000000000000000000000000000000000078
:100880000000000000000000000000000000000068
:100890000000000000000000000000000000000058
:1008A0000000000000000000000000000000000048
:1008B0000000000000000000000000000000000038
:1008C0000000000000000000000000000000000028
:1008D0000000000000000000000000000000000018
:1008E0000000000000000000000000000000000008
:1008F00000000000000000000000000000000000F8
:1009000000000000000000000000000000000000E7
:1009100000000000000000000000000000000000D7
:1009200000000000000000000000000000000000C7
:1009300000000000000000000000000000000000B7
:1009400000000000000000000000000000000000A7
:100950000000000000000000000000000000000097
:100960000000000000000000000000000000000087
:100970000000000000000000000000000000000077
:100980000000000000000000000000000000000067
:100990000000000000000000000000000000000057
:1009A0000000000000000000000000000000000047
:1009B0000000000000000000000000000000000037
:1009C0000000000000000000000000000000000027
:1009D0000000000000000000000000000000000017
:1009E0000000000000000000000000000000000007
:1009F00000000000000000000000000000000000F7
:100A000000000000000000000000000000000000E6
:100A100000000000000000000000000000000000D6
:100A200000000000000000000000000000000000C6
:100A300000000000000000000000000000000000B6
:100A400000000000000000000000000000000000A6
:100A50000000000000000000000000000000000096
:100A60000000000000000000000000000000000086
:100A70000000000000000000000000000000000076
:100A80000000000000000000000000000000000066
:100A90000000000000000000000000000000000056
:100AA0000000000000000000000000000000000046
:100AB0000000000000000000000000000000000036
:100AC0000000000000000000000000000000000026
:100AD0000000000000000000000000000000000016
:100AE0000000000000000000000000000000000006
:100AF00000000000000000000000000000000000F6
:100B000000000000000000000000000000000000E5
:100B100000000000000000000000000000000000D5
:100B200000000000000000000000000000000000C5
:100B300000000000000000000000000000000000B5
:100B400000000000000000000000000000000000A5
:100B50000000000000000000000000000000000095
:100B60000000000000000000000000000000000085
:100B70000000000000000000000000000000000075
:100B80000000000000000000000000000000000065
:100B90000000000000000000000000000000000055
:100BA0000000000000000000000000000000000045
:100BB0000000000000000000000000000000000035
:100BC0000000000000000000000000000000000025
:100BD0000000000000000000000000000000000015
:100BE0000000000000000000000000000000000005
:100BF00000000000000000000000000000000000F5
:100C000000000000000000000000000000000000E4
:100C100000000000000000000000000000000000D4
:100C200000000000000000000000000000000000C4
:100C300000000000000000000000000000000000B4
:100C400000000000000000000000000000000000A4
:100C50000000000000000000000000000000000094
:100C60000000000000000000000000000000000084
:100C70000000000000000000000000000000000074
:100C80000000000000000000000000000000000064
:100C90000000000000000000000000000000000054
:100CA0000000000000000000000000000000000044
:100CB0000000000000000000000000000000000034
:100CC0000000000000000000000000000000000024
:100CD0000000000000000000000000000000000014
:100CE0000000000000000000000000000000000004
:100CF00000000000000000000000000000000000F4
:100D000000000000000000000000000000000000E3
:100D100000000000000000000000000000000000D3
:100D200000000000000000000000000000000000C3
:100D300000000000000000000000000000000000B3
:100D400000000000000000000000000000000000A3
:100D50000000000000000000000000000000000093
:100D60000000000000000000000000000000000083
:100D70000000000000000000000000000000000073
:100D80000000000000000000000000000000000063
:100D90000000000000000000000000000000000053
:100DA0000000000000000000000000000000000043
:100DB0000000000000000000000000000000000033
:100DC0000000000000000000000000000000000023
:100DD0000000000000000000000000000000000013
:100DE0000000000000000000000000000000000003
:100DF00000000000000000000000000000000000F3
:100E000000000000000000000000000000000000E2
:100E100000000000000000000000000000000000D2
:100E200000000000000000000000000000000000C2
:100E300000000000000000000000000000000000B2
:100E400000000000000000000000000000000000A2
:100E50000000000000000000000000000000000092
:100E60000000000000000000000000000000000082
:100E70000000000000000000000000000000000072
:100E80000000000000000000000000000000000062
:100E90000000000000000000000000000000000052
:100EA0000000000000000000000000000000000042
:100EB0000000000000000000000000000000000032
:100EC0000000000000000000000000000000000022
:100ED0000000000000000000000000000000000012
:100EE0000000000000000000000000000000000002
:100EF00000000000000000000000000000000000F2
:100F000000000000000000000000000000000000E1
:100F100000000000000000000000000000000000D1
:100F200000000000000000000000000000000000C1
:100F300000000000000000000000000000000000B1
:100F400000000000000000000000000000000000A1
:100F50000000000000000000000000000000000091
:100F60000000000000000000000000000000000081
:100F70000000000000000000000000000000000071
:100F80000000000000000000000000000000000061
:100F90000000000000000000000000000000000051
:100FA0000000000000000000000000000000000041
:100FB0000000000000000000000000000000000031
:100FC0000000000000000000000000000000000021
:100FD0000000000000000000000000000000000011
:100FE0000000000000000000000000000000000001
:100FF00000000000000000000000000000000000F1
:1020000000700220993200100533001017330010C1
:10201000293300102933001029330010000000007C
:10202000000000000000000000000000D1020000DD
:102030002933001000000000750300008103000038
:1020400029330010293300102933001029330010E0
:1020500029330010293300102933001029330010D0
:1020600029330010293300102933001029330010C0
:10207000293300102933001085B6001089B60010EE
:102080008DB60010293300102933001029330010B9
:102090002933001029330010293300102933001090
:1020A0002933001029330010293300102933001080
:1020B0002933001029330010293300102933001070
:1020C0002933001029330010293300102933001060
:1020D00091B6001029330010293300102933001065
:1020E0002933001029330010293300102933001040
:1020F0002933001029330010293300102933001030
:10210000293300102933001029330010293300101F
:10211000293300102933001029330010293300100F
:0C2120002933001029330010293300106F
:10212C0010F8012B11F8013B012A28BF9A42F7D075
:10213C00D01A7047034613F8012B002AFBD1181A4A
:10214C000138704781F0004102E000BF83F000438A
:10215C0030B54FEA41044FEA430594EA050F08BF36
:10216C0090EA020F1FBF54EA000C55EA020C7FEAFA
:10217C00645C7FEA655C00F0E2804FEA5454D4EB77
:10218C005555B8BF6D420CDD2C4480EA020281EA41
:10219C00030382EA000083EA010180EA020281EA79
:1021AC000303362D88BF30BD11F0004F4FEA0131CB
:1021BC004FF4801C4CEA113102D0404261EB4101DA
:1021CC0013F0004F4FEA03334CEA133302D0524260
:1021DC0063EB430394EA050F00F0A780A4F101041C
:1021EC00D5F1200E0DDB02FA0EFC22FA05F2801856
:1021FC0041F1000103FA0EF2801843FA05F359413C
:10220C000EE0A5F120050EF1200E012A03FA0EFCBA
:10221C0028BF4CF0020C43FA05F3C01851EBE371E4
:10222C0001F0004507D54FF0000EDCF1000C7EEB01
:10223C0000006EEB0101B1F5801F1BD3B1F5001F3F
:10224C000CD349085FEA30004FEA3C0C04F101045E
:10225C004FEA445212F5800F80F09A80BCF1004F87
:10226C0008BF5FEA500C50F1000041EB045141EA09
:10227C00050130BD5FEA4C0C404141EB0101013CD2
:10228C0028BFB1F5801FE9D291F0000F04BF0146C1
:10229C000020B1FA81F308BF2033A3F10B03B3F193
:1022AC0020020CDA0C3208DD02F1140CC2F10C0223
:1022BC0001FA0CF021FA02F10CE002F11402D8BF81
:1022CC00C2F1200C01FA02F120FA0CFCDCBF41EA4D
:1022DC000C019040E41AA2BF01EB0451294330BD1C
:1022EC006FEA04041F3C1CDA0C340EDC04F11404F9
:1022FC00C4F1200220FA04F001FA02F340EA0300D0
:10230C0021FA04F345EA030130BDC4F10C04C4F115
:10231C00200220FA02F001FA04F340EA03002946F5
:10232C0030BD21FA04F0294630BD94F0000F83F43F
:10233C00801306BF81F480110134013D4EE77FEA22
:10234C00645C18BF7FEA655C29D094EA050F08BF6E
:10235C0090EA020F05D054EA000C04BF194610464F
:10236C0030BD91EA030F1EBF0021002030BD5FEA93
:10237C00545C05D14000494128BF41F0004130BDBB
:10238C0014F580043CBF01F5801130BD01F000450F
:10239C0045F0FE4141F470014FF0000030BD7FEA82
:1023AC00645C1ABF194610467FEA655C1CBF0B467D
:1023BC00024650EA013406BF52EA033591EA030F94
:1023CC0041F4002130BD00BF90F0000F04BF00218C
:1023DC00704730B54FF4806404F132044FF00005BF
:1023EC004FF0000150E700BF90F0000F04BF002138
:1023FC00704730B54FF4806404F1320410F000459E
:10240C0048BF40424FF000013EE700BF42004FEA98
:10241C00E2014FEA31014FEA02701FBF12F07F4315
:10242C0093F07F4F81F06051704732F07F4208BFCC
:10243C00704793F07F4F04BF41F40021704730B5D3
:10244C004FF4607401F0004521F000411CE700BF1F
:10245C0050EA010208BF704730B54FF000050AE0A2
:10246C0050EA010208BF704730B511F0004502D5A3
:10247C00404261EB41014FF4806404F132045FEAA5
:10248C00915C3FF4D8AE4FF003025FEADC0C18BF4E
:10249C0003325FEADC0C18BF033202EBDC02C2F140
:1024AC00200300FA03FC20FA02F001FA03FE40EAD2
:1024BC000E0021FA02F11444BDE600BF70B54FF0D6
:1024CC00FF0C4CF4E06C1CEA11541DBF1CEA1355B4
:1024DC0094EA0C0F95EA0C0F00F0DEF82C4481EA1C
:1024EC00030621EA4C5123EA4C5350EA013518BF3C
:1024FC0052EA033541F4801143F4801338D0A0FB29
:10250C0002CE4FF00005E1FB02E506F00042E0FBD5
:10251C0003E54FF00006E1FB03569CF0000F18BFDB
:10252C004EF0010EA4F1FF04B6F5007F64F5407483
:10253C0004D25FEA4E0E6D4146EB060642EAC62116
:10254C0041EA55514FEAC52040EA5E504FEACE2E83
:10255C00B4F1FD0C88BFBCF5E06F1ED8BEF1004F86
:10256C0008BF5FEA500E50F1000041EB045170BD02
:10257C0006F0004646EA010140EA020081EA030146
:10258C00B4EB5C04C2BFD4EB0C0541EA045170BD42
:10259C0041F480114FF0000E013C00F3AB8014F1BC
:1025AC00360FDEBF002001F0004170BDC4F1000405
:1025BC00203C35DA0C341BDC04F11404C4F1200586
:1025CC0000FA05F320FA04F001FA05F240EA0200E1
:1025DC0001F0004221F0004110EBD37021FA04F617
:1025EC0042EB06015EEA430E08BF20EAD37070BDD1
:1025FC00C4F10C04C4F1200500FA04F320FA05F030
:10260C0001FA04F240EA020001F0004110EBD37031
:10261C0041F100015EEA430E08BF20EAD37070BDA1
:10262C00C4F1200500FA05F24EEA020E20FA04F37A
:10263C0001FA05F243EA020321FA04F001F0004129
:10264C0021FA04F220EA020000EBD3705EEA430E9A
:10265C0008BF20EAD37070BD94F0000F0FD101F0C9
:10266C000046400041EB010111F4801F08BF013C02
:10267C00F7D041EA060195F0000F18BF704703F040
:10268C000046520043EB030313F4801F08BF013DC7
:10269C00F7D043EA0603704794EA0C0F0CEA135583
:1026AC0018BF95EA0C0F0CD050EA410618BF52EA3D
:1026BC004306D1D181EA030101F000414FF0000043
:1026CC0070BD50EA410606BF1046194652EA430651
:1026DC0019D094EA0C0F02D150EA013613D195EAC5
:1026EC000C0F05D152EA03361CBF104619460AD10D
:1026FC0081EA030101F0004141F0FE4141F4700117
:10270C004FF0000070BD41F0FE4141F4780170BD06
:10271C0070B54FF0FF0C4CF4E06C1CEA11541DBF6B
:10272C001CEA135594EA0C0F95EA0C0F00F0A7F86D
:10273C00A4EB050481EA030E52EA03354FEA01319A
:10274C0000F088804FEA03334FF0805545EA1313AD
:10275C0043EA12634FEA022245EA111545EA106575
:10276C004FEA00260EF000419D4208BF964244F10C
:10277C00FD0404F5407402D25B084FEA3202B61A2B
:10278C0065EB03055B084FEA32024FF480104FF4FF
:10279C00002CB6EB020E75EB030E22BFB61A754673
:1027AC0040EA0C005B084FEA3202B6EB020E75EB06
:1027BC00030E22BFB61A754640EA5C005B084FEA6E
:1027CC003202B6EB020E75EB030E22BFB61A75463B
:1027DC0040EA9C005B084FEA3202B6EB020E75EB46
:1027EC00030E22BFB61A754640EADC0055EA060E07
:1027FC0018D04FEA051545EA16754FEA06164FEA4A
:10280C00C30343EA52734FEAC2025FEA1C1CC0D1F5
:10281C0011F4801F0BD141EA00014FF000004FF082
:10282C00004CB6E711F4801F04BF01430020B4F143
:10283C00FD0C88BFBCF5E06F3FF6AFAEB5EB030CFB
:10284C0004BFB6EB020C5FEA500C50F1000041EBF8
:10285C00045170BD0EF0004E4EEA113114EB5C04C5
:10286C00C2BFD4EB0C0541EA045170BD41F4801198
:10287C004FF0000E013C90E645EA060E8DE60CEAA0
:10288C00135594EA0C0F08BF95EA0C0F3FF43BAFBD
:10289C0094EA0C0F0AD150EA01347FF434AF95EA74
:1028AC000C0F7FF425AF104619462CE795EA0C0F58
:1028BC0006D152EA03353FF4FDAE1046194622E725
:1028CC0050EA410618BF52EA43067FF4C5AE50EAFF
:1028DC0041047FF40DAF52EA43057FF4EBAE12E7EF
:1028EC004FF0FF3C06E000BF4FF0010C02E000BFD0
:1028FC004FF0010C4DF804CD4FEA410C7FEA6C5CB3
:10290C004FEA430C18BF7FEA6C5C1BD001B050EA55
:10291C00410C0CBF52EA430C91EA030F02BF90EA40
:10292C00020F0020704710F1000F91EA030F58BFFF
:10293C00994208BF90422CBFD8176FEAE37040F061
:10294C00010070474FEA410C7FEA6C5C02D150EAFF
:10295C00013C07D14FEA430C7FEA6C5CD6D152EABA
:10296C00033CD3D05DF8040B704700BF844610467F
:10297C0062468C461946634600E000BF01B5FFF77E
:10298C00B7FF002848BF10F1000F01BD4DF808ED4E
:10299C00FFF7F4FF0CBF012000205DF808FB00BF1F
:1029AC004DF808EDFFF7EAFF34BF012000205DF879
:1029BC0008FB00BF4DF808EDFFF7E0FF94BF0120C6
:1029CC0000205DF808FB00BF4DF808EDFFF7CEFFC7
:1029DC0094BF012000205DF808FB00BF4DF808ED06
:1029EC00FFF7C4FF34BF012000205DF808FB00BFD7
:1029FC004FEA410C7FEA6C5C02D150EA013C0AD1EF
:102A0C004FEA430C7FEA6C5C02D152EA033C02D1E0
:102A1C004FF0000070474FF0010070474FEA410241
:102A2C0012F5001215D211D56FF47873B3EB625214
:102A3C0012D94FEAC12343F0004343EA505311F03B
:102A4C00004F23FA02F018BF404270474FF00000CD
:102A5C00704750EA013005D111F0004008BF6FF00B
:102A6C00004070474FF00000704700BF4A0011D281
:102A7C0012F5001211D20DD56FF47873B3EB6252CC
:102A8C000ED44FEAC12343F0004343EA505323FAD8
:102A9C0002F070474FF00000704750EA013002D14D
:102AAC004FF0FF3070474FF0000070474FEA410283
:102ABC00B2F1E04324BFB3F5001CDCF1FE5C0DD990
:102ACC0001F0004C4FEAC0024CEA5070B2F1004FDA
:102ADC0040EB830008BF20F00100704711F0804FDD
:102AEC0021D113F13872BCBF01F00040704741F4A2
:102AFC0080114FEA5252C2F11802C2F1200C10FAA6
:102B0C000CF320FA02F018BF40F001004FEAC12389
:102B1C004FEAD32303FA0CFC40EA0C0023FA02F32D
:102B2C004FEA4303CCE77FEA625307D150EA013303
:102B3C001EBF4FF0FE4040F44000704701F00040D3
:102B4C0040F0FE4040F40000704700BF80F00040B1
:102B5C0002E000BF81F0004142001FBF5FEA410369
:102B6C0092EA030F7FEA226C7FEA236C6AD04FEA69
:102B7C001262D2EB1363C1BFD218414048404140AE
:102B8C00B8BF5B42192B88BF704710F0004F40F460
:102B9C00000020F07F4018BF404211F0004F41F47C
:102BAC00000121F07F4118BF494292EA030F3FD048
:102BBC00A2F1010241FA03FC10EB0C00C3F120035B
:102BCC0001FA03F100F0004302D5494260EB4000EA
:102BDC00B0F5000F13D3B0F1807F06D340084FEA55
:102BEC00310102F10102FE2A51D2B1F1004F40EB4A
:102BFC00C25008BF20F0010040EA030070474900B2
:102C0C0040EB0000013A28BFB0F5000FEDD2B0FA4E
:102C1C0080FCACF1080CB2EB0C0200FA0CF0AABF71
:102C2C0000EBC25052421843BCBFD040184370470F
:102C3C0092F0000F81F4000106BF80F40000013215
:102C4C00013BB5E74FEA41037FEA226C18BF7FEAEC
:102C5C00236C21D092EA030F04D092F0000F08BF2E
:102C6C000846704790EA010F1CBF0020704712F015
:102C7C007F4F04D1400028BF40F00040704712F154
:102C8C0000723CBF00F50000704700F0004343F0B9
:102C9C00FE4040F4000070477FEA226216BF0846EF
:102CAC007FEA23630146420206BF5FEA412390EAB2
:102CBC00010F40F4800070474FF0000304E000BFA8
:102CCC0010F0004348BF40425FEA000C08BF704759
:102CDC0043F0964301464FF000001CE050EA01021D
:102CEC0008BF70474FF000030AE000BF50EA010232
:102CFC0008BF704711F0004302D5404261EB41011F
:102D0C005FEA010C02BF84460146002043F0B64343
:102D1C0008BFA3F18053A3F50003BCFA8CF2083A68
:102D2C00A3EBC25310DB01FA02FC634400FA02FC71
:102D3C00C2F12002BCF1004F20FA02F243EB020078
:102D4C0008BF20F00100704702F1200201FA02FCDA
:102D5C00C2F1200250EA4C0021FA02F243EB0200CD
:102D6C0008BF20EADC7070474FF0FF0C1CEAD05211
:102D7C001EBF1CEAD15392EA0C0F93EA0C0F6FD0D2
:102D8C001A4480EA010C400218BF5FEA41211ED0B0
:102D9C004FF0006343EA501043EA5111A0FB01319C
:102DAC000CF00040B1F5000F3EBF490041EAD37171
:102DBC005B0040EA010062F17F02FD2A1DD8B3F1ED
:102DCC00004F40EBC25008BF20F00100704790F05C
:102DDC00000F0CF0004C08BF49024CEA502040EAAE
:102DEC0051207F3AC2BFD2F1FF0340EAC250704774
:102DFC0040F400004FF00003013A5DDC12F1190FB2
:102E0C00DCBF00F000407047C2F10002410021FA23
:102E1C0002F1C2F1200200FA02FC5FEA310040F13B
:102E2C00000053EA4C0308BF20EADC70704792F0B4
:102E3C00000F00F0004C02BF400010F4000F013AEC
:102E4C00F9D040EA0C0093F0000F01F0004C02BFE7
:102E5C00490011F4000F013BF9D041EA0C018FE756
:102E6C000CEAD15392EA0C0F18BF93EA0C0F0AD05C
:102E7C0030F0004C18BF31F0004CD8D180EA010082
:102E8C0000F00040704790F0000F17BF90F0004F1B
:102E9C00084691F0000F91F0004F14D092EA0C0FFD
:102EAC0001D142020FD193EA0C0F03D14B0218BF90
:102EBC00084608D180EA010000F0004040F0FE40D6
:102ECC0040F40000704740F0FE4040F44000704772
:102EDC004FF0FF0C1CEAD0521EBF1CEAD15392EAF1
:102EEC000C0F93EA0C0F69D0A2EB030280EA010CE1
:102EFC0049024FEA402037D04FF0805343EA11117A
:102F0C0043EA10130CF000408B4238BF5B0042F1D7
:102F1C007D024FF4000C8B4224BF5B1A40EA0C007C
:102F2C00B3EB510F24BFA3EB510340EA5C00B3EBAE
:102F3C00910F24BFA3EB910340EA9C00B3EBD10F9C
:102F4C0024BFA3EBD10340EADC001B0118BF5FEAEE
:102F5C001C1CE0D1FD2A3FF650AF8B4240EBC25017
:102F6C0008BF20F0010070470CF0004C4CEA5020D8
:102F7C007F32C2BFD2F1FF0340EAC250704740F427
:102F8C0000004FF00003013A37E792F0000F00F019
:102F9C00004C02BF400010F4000F013AF9D040EA97
:102FAC000C0093F0000F01F0004C02BF490011F42B
:102FBC00000F013BF9D041EA0C0195E70CEAD15323
:102FCC0092EA0C0F08D142027FF47DAF93EA0C0F0A
:102FDC007FF470AF084676E793EA0C0F04D14B02EE
:102FEC003FF44CAF08466EE730F0004C18BF31F0A0
:102FFC00004CCAD130F000427FF45CAF31F000439A
:10300C007FF43CAF5FE700BF4FF0FF3C06E000BF32
:10301C004FF0010C02E000BF4FF0010C4DF804CD55
:10302C004FEA40024FEA41037FEA226C18BF7FEA65
:10303C00236C11D001B052EA530C18BF90EA010F67
:10304C0058BFB2EB030088BFC81738BF6FEAE170F6
:10305C0018BF40F0010070477FEA226C02D15FEA92
:10306C00402C05D17FEA236CE4D15FEA412CE1D0FE
:10307C005DF8040B704700BF844608466146FFE7C5
:10308C000FB5FFF7C9FF002848BF10F1000F0FBDA7
:10309C004DF808EDFFF7F4FF0CBF012000205DF8A0
:1030AC0008FB00BF4DF808EDFFF7EAFF34BF012025
:1030BC0000205DF808FB00BF4DF808EDFFF7E0FFBE
:1030CC0094BF012000205DF808FB00BF4DF808ED0F
:1030DC00FFF7D2FF94BF012000205DF808FB00BF72
:1030EC004DF808EDFFF7C8FF34BF012000205DF854
:1030FC0008FB00BF4FEA40024FEA41037FEA226C13
:10310C0002D15FEA402C08D17FEA236C02D15FEA3E
:10311C00412C02D14FF0000070474FF00100704776
:10312C004FEA4002B2F1FE4F0FD34FF09E03B3EBC8
:10313C0012620DD94FEA002343F0004310F0004F08
:10314C0023FA02F018BF404270474FF0000070475E
:10315C0012F1610F01D1420205D110F0004008BFFD
:10316C006FF0004070474FF00000704742000ED2E5
:10317C00B2F1FE4F0BD34FF09E03B3EB126209D4A6
:10318C004FEA002343F0004323FA02F070474FF05C
:10319C000000704712F1610F01D1420202D14FF0D1
:1031AC00FF3070474FF00000704700BF7BB972B919
:1031BC000029BEBF00204FF0004106E008BF0028E8
:1031CC001CBF6FF000414FF0FF3000F03FB8ADF185
:1031DC00080C6DE904CE002909DB002B1ADB12F078
:1031EC0031FADDF804E0DDE9022304B07047404217
:1031FC0061EB4101002B1BDB12F024FADDF804E03B
:10320C00DDE9022304B0404261EB4101524263EB21
:10321C0043037047524263EB430312F013FADDF899
:10322C0004E0DDE9022304B0404261EB4101704748
:10323C00524263EB430312F005FADDF804E0DDE9DA
:10324C00022304B0524263EB43037047704700BF44
:10325C000A4B0B4A03F5967053F8041B834242F851
:10326C00041FF9D1074B084A9A605A6942F01002C0
:10327C005A615A6942F480725A61704700200010FA
:10328C00FC6F012000ED00E000700120244880F369
:10329C000888244880F30A8823488047002103E0EB
:1032AC00224B5B58435004312148224B42189A421E
:1032BC00F6D3002103E0204B5B58435004311F48E8
:1032CC001F4B42189A42F6D3002103E01D4B5B586A
:1032DC00435004311C481D4B42189A42F6D31C4AE9
:1032EC0002E00023136004321A4B9A42F9D310F017
:1032FC00FFF900F0B7FAFEE75FEA0E00EFF3088182
:10330C00EFF30982144B9847FEE75FEA0E00EFF3E8
:10331C000881EFF30982114B9847FEE7FEE70000A6
:10332C0000700220006002205D320010A09A011093
:10333C0000300020988B002038F60110007201201C
:10334C0068790120A0FD011000F001207CF501201E
:10335C007CF5012068FB0120793500109D350010AB
:10336C0070B51F4D82B02B68B3F1C04F2CD01D4AE5
:10337C0093421ED01C4E1D4C2D2012F053FB0C22E0
:10338C003168206812F06AFB08B102B070BD0222ED
:10339C003168206812F02EFB0028F6D1144A154B28
:1033AC00126869462868CDE9002312F063FB02B06D
:1033BC0070BD0D4E0D4C2C2012F034FB08223168E0
:1033CC00206812F04BFBDFE7074E084C2B2012F065
:1033DC0029FB04223168206812F040FBD4E700BFBF
:1033EC0084F501200004006090F5012080F5012097
:1033FC008CF501202130010130B4B2F1C04F029C98
:10340C0006D0114DAA4203D005F58065AA4218D109
:10341C000E4DA84202D08035A84212D10C4D2C6022
:10342C0024B100240B4D2C800B4D2C800B4C2260B6
:10343C000B4A0C4C10600C4A216030BC1360FFF737
:10344C008FBF102030BC70470004006000B00460D7
:10345C007CF501208AF5012088F5012084F50120F6
:10346C0080F5012090F501208CF50120F8B50E4D6A
:10347C002B68BBB10D4C0E4E23880E4F0FE02A6803
:10348C0038681268D15C12F095FA23882A680133E7
:10349C0092889BB29A4223809CBF0023238032885F
:1034AC009A42ECD1F8BD00BF7CF501208AF50120D1
:1034BC0088F5012084F501202DE9F84F431C88463E
:1034CC0034D00138012828D8002A2FDD4C1E4FF0AB
:1034DC00000BDFF860A0184DDFF86090A6180FE025
:1034EC00B5F800C002680CF1010302F80C108288D8
:1034FC009BB29A422B8098BFA5F800B0B44210D072
:10350C00DAF80000274614F8011F0028E8D1D9F892
:10351C00000012F04FFA0028F0D04FF0FF30BDE859
:10352C00F88FB81CA0EB0800BDE8F88F0020BDE8B0
:10353C00F88F00BF7CF5012088F5012084F501206F
:10354C00012070474FF0FF30704700BF00207047DC
:10355C004FF4005300204B60704700BF00207047B1
:10356C00012070474FF0FF30704700BF0D461646E4
:10357C00044608B5FFF7F4FE33462A4621460348B5
:10358C000FF0D0FEFFF772FFFEE700BF085B0110E3
:10359C0070B582B004460D461646FFF7E1FEEFF318
:1035AC00088183480FF0BEFE23074CBF8148824838
:1035BC000FF028FF600737D580480FF023FF354602
:1035CC007F480FF01FFF29687E480FF0ABFE69683B
:1035DC007D480FF0A7FEA9687C480FF0A3FEE968B0
:1035EC007B480FF09FFE29697A480FF09BFE6969B2
:1035FC0079480FF097FEA96978480FF093FEE969B6
:10360C0077480FF08FFEAA69764B0192DB6A990717
:10361C000ED4744BDB6A002B41DB724CE36A5A000C
:10362C000AD4FFF723FFFEE76F480FF0EBFEC7E766
:10363C006E480FF0E7FEECE76D480FF0E3FEA36A6F
:10364C00DBB2002B4DD1674CA36A13F47F4F2AD108
:10365C00644CA36AB3F5803FE3D366480FF0D2FE07
:10366C00A36ADE036FD45F4B9B6A9D0367D45D4BEB
:10367C009B6A5C035FD45B4B9B6A180357D4594B12
:10368C009B6AD9024FD4574B9B6ADA0147D4554BEE
:10369C009B6A9B01C5D558480FF0B4FEC1E757484B
:1036AC000FF0B0FEB9E756480FF0ACFEA36ADB058D
:1036BC0031D44C4CA36A9E056ED44A4B9B6A580578
:1036CC0066D4484B9B6A19055ED4464B9B6ADA0458
:1036DC0056D4444B9B6A9B04BAD54A480FF092FED1
:1036EC00B6E749480FF08EFEA36ADB0733D43D4C96
:1036FC00A36A9E0738D43B4B9B6A180730D4394BCE
:10370C009B6AD90623D4374B9B6A9A069BD53F48B4
:10371C000FF078FE97E73E480FF074FEC9E73D487E
:10372C000FF070FEB3E73C480FF06CFEABE73B4884
:10373C000FF068FEA3E73A480FF064FE9BE73948A8
:10374C000FF060FE93E738480FF05CFE8BE73748CC
:10375C000FF058FED7E7019935480FF0E3FDC6E7A7
:10376C0034480FF04FFECAE7019933480FF0DAFDE9
:10377C00A36A1D06BFD5616B30480FF0D3FDBAE7C5
:10378C002F480FF03FFEA4E72E480FF03BFE9CE7BE
:10379C002D480FF037FE94E701992C480FF0C2FD2D
:1037AC00A36A1D0489D5A16B24480FF0BBFD84E7E7
:1037BC00285B0110505B0110645B01107C5B0110F5
:1037CC009C5B0110AC5B0110BC5B0110CC5B01106D
:1037DC00DC5B0110EC5B0110FC5B01100C5C01105C
:1037EC001C5C011000ED00E08C5B01102C5C0110E6
:1037FC00505C011004600110606101103C5C011010
:10380C00745E0110B85F0110645C0110205E011041
:10381C00805E01102C61011000610110C06001106C
:10382C00906001105060011014600110CC5D01100B
:10383C00785C0110745D0110F05C0110645D011086
:10384C006C5F0110205F0110E85E0110B05E01108A
:10385C00704700BF704700BF014B1868704700BF2E
:10386C00A0F5012008B5164812F02CF9642012F0CE
:10387C0009F907F0ADFE012007F0BAFE07F0E6FEED
:10388C0007F0A4FF08F022F8202012F02FF94FF4D3
:10389C0080614FF4803012F021F910B104F032F94C
:1038AC00FEE7084B596812F091F8292012F0BAF88B
:1038BC002A2012F0B7F8202012F094F8EEE700BF9F
:1038CC0000E004600030002003680868184700BF5F
:1038DC0010B40468086811681A68234610BC1847AD
:1038EC00034610465A18362A10B507D8054C8A00DC
:1038FC0004EB83010FF031FF002010BD4FF0FF30BF
:10390C0010BD00BFA8F501200EF004BE08B5086874
:10391C00FFF7FAFF08BD00BF30B587B00DF11602F6
:10392C0005ABCDE9003204460DF1120304AA0DF1EA
:10393C000E0103A807F0A6FF054610BBBDF90C004D
:10394C00FFF7BEF90346BDF90E002360FFF7B8F987
:10395C000346BDF910006360FFF7B2F90346BDF9E9
:10396C001200A360FFF7ACF90346BDF91400E36045
:10397C00FFF7A6F90346BDF916002361FFF7A0F97E
:10398C006061284607B030BD08B528B130F8023C5C
:10399C00C01AFFF7B9FF08BD6B21024B024A03485E
:1039AC000EF072FD9C610110A0610110CC61011040
:1039BC002DE9F8431F46C368DDF820E093F8546006
:1039CC00BD6D6EB1002105F1040C55F8314024B1E8
:1039DC005CF83100824207D030B101318E42F4D113
:1039EC006FF02000BDE8F883B3F8625015B3D4F83B
:1039FC000090DEF80080DEF8046099F900005C6E3F
:103A0C00FFF75EF94146FFF7A5F83146FFF7ACF931
:103A1C002368012DF860BB600CD099F90100FFF709
:103A2C004FF94146FFF796F83146FFF79DF9636869
:103A3C0078613B610020BDE8F88300BF82B02DE9BE
:103A4C00F04F8B4685B0511E0F9301EBD1710F9B3C
:103A5C00BBEB610F92468146109F00934FEA6108C1
:103A6C0002F001025CDA5E46CDE9022A019700E021
:103A7C002E46741C65006F1E09EB041409EBC70A73
:103A8C006168DAF80400FFF70DFB00281CBF3D4607
:103A9C00544609EBC606454594E8030086E8030046
:103AAC00E6DBDDE9022A019F2AB36E1E06EBD67611
:103ABC0076105D4508DC16E0B3459AE80300354600
:103ACC0084E803002ADA1E4609EBC60A3946DAF8FE
:103ADC000400FFF705FB731E03EBD37309EBC5045E
:103AEC005B100028E8D1009B6760236005B0BDE83F
:103AFC00F04F02B07047AAF1020A0AEBDA7AB5EB82
:103B0C006A0FD2D16B00013309EBC3022E4692E847
:103B1C0003001D4684E803001446CAE75446E2E756
:103B2C0000EBCB04002ADED1AAF1020A0AEBDA7A06
:103B3C00BBEB6A0FD7D15D46E4E700BF2DE9F04F30
:103B4C001646013A02EBD272B1EB620F1F468B465E
:103B5C00044687B04FEA620306F0010861DACDE94A
:103B6C000316CDE901380E46059700E02E4606F106
:103B7C0001094FEA490505F1FF3854F8397054F83A
:103B8C0028A03946504604EBC90904EB880BFFF713
:103B9C00A7FA10B145465746D946019B44F8267002
:103BAC00AB42E3DCDDE9028B049E059FB8F1000F0C
:103BBC0022D06E1E06EBD6765D454FEA660606DC15
:103BCC0015E0B34544F825A0354624DA1E4654F8D2
:103BDC0026A038465146FFF783FA731E03EBD373C6
:103BEC0004EB860804EB85095B100028E9D1C9F8C1
:103BFC00007007B0BDE8F08F023E06EBD676B5EB51
:103C0C00660FD6D16D00013554F82530C9F8003057
:103C1C0004EB8509CDE7C146C9F8007007B0BDE8D3
:103C2C00F08F00EB8109B8F1000FE0D1023E06EBFA
:103C3C00D676B1EB660FDAD15D46E3E7012A02D105
:103C4C00016000207047022A05D0032AF9D0002A0F
:103C5C00F7D10260F5E70B680360F2E7012A02D1A5
:103C6C00016000207047022A05D0032AF9D0002AEF
:103C7C00F7D10260F5E70B680360F2E788422DE9A3
:103C8C00F04781468A4632D000F1040841450ED1F6
:103C9C002DE0A7EB0902042A2BDDC2F104004946F2
:103CAC0038440FF085FCD045C9F800601FD047465A
:103CBC00D9F8004058F8046B21463046FFF7F2F96A
:103CCC000028E6D158F8085C304629463C1FFFF71F
:103CDC00E9F948B12746656054F8045D3046294639
:103CEC00FFF7E0F90028F5D1D0453E60DFD1BDE803
:103CFC00F08708BF48F8044CD5E700BF012A02D171
:103D0C00016000207047022A05D0032AF9D0002A4E
:103D1C00F7D10260F5E70B680360F2E7012A02D1E4
:103D2C00016000207047022A05D0032AF9D0002A2E
:103D3C00F7D10260F5E70B680360F2E72DE9F04F6D
:103D4C00A1EB0009B9F1400F07468846924683B0B3
:103D5C0040F38F804FEAA9054FEAE909BAF1000F49
:103D6C0066D07D6857F829B058F8043C5946284667
:103D7C000193FFF797F93E6801990AF1FF3A3C1D50
:103D8C00002879D05846FFF78DF9002840F086803E
:103D9C00DDF8049028464946FFF784F9002830D016
:103DAC00C7F8009048F8046CB3463D687E68C1467D
:103DBC0031462846FFF794F938B154F8046F294678
:103DCC003046FFF76FF90028F7D159462846A9F17C
:103DDC000409FFF767F938B159F804BD294658466C
:103DEC00FFF77EF90028F7D14C450FD2234643F854
:103DFC0004BBC9F8006066683D681C4659F804BCF1
:103E0C00D6E73D607E6058F804BCD0E75246414688
:103E1C002046A4EB0709FFF791FFB9F1400F28DD0D
:103E2C004FEAA905A0464FEAE909BAF1000F98D16B
:103E3C0009F1FF3407EB890900E0013C2A462146D1
:103E4C00384659F8043DFFF779FE002CF5D1A8EB64
:103E5C000703042B0DDD58F8043D3A68A8EB070462
:103E6C00C8F8002000213846A210FFF767FE042C8A
:103E7C00F1DC03B0BDE8F08F2846FFF713F90028FA
:103E8C00BFD1019D58462946FFF70CF930B13D6072
:103E9C0048F8046CB3463D687E6888E7C7F800B004
:103EAC0047F829607E683D6858F804BC7FE700BF7E
:103EBC002DE9F04F8BB08DF81F300B1A802B064676
:103ECC008B4640F3CA80174600F108014FEAE3081D
:103EDC001B1106910393002F00F09180039BD6F8E1
:103EEC000CA006EBC308D8F804905BF8043C3268CD
:103EFC0049465046069C75680493013F0592FFF7AE
:103F0C00EFF800284CD048460499FFF7E9F8002850
:103F1C0040F0A68050460499FFF7E2F800284BD1F8
:103F2C00069B93E8030086E80300059BF5605BF8AD
:103F3C00048CB360DA460397D6F8049028464946B9
:103F4C00FFF7CEF850B104F108073C467D684946AE
:103F5C0028460837FFF7C4F80028F6D149464046F2
:103F6C00FFF7A0F8002833D0AAF11008C246494642
:103F7C00D8F80400A8F10808FFF794F80028F5D148
:103F8C00544529D29AE80300236884E80300CAF850
:103F9C000450E5685AF8048CCAF800300834CBE7B2
:103FAC0050460499FFF79CF80028B9D1484604996B
:103FBC00FFF796F8002853D01BE90300059B86E811
:103FCC0003004BF8045CA8464BF8083CF568B1E7D5
:103FDC00AAF1080A5445D5D3039F9DF81F303A46E1
:103FEC0059462046FFF764FFA31B802B35DD4FEAB3
:103FFC00E3081B11A3460393002F7FF46FAF5C1EE5
:10400C0008AF00E0013C06EBC40393E8030087E82B
:10401C000300099D424621463046089B0095FFF758
:10402C000DFD002CEED1ABEB0603082BC8BF5C4694
:10403C0013DD083C94E8030087E8030096E80300CE
:10404C00099AA51B84E80300089B009200213046C6
:10405C00EA10FFF7F3FC082DEBDC0BB0BDE8F08F9A
:10406C0098E80300039B86E80300059A46F8332082
:10407C00C8F80450F5685BF8048C5BE788422DE9BE
:10408C00F04707463BD000F10803994237D006466B
:10409C00A1F108090DE0F21B082A32DDC2F108007B
:1040AC00394630440FF084FAB145C7F800807D6082
:1040BC0025D03446E568083628467968B246D4F8E7
:1040CC000880FFF70DF80028E5D128466168FFF756
:1040DC0007F870B194E8030004F1080383E80300C7
:1040EC00A246284654F8041C083CFEF7F9FF0028A9
:1040FC00F0D1B145CAF80080CAF80450D9D1BDE856
:10410C00F087D1D197E80300083484E80300CBE7AB
:10411C002DE9F04F04680868A1681268B0FBF1F94A
:10412C00B2FBF1FA1F68E36887B01A6A02FB09F95F
:10413C0002FB0A9AD1452CD24FF0000B019721B308
:10414C00019B0026012703EB8B0506E0A168731C7D
:10415C008B4205F1040514D21E46D4E900039B5D85
:10416C0082684B44CDE903370595B2B1D0F80C8089
:10417C0005AB04AA03A9C0470028E7D007B0BDE8E7
:10418C00F08F0BF1010BE368B3441A6A9144CA45F2
:10419C00D5D8002007B0BDE8F08F0EF060F900BF55
:1041AC0070B5D0E9001391F83C20054682B100248B
:1041BC00264653F8240030B10368DB689847D5E9EC
:1041CC00001343F8246091F83C2001349442F0D35E
:1041DC001846FFF799FB284670BD00BF2DE9F04744
:1041EC0082B005460F46FFF737FB4FF47A7303FB9B
:1041FC0000F8002D5BD0EE68F36C2BB3002402E0CA
:10420C00F36CA34220D9D5F810E03B462146284652
:10421C00BEF1000F01D05EF824E0326D02EB441CBD
:10422C00DCF81C20CDF804E0DCF818E00134CDF803
:10423C0000E0DCF81090C84781460028E0D0FFF77A
:10424C000BFB4FF47A7326E096F85420EAB1002465
:10425C00BB6DA1460AE02846FFF756FBBB6D43F841
:10426C000A9096F854200134A2420ED953F83450D7
:10427C004FEAC40A002DF6D028680028EBD02B7B1F
:10428C00002BE8D0FFF740FBE5E7FFF7E5FA4FF02E
:10429C0000094FF47A7303FB00F0B0EB080063EBFA
:1042AC000303C7E91203484602B0BDE8F0876FF07C
:1042BC000A09F8E7002070472DE9F0430546C0686D
:1042CC00984690F844300E46174685B00BB3002440
:1042DC0004E0E86890F84430A3421AD9826C04EBED
:1042EC00440302EBC30CDCF81030CDF80C80DCF886
:1042FC0008203146CDE901729CF814200092DCF8BC
:10430C0004902246C84701340028E2D005B0BDE82D
:10431C00F083FFF7CFFF831C18BF002005B0BDE86A
:10432C00F08300BF0FB430B5ADF20C4D0DF58364C6
:10433C0054F8045B4FF48062002102A80FF051F98D
:10434C004FF480612A46234602A801940FF090F89E
:10435C00002809DD02AC251814F8011B4FF0C040F1
:10436C0011F028FBAC42F7D10DF20C4DBDE83040FA
:10437C0004B070472DE9F04F83B00C9B15460190AB
:10438C00002B00F08C8000273E46B846019B297814
:10439C001C680329D4E9013202FB03F080440BD0E2
:1043AC00092950D0012936D04348FFF7BBFF6FF0E5
:1043BC000C0003B0BDE8F08F4FF00009D8B12368B2
:1043CC00E96853F82900FEF783FD0BF00DFEFEF7AC
:1043DC00A7FE2969D5F804B0084480F308000BF84F
:1043EC000600D4E9013202FB03F309F101094B4544
:1043FC0006F10106E3D80C9B0137BB42C6D1A96973
:10440C00B8EB910F03D0414518BFC3464CD10020E7
:10441C0003B0BDE8F08F0028EDD023686A6806F180
:10442C008041043B013902EB810203EB800453F819
:10443C00041F9C4242F8041FF9D10C9B0137BB426C
:10444C000644A3D1DBE74FF0000B0028D3D0226841
:10445C00E96852F82B00FEF73BFD0BF0C5FDFEF7AB
:10446C005FFE2B69D5F804A018446FF07F039842C7
:10447C00B8BF18467F28A8BF7F200AF80600D4E9E9
:10448C00012101FB02F20BF1010B5A4506F1010669
:10449C00DDD80C9B0137BB427FF478AFAFE7916955
:1044AC008B08B4D0DDF830B004485A46FFF73AFF19
:1044BC006FF017007DE700BF4C62011070620110B5
:1044CC000B4601782DE9F04103290446D3E901207C
:1044DC0002FB00F028D009290CD001293ED1A26999
:1044EC00B0EB920F41D1616818680FF036F90020DB
:1044FC00BDE8F081A169814242D10029F7D06568FD
:10450C001E680139276905EB0108043E013D15F9C8
:10451C00010FC01BFEF7D4FBE168FEF725FC4545F7
:10452C0046F8040FF3D1E2E7A169814228D10029B2
:10453C00DDD065681E680139276905EB0108043E6A
:10454C00013D15F8010FC01BFEF7BAFBE168FEF741
:10455C000BFCA84546F8040FF3D1C8E70B48FFF74E
:10456C00E1FE6FF00D00BDE8F081111EB8BF033104
:10457C00024689100648FFF7D5FE6FF01700B7E723
:10458C0002460348FFF7CEFEF7E700BF04630110B5
:10459C00C06201102DE9F0410C461D4606469046BE
:1045AC00FFF75AF94FF47A73002203FB00F03769D6
:1045BC002D687B6820606260124898470146D8B924
:1045CC0041463B699847044678B9337B1BB910E0E8
:1045DC00327B9A420DD9B26829467B69105D9847A7
:1045EC000134E3B240350028F2D06FF00200BDE890
:1045FC00F0810020BDE8F0810348FFF793FE6FF0D7
:10460C000500F7E7A54F0010446301102DE9F04FAA
:10461C0000218BB00546FEF73BFD002840F083805F
:10462C0028460021FEF73EFD002859D128460BF004
:10463C0029FA02AEFEF774FDB3464FF0000A20EAE9
:10464C00E07401962846FDF7E1FE3AA3D3E9002376
:10465C0080468946FEF7C2F908B9002C59DB204682
:10466C00FDF7C2FE02460B46002034490BF066F8FB
:10467C000022002306460F46FEF7B0F968B34FF050
:10468C00FF32304639462E4BFEF7B2F938B94FF0AF
:10469C00FF32304639462A4BFEF78CF9E8B13246E8
:1046AC003B4640464946FEF733F80BF0CBFBFEF792
:1046BC00B5F90546FDF798FE32463B46FDF7FEFE82
:1046CC000B46024649464046FDF740FDFEF7EEF923
:1046DC0005F1300305460BF8013B7CB1013CB1E719
:1046EC0005F1004528460BF0CDF9FEF719FD2D22FA
:1046FC000DF1090B8DF8082002AE9EE751462846B5
:10470C00FEF7EEFC0028E9D04FF02E030BF8013B2E
:10471C00E4E7019E8BF8000031460A48FFF702FEE1
:10472C000BB0BDE8F08F302302AEADF80830F3E7E4
:10473C00AFF30080F168E388B5F8E43E0000244054
:10474C00FFFFEF7F746301100DF0DCBE2DE9F84321
:10475C00D0E90182B8F1010F044601D0012A03D13E
:10476C00C4E90128BDE8F88302FB08F56E1E002D94
:10477C0067D10127BC4620683B4650F827E002E091
:10478C00CE46D4E90182B3FBF2F102FB113208FBF5
:10479C00021303F01F084146002B1A4650F82390D1
:1047AC00B8BF03F11F0240F823E0D3F1000E0EF066
:1047BC001F0E58BFCEF10001002901F1200EA8BF39
:1047CC008E464FEA621205EB8202B8BF043A1168BA
:1047DC000CFA0EFE41EA0E019F421160D0D104E0AA
:1047EC00B34224D2134602F01F08002B1A46B8BF5E
:1047FC0003F11F02594201F01F0158BFC1F100081B
:10480C00B8F1000F08F12001A8BF41464FEA62122F
:10481C0005EB8202B8BF043A12680CFA01F111429E
:10482C0003F10102DCD11F46D4E90182A4E715B1E2
:10483C002846FFF769F8D4E90182C4E90128BDE8EC
:10484C00F88305F11F077F09BF003846FFF77CFF8F
:10485C00054618B13A4600210EF0C3FED4E9018298
:10486C0087E700BF2DE9F843D0E901539D42044688
:10487C000E4605D00A6845F8042B4560BDE8F88360
:10488C006FF06041D0F80080A5EB0809B1EBA90FDF
:10489C004FEAA9032DD0012B1A4638BF01229F18CD
:1048AC0025D28F4228BF0F46BF003846FFF74CFF7A
:1048BC0033684545064640F8093016D04246034653
:1048CC0000EB090552F8041B43F8041BAB42F9D169
:1048DC001D1DB8F1000F02D04046FFF715F8374404
:1048EC00C4E90065A760BDE8F8830346F0E7024F12
:1048FC00DBE702480DF0B0FDFCFFFF7F7863011091
:10490C00642938B50D4604464ED015DC4B1E1D2BC4
:10491C0054D81D2B52D8DFE803F0265126515151A3
:10492C005151512651515151515151515151515196
:10493C005151515151515134B1F57A7F3ED100232F
:10494C000C20C4E90033A360FFF7FEFE03461F4DA5
:10495C00236007CD03F10C05A560186059609A60BF
:10496C002046656038BD00230420C4E90033A360F1
:10497C00FFF7EAFE031D2060A3600560204663601C
:10498C0038BD00230820C4E90033A360FFF7DCFE28
:10499C0003460F4A03CA03F108022360A2601860A1
:1049AC0059602046626038BD00230820C4E90033FA
:1049BC00A360FFF7C9FE074A0346EBE74FF4037108
:1049CC00054B064A06480DF05FFD00BF78780110D4
:1049DC008C78011084780110AC640110D86301103C
:1049EC001C6401102DE9F04F032A91B096468446C1
:1049FC00069100F04F810A2A40F05681DFF8BCA2E4
:104A0C00AF49DCE90126731E7344B3FBFEF7002AA1
:104A1C0000F03C810B1F0C93002304934FEA8E0390
:104A2C00CDE90E37CDF814C0CDF834E0059B0699CE
:104A3C00049A1F688B68202003FB02F309930B6810
:104A4C0002FB06F60893FFF77FFE0C9A03460290D2
:104A5C0007EB860B203052F8041F43F8041B8342EB
:104A6C00F9D14FF00008059B029C9B6857F8267003
:104A7C000193069B261D9B68079354F83800394612
:104A8C00FEF772F944F8380056F838003946FEF74C
:104A9C006BF946F8380008F10108B8F1040FECD1B5
:104AAC00019BB3F1005F80F00681019B002B00F0AD
:104ABC00E9809C002046FFF747FE22460021054670
:104ACC0003900EF08EFD4FF07E50DAF80C10FEF7CE
:104ADC00FFF9A4F10408029BD844ABF1040B009439
:104AEC0081465C46C34698461E682F1F54F8045FE7
:104AFC00DAF800102846FEF737F93146FEF72CF8A5
:104B0C004946FEF731F9064647F8046FDAF8041007
:104B1C002846FEF729F90246DAF8101030461646F8
:104B2C00FEF722F901463046FEF714F8D8F80410C7
:104B3C00FEF712F80646C8F80060DAF808102846A6
:104B4C00FEF712F939680546DAF81400FEF70CF98D
:104B5C0001462846FDF7FEFF5C45C8F80400C5D1A8
:104B6C00009C039D019BA4F10409D3462C46029F93
:104B7C00A9440AF14806002B50D0043D4FF07E505A
:104B8C00DAF82410FEF7A4F92B460B94554604468C
:104B9C009B46CDF828A00096DA46BE685AF8048FDA
:104BAC00A9694046FEF7E0F83146FDF7D5FF2146EE
:104BBC00FEF7DAF80646CAF80060E9694046FEF7E7
:104BCC00D3F80346A96A30461E46FEF7CDF80146D7
:104BDC003046FDF7BFFFF968FDF7BEFF0646BE6025
:104BEC00296A4046FEF7C0F8DAF800108046E86AF9
:104BFC00FEF7BAF801464046FDF7ACFFD145F86028
:104C0C00CCD1009B1835AB4207F1080737D04FF0D9
:104C1C007E50696AFEF75CF90446BDE70BF1180B90
:104C2C005E45FBD1019B0D9A013BD318B3FBF2F20D
:104C3C0007992CBF0123002391422FD373B90999F3
:104C4C00089801F1804101390E9D00EB810120682B
:104C5C0001339A4241F8040F2C44F8D8039B13B14A
:104C6C000398FEF751FE0298FEF74EFE0599049A42
:104C7C004B6801329342049207D98E68D6E6DDE97F
:104C8C000AA4CFE7019C03946BE70F9F384611B041
:104C9C00BDE8F08FDFF82CA00B49B2E6B6210B4B28
:104CAC000B4A0C480DF0F0FB4FF40E710A4B0B4AFB
:104CBC000B480DF0E9FB0B480DF0CEFB28F1012061
:104CCC0008F10120A8F1012088F1012008650110EC
:104CDC00286501108865011094640110B0640110FE
:104CEC001C640110946301100DF0F0BB2DE9F04F22
:104CFC001C4643680746012B0D46164689B040F00A
:104D0C00BD804B68012B40F0B9809368012B40F0BB
:104D1C00B58053686068013B984240F0AF80D4F88E
:104D2C000880B8F1010F40F0A980BA688B689A42EC
:104D3C0040F0A48041468000FFF7D6FF0290002887
:104D4C0000F0958073684146013B9800FFF7CCFF5B
:104D5C008146002800F090807268AB68069203933D
:104D6C0002F1FF38002B4FD04FF0000B3B682A6844
:104D7C000593069B5D46012B049266D052F82B706E
:104D8C0007943C463668AD004FF0000A0195574633
:104D9C002546294656F82700FEF78EF9BC00344408
:104DAC0020B129466068FEF79BF998B90AF1010A0F
:104DBC001FFA8AFAC2455746EBD3039B0BF1010B42
:104DCC001FFA8BFB9B451ED2049B4FEA8B0553F8B5
:104DDC002B40D9E7059B029C019D54F8270059599B
:104DEC00FDF7BAFE44F8270059F827004FF07E5122
:104DFC00FDF7B2FE0BF1010B039B1FFA8BFB9B45DE
:104E0C0049F82700E0D3079C069B012B24D00025F2
:104E1C00D4F800A000272C460CE0029B594653F80E
:104E2C002400FEF755F80135ADB245452C464AF83D
:104E3C00060011D259F824B039465846A600FEF7A0
:104E4C0027F90028E9D03846EDE7039B0BF1010B5D
:104E5C001FFA8BFB9B45F9D34846FEF755FD002402
:104E6C000298FEF751FD204609B0BDE8F08F064CC4
:104E7C00204609B0BDE8F08F034CF1E7034C204607
:104E8C0009B0BDE8F08F00BF16FCFFFF14FCFFFF5C
:104E9C002DE9F04184B00A9D07464FEA550C0CF100
:104EAC00010C9C450C46164664D10121A800FFF765
:104EBC001BFF8046002858D0AC4228BF2C463946F0
:104ECC00A7003A462C1B0EF048FCA200002108EB70
:104EDC0007000EF086FB294B202D1A7839D0402D77
:104EEC0037D0802D35D0B5F5807F32D0B5F5007F29
:104EFC002FD0B5F5806F2CD0B5F5006F29D0B5F556
:104F0C00805F26D062B100221D491E481A70FFF73F
:104F1C0009FA2B464FF4805220211B48FFF702FA66
:104F2C00002303AA009228461A46194608F02AFDC7
:104F3C00044608B33246414608F0F0FD2046FEF721
:104F4C00E3FC00244046FEF7DFFC204604B0BDE83D
:104F5C00F081002AE4D0002209490A481A70FFF7B0
:104F6C00E1F90A48FFF7DEF9DAE7094C204604B00C
:104F7C00BDE8F081074CE8E7054CE3E708F20120B7
:104F8C0000660110086601103466011010660110ED
:104F9C0016FCFFFF11FCFFFF431E034210B5044635
:104FAC0013D180B179B1481C20440121FFF79CFE3C
:104FBC00024640B1631C0344644203EA0400821AB3
:104FCC0020F8022C10BD002010BD4821024B034AD2
:104FDC0003480DF059FA00BF94660110B066011039
:104FEC00CC6101102DE9F04F064697B010460D9399
:104FFC0073100F460593FDF709FABCA3D3E9002300
:10500C00FDF75CFA804638468946FDF7FFF9024603
:10501C000B4640464946FDF77BFB0AF0DBFCFDF7EF
:10502C0045FD0746FDF7F2F982468B463846394670
:10503C00FDF79AFE771004210C903846FFF754FECA
:10504C00042181463846FFF74FFE04211090384664
:10505C00FFF74AFE042111903846FFF745FE042164
:10506C0080463846FFF740FE042112903846FFF781
:10507C003BFE1390002F00F08D803046FDF7B4F905
:10508C0002460B46FDF764F852465B46CDE9060135
:10509C0050465946FDF75CF802460B460C9E4FF005
:1050AC007E503146CDE90823FDF754FDFDF7AEF9EE
:1050BC000B460246FDF74CF8CDE90A013046FDF7E8
:1050CC00A5F90026109BCDE90001A3F1040ACDE956
:1050DC000E98119BA9F1040B1F1F3046FDF784F9A4
:1050EC0002460B46FDF734F80022824BFDF730F8F0
:1050FC007EA3D3E90023FDF7E1F9DDE90623FDF7F3
:10510C0007FB0AF021FCFDF7D1FCFDF77FF9DDE987
:10511C000823FDF7D3F902460B46CDE90223DDE95E
:10512C000023FDF715F80022724BFDF711F8FDF77F
:10513C00BDFC80460C984146FDF7CAFE4BF8040FA7
:10514C004046FDF763F980468946DDE90A0142468F
:10515C004B46FDF7DDFAFDF7A9FCDDE902234AF821
:10516C00040FDDE90001FCF7F1FF0022614BFCF7B5
:10517C00EFFF01F100454B4642462946FDF7C8FAC0
:10518C00FDF794FC059B0136B34247F8040FA4D1FC
:10519C00DDE90E98219B9BB10D9B109805991A1F68
:1051AC0000EB810C219B209802EB8303ACF1040CE7
:1051BC00061F52F8047F46F8047FB1B99342F8D128
:1051CC004846FEF7A1FB1098FEF79EFB1198FEF7E0
:1051DC009BFB4046FEF798FB1298FEF795FB139845
:1051EC00FEF792FB17B0BDE8F08FA9F104010C910A
:1051FC001099CDE914980439069111990F9304393B
:10520C0008911299009604390D911399CDF808C0A4
:10521C0004390E91A8F104010A91089EDDF818B02A
:10522C00B1460D9C0E9DDDF82880DDF830A005926E
:10523C0000E0176854F8041F5BF8040FFDF794FDA9
:10524C0055F8041F064659F8040FFDF78DFD01466D
:10525C003046FDF781FC3946FDF77EFC48F8040F1B
:10526C0007462068FDF7D2F80B460246FCF770FFA4
:10527C000246384616460F46FDF7C8F802460B465E
:10528C0030463946FCF764FF064628680F46FDF7A2
:10529C00BDF802460B4630463946FCF759FF064628
:1052AC005AF8040F0F46FDF7B1F802460B4630468C
:1052BC003946FDF703F9FDF7F9FB009A10602368F6
:1052CC002B60D8F800302360029B5B45B1D1059A66
:1052DC000F9B9A4206D0009B52F8047F43F8047F40
:1052EC0000939AE7DDE914986AE700BF182D44543F
:1052FC00FB2109400000F03F000000002DE9F04FB9
:10530C00064697B010460C9373100F460593FDF7A5
:10531C007DF8BAA3D3E90023FDF7D0F8044638464C
:10532C000D46FDF773F802460B4620462946FDF75D
:10533C00EFF90AF04FFBFDF7B9FB0446FDF766F8F1
:10534C0082468B4620462146FDF70EFD7710042140
:10535C0004463846FFF7C8FC042111903846FFF785
:10536C00C3FC042110903846FFF7BEFC04211290B8
:10537C003846FFF7B9FC042105463846FFF7B4FC64
:10538C00042113903846FFF7AFFC1490002F00F067
:10539C008E803046FDF728F802460B46FCF7D8FE07
:1053AC0052465B46CDE9060150465946FCF7D0FE05
:1053BC0002460B464FF07E502146CDE90823FDF7FF
:1053CC00C9FBFDF723F802460B46FCF7C1FE02466B
:1053DC000B462046CDE90A23FDF718F80026119B51
:1053EC00CDE90001A3F1040B109B0D95A3F1040A68
:1053FC00129B1F1F3046FCF7F7FF02460B46FCF7CB
:10540C00A7FE00227F4BFCF7A3FE7CA3D3E900236D
:10541C00FDF754F8DDE90623FDF77AF90AF094FA62
:10542C00FDF744FBFCF7F2FFDDE90823FDF746F836
:10543C0002460B46CDE90223DDE90023FCF788FE8A
:10544C000022704BFCF784FEFDF730FB04464FF056
:10545C007E502146FDF73CFD4BF8040F2046FCF72F
:10546C00D5FF04460D46DDE90A0122462B46FDF721
:10547C004FF9FDF71BFBDDE902234AF8040FDDE9C8
:10548C000001FCF763FE00225E4BFCF761FE01F1AC
:10549C0000492B4622464946FDF73AF9FDF706FB33
:1054AC00059B0136B34247F8040FA3D10D9D219BF8
:1054BC009BB10C9B109805991A1F00EB810C219B3A
:1054CC00209802EB8303ACF1040C061F52F8047F06
:1054DC0046F8047FB1B99342F8D11198FEF714FA4B
:1054EC001098FEF711FA1298FEF70EFA2846FEF7FE
:1054FC000BFA1398FEF708FA1498FEF705FA17B092
:10550C00BDE8F08F11990F930439069110991595F8
:10551C00043908911299009604390A911399CDF81F
:10552C0008C004390D91149904390E91291F0C915E
:10553C000A9EDDF820B0B1460D9C0E9DDDF8308042
:10554C00DDF818A0059200E0176854F8041F5BF80A
:10555C00040FFDF709FC55F8041F064659F8040F13
:10556C00FDF702FC01463046FDF7F6FA3946FDF729
:10557C00F3FA48F8040FFCF749FF064620680F467B
:10558C00FCF744FF02460B46FCF7E2FD02460B46D5
:10559C0030463946FCF7DAFD064628680F46FCF71C
:1055AC0035FF02460B4630463946FCF7D1FD064620
:1055BC005AF8040F0F46FCF729FF02460B463046FB
:1055CC003946FCF77BFFFDF771FA009A10602368EF
:1055DC002B60D8F800302360029B5B45B4D1059A50
:1055EC000F9B9A4206D0009B52F8047F43F8047F2D
:1055FC0000939DE7159D70E7AFF30080182D445480
:10560C00FB2109400000F03F0B462DE9F04F8FB015
:10561C000993936804460646564950690893FCF76B
:10562C007FFD002814BF0323012322690393002A62
:10563C0000F095804FF0000A17465446B3464E4D85
:10564C00CDF810A0B7F5806F3E4628BF4FF48066AA
:10565C00089B012103FB06F080000296FFF744FB38
:10566C00059000287FD0049ADBF80830CDE90B2692
:10567C000D90002B7BD05846DBF80C600DAB0CAAC0
:10568C000BA9B047002F5CD0099B4FF00008D3F852
:10569C0000A0059BCDE9067BA3F1040921E0374965
:1056AC0058460193FDF760FB0246354938461746CC
:1056BC00FDF75AFB01463846FDF74EFA02463149D2
:1056CC0030461646FDF750FB01463046FDF744FACE
:1056DC00019B08F101084AF80300029B0134434581
:1056EC002DD959F8040FFDF741FD0646C0F30740CC
:1056FC00FDF7E2FA2946FDF7EBFB8346C6F30720DC
:10570C00FDF7DAFA2946FDF7E3FB0746F0B2FDF7A1
:10571C00D3FA2946FDF7DCFB0399064603294FEA29
:10572C0084030AEB8402BAD1029B08F101084345B9
:10573C004AF824B05760906004F10304D1D8DDE935
:10574C00067B029B0598FF1AFEF7DEF8049ADBF83D
:10575C00103002F58062934204923FF673AF002042
:10576C000FB0BDE8F08F08480FB0BDE8F08F0CF01B
:10577C0076FE00BFE866011000007F438716993E55
:10578C00A245163FD578E93D16FCFFFF2DE9F04FF9
:10579C00A3B0DDE92DB48046207B256980018946C4
:1057AC00924604930595FEF7CFFF06460890FEF748
:1057BC0053F800237D4A1193CDE912237C4B12AD93
:1057CC0010937C4B0DAF95E803000F9387E8030013
:1057DC0008AB2A4620460AA9FEF7DCFE0346D0B1E8
:1057EC00119A52B10F990992002900F0DC803846C9
:1057FC00109A09A904939047049B00220F9C1192C4
:10580C002CB10322394638460493A047049B184612
:10581C0023B0BDE8F08F2C99049B009198F84410AC
:10582C002A46029198F83C1048460191DBF8581032
:10583C00FEF7A0FD03460028D2D1DDE90A982269C3
:10584C00049092689047002840F0AA80FEF704F874
:10585C004FF47A7202FB00F0B0EB090068EB4802DF
:10586C00CBF84000CBF84420FEF724FD0230049B1B
:10587C0008BF6FF00103227B002A54D0B0464FF0D2
:10588C000009CDE906634FEACA05D8F808100A6882
:10589C00002A40F3828000234FF0010A51F8040FD4
:1058AC000133934200FB0AFAF8D198F80060032EFA
:1058BC000AD0092E08D0012E56D031463E48FEF7AC
:1058CC0031FD6FF00D038BE7237D1020002B34D1BD
:1058DC00FEF73AFF012104905046FFF705FA4FF00E
:1058EC00010C049B1860DBF85860D8F81820D8F825
:1058FC000410C3F808A083F80CC0C3F804C073519B
:10590C000DF02BFFDBF8583062682B444A445A6088
:10591C00237B09F101094B4508F1400805F1080505
:10592C00B3D8DDE906630493059B2048DA689047F9
:10593C003046FDF7E9FF049B52E7FEF705FF012116
:10594C0004904FEA8A00FFF7CFF90122049BDBF8A1
:10595C0058601860C3F808A01A735A60194640467C
:10596C007351FEF7ADFDCDE71020FEF7EDFE31468D
:10597C0004904FEA8A00FFF7B7F9049BDBF8582034
:10598C00C3F808A018601E735E60D8F80410535159
:10599C00D8F818200DF0E1FEB4E74FF0010A84E7C7
:1059AC006FF0020367E70CF05AFD00BF9539001049
:1059BC00D5380010293D0010046301102DE9F04F7B
:1059CC009F4DA9B000242195339DCDE911326D086E
:1059DC006E1C15959B4D9DF8D03020950D4624944A
:1059EC002294B40023940B9323AB0391089093E877
:1059FC0003001EAB83E80300339B0496AB4200F21A
:105A0C0044810122089B0C920993234453F8043CD3
:105A1C001793329B119A00219A1A129892000DF04A
:105A2C00E0FD039B002B40F3DF800025099A043C2A
:105A3C0004EB020B4FF0000AD946A846119B03F168
:105A4C008043013B02EB83031493339BC3F34E035C
:105A5C0001330A93329B02EB8307339B043F9BB2C7
:105A6C001393049BDB000593089B23441693339BF1
:105A7C00039A434493420793089B88BFA2EB080503
:105A8C0003EB88040A9A049B98BF339D934240F021
:105A9C00F9800598FEF758FE002306461B936A4BC7
:105AAC0026936A4B1A936A4B25931AAB93E803001F
:105ABC0023AB83E803002796002E00F0CD80339BA8
:105ACC00294600932046049B3246FFF7E1F9259BBB
:105ADC0027990690002840F0A2803446099ACDE917
:105AEC000D91151F2E460F952546059A109304EB24
:105AFC00020B29686C680846FDF736F92146814689
:105B0C002046FDF731F901464846FDF725F8514688
:105B1C008146FDF7DBFA002800F0A680484609F024
:105B2C00DBFF0835AB4546F8040FE2D1DDE90D91FA
:105B3C00DDE90F5300297CD0259B1991002B00F037
:105B4C00B880269B23A819A9984700232793259B47
:105B5C001BB123A9032208469847069B002B40F053
:105B6C008580099B1D1F1398FDF7A6F8FCF74EFCCA
:105B7C0002460B4600203749FCF7CAFD2E46044668
:105B8C000D4656F8041F0846FDF7EEF8FCF73EFCF0
:105B9C0022462B46FCF792FCFCF788FFB14530609F
:105BAC00EFD1329B119A93420FD9129B149D1C1F5B
:105BBC0054F8046F55F804BF31465846FDF790FA77
:105BCC0000B15E46BD422660F2D10B9B23B30C9B09
:105BDC0013B1169B179A1A60159B984400230C93CB
:105BEC00039B43453FF743AF4FF00008229B3BB16B
:105BFC00209A1A93002A5CD0219B1EA81AA99847B8
:105C0C000022209B22921BB11EA903220846984712
:105C1C00404629B0BDE8F08FDDF81C80E0E7002994
:105C2C008BD18046002BE1D023A90322084698474C
:105C3C00DCE7002B97D023A903220846984792E76C
:105C4C0019390010093D0010D53800101539001015
:105C5C00293D00100000F03F1748FEF763FB279921
:105C6C0039B1164B069367E750465AE7DDF81880B2
:105C7C00BCE7259B1BB123A9032208469847DFF8F4
:105C8C003C80B3E7DFF83880B0E704213046FFF7FB
:105C9C002BF8229B0990229033B11893209B43B18F
:105CAC00219B1EA818A9984700230C930023179337
:105CBC00AFE60CF0D4FB00BFF466011016FCFFFF3E
:105CCC0014FCFFFF2DE9F04FB5B03E9E0446307B2F
:105CDC003569800189469A4611950F929DF8FC8092
:105CEC00FEF732FD00230546259323933E4B3F4A96
:105CFC0022933F4B2492219324AA1FAB0E9092E83F
:105D0C00030083E80300304617AB1CA91795FEF778
:105D1C0041FC0D90002840F0CB829DF89030092B6F
:105D2C0002D0032B40F04883FDF796FD259BA2691A
:105D3C00129004931592002B00F0348300231093DF
:105D4C00236C2898DD68279B0093FCF7B9FFA36CA4
:105D5C000290DB6868690193AB6826490C93FCF7E9
:105D6C00DFF9002814BF03230123D9F81050059341
:105D7C00002D00F0DE800027BB46CDF84CA0DDF8EE
:105D8C0000A008953E96CDF85080089B0C9AB3F570
:105D9C00806F28BF4FF4806302FB03F00121800069
:105DAC000393FEF7A1FF0990002800F07582039B76
:105DBC00CDF860B01993099B1A93D9F80830002BD1
:105DCC0000F002831AAB4846D9F80C4019AA18A95E
:105DDC00A047089B002B00F09980099B0025CDE97A
:105DEC000AB9A3F104083AE0D5380010953900102F
:105DFC00293D0010E86601105046B549FDF748F9F9
:105E0C00002800F023814FF043410298FDF740F940
:105E1C00002800F01B81019B002B40F0658149F2AA
:105E2C00456244F68B4341F62F5002FB09F2009970
:105E3C0011FB032314FB00300014FCF741FF4FF05F
:105E4C008641FCF787FEFDF76BF900F3070040B2C3
:105E5C00039B0135AB4237468BF8000054D958F8F8
:105E6C00040FFDF783F9049B7E1C03EB070BC0F3B7
:105E7C0007430093059BC0F30729032BC4B2BBD186
:105E8C00049A504693190693BB1CD3189049079358
:105E9C000337FDF7FDF8002800F04C814FF043412B
:105EAC000298FDF7F5F8002800F04481DDE90003C5
:105EBC00002B40F08981FCF703FF4FF08641FCF783
:105ECC0049FEFDF72DF906464846FCF7F9FE4FF062
:105EDC008641FCF73FFEFDF723F9034620465CB2F2
:105EEC00FCF7EEFE4FF08641FCF734FEFDF718F997
:105EFC0076B240B2069B8BF800601C70079B013594
:105F0C001870039BAB42AAD8DDE90AB9089B039A27
:105F1C0009989B1A0893FDF7F7FCD9F810300BF58C
:105F2C00806B9B45FFF431AFDDF84CA03E9EDDF855
:105F3C005080FEF7BFF9831C00F03282FDF78CFC19
:105F4C004FF47A72129902FB00F302FB01F15B1A17
:105F5C00CAF8383063EB0303CAF83C30B8F1000FD1
:105F6C0040F0FE81FDF778FC4FF47A75002305FBB9
:105F7C0000F41D9333691C949B689847002840F0EB
:105F8C001F82FDF769FC05FB00F31B1BCAF84030B0
:105F9C0063EB0303CAF84430FEF78CF902300D9B17
:105FAC0008BF6FF001030D93337B002B46D0002507
:105FBC000F9B0E9C4FEAC308A2681068002840F3A0
:105FCC00F9810023012752F8041F0133834201FB9E
:105FDC0007F7F8D194F80090B9F1030F00F07F8126
:105FEC00B9F1090F00F07B81B9F1010F40F09381F9
:105FFC001020FEF7A9FB49468346B800FEF774FE55
:10600C00DAF85830CBF80870CBF800008BF80C900D
:10601C00CBF80490A269616843F808B00DF09DFBC1
:10602C00DAF85830726843442A445A60337B01359D
:10603C00AB4204F1400408F10808BDD8119B254877
:10604C00DB6898470E98FDF75FFC2CE10098FCF795
:10605C0033FE07464846FCF72FFE81462046FCF7E8
:10606C002BFE019B0446002B4AD138461A49FCF7FB
:10607C002FFF194907464846FCF72AFF1649814667
:10608C002046FCF725FF044638461449FCF76CFE05
:10609C00134907464846FCF767FE01463846FCF7AD
:1060AC005BFD03460F4920461C46FCF75DFE01468E
:1060BC002046FCF751FD5146FCF70AFF09F094FF0E
:1060CC0001460298FCF748FDFDF72AF840B2BFE6FE
:1060DC008180803B9539001000007F438716993EE4
:1060EC00A245163FD578E93D0098FCF7E5FD07463B
:1060FC004846FCF7E1FD81462046FCF7DDFD0446F1
:10610C00019B022B00F08480019B042BBCD13846F0
:10611C004FF08641FCF71EFD4FF08641074648467E
:10612C00FCF718FD4FF0864181462046FCF712FD26
:10613C000446A9E70098FCF7BFFD06464846FCF765
:10614C00BBFD81462046FCF7B7FD019B0446002BA6
:10615C0045D130469D49FCF7BBFE9C490646484656
:10616C00FCF7B6FE994981462046FCF7B1FE044681
:10617C0051463046FCF7ACFE09F036FF014602985A
:10618C00FCF7EAFCFCF7CCFF514606464846FCF708
:10619C009FFE09F029FFDDF8089001464846FCF700
:1061AC00DBFCFCF7BDFF0346514620465CB2FCF716
:1061BC008FFE09F019FF01464846FCF7CDFCFCF7B1
:1061CC00AFFF76B240B295E6FCF776FD0646484640
:1061DC00FCF772FD81462046FCF76EFD0446019BE0
:1061EC00022B37D0019B042BC2D130464FF0864195
:1061FC00FCF7B0FC4FF0864106464846FCF7AAFC7B
:10620C004FF0864181462046FCF7A4FC0446AFE7DC
:10621C0038466E49FCF75CFE6D49FCF79BFC6D49FA
:10622C00FCF756FE694907464846FCF751FE6A4999
:10623C00FCF790FC6949FCF74BFE6449814620460B
:10624C00FCF746FE6649FCF785FC6649FCF740FE08
:10625C00044619E730465D49FCF73AFE5C49FCF709
:10626C0079FC5C49FCF734FE584906464846FCF775
:10627C002FFE5949FCF76EFC5849FCF729FE53498F
:10628C0081462046FCF724FE5549FCF763FC554932
:10629C00FCF71EFE04466BE753495448FEF742F8E0
:1062AC006FF004030D93049B13B1109B002B53D17F
:1062BC00239B43B1219A1B93002A00F08580229BDB
:1062CC001FA81BA998470022219B23921BB11FA931
:1062DC000322084698470D9835B0BDE8F08F337D02
:1062EC00102003B3FEF730FA01218146B800FEF707
:1062FC00FBFC0123DAF85820C9F80000C9F8087033
:10630C0089F80C30C9F804304946204642F8089008
:10631C00FEF7D6F884E649463548FEF703F86FF0E9
:10632C000D030D93BFE7FEF70FFA012181463846A6
:10633C00FEF7DAFC0123C9F80000C9F80870DAF896
:10634C005870A269616889F80C30C9F8043047F8B4
:10635C0008900DF002FA63E60498FDF7D5FAA7E76A
:10636C00DAF824102348FDF7DDFF159BA3B1159B2C
:10637C005C1E049B1C445D1E289B15F9010FC01A62
:10638C00FCF79EFC2799FCF7EFFCFEF73FF91A4847
:10639C00FDF7C8FFAC42EFD11848FDF7C3FFE1E5AC
:1063AC000D9080E701211046FEF79EFC012304901E
:1063BC001093C5E401270DE66FF008030D9377E702
:1063CC006FF002030D93EFE50CF049F800007F43EA
:1063DC00EC51F83EFA7E6A3ED578E93E4260653E65
:1063EC003BDFCF3E6666663E16FCFFFF2067011062
:1063FC000463011048670110986F011020690110A7
:10640C002DE9F04FA3B082460F469046994606916F
:10641C000D93002800F0BD82C368002B00F0B982F8
:10642C00002A00F0B682002900F0B382602200211D
:10643C0040460DF0D6F8DAF80C3093F85440E400EE
:10644C002046FEF781F922460021C8F8580006467E
:10645C000DF0C7F8DAF80C0090F85520836C0E2A72
:10646C0090F83C40D3E9015126D844F6A403D3401C
:10647C00DB0721D590F86130F3B99E4B9D421BD1BF
:10648C004B7BCBB1012C17D1036C9A689A4B9A4277
:10649C0040F08282CDE90019434639460022FFF7CD
:1064AC0011FC0546002800F074813046FDF72CFAEB
:1064BC00284623B0BDE8F08F0B94E4002046FEF78D
:1064CC0043F98346002800F0A881224600210DF0F4
:1064DC0088F80B9CA31C9F0038460BF0BBFF0423D1
:1064EC000360034608330C9044600A93002C00F0C0
:1064FC004E82DDE90A0300219A000DF072F8FDF7D7
:10650C00ABF9DAF80C30119093F83C20002A00F02B
:10651C00A9800024CDF82480A0460C9ACDE90F76F2
:10652C0002F10409196C04EBC40201EB820351F86B
:10653C00221092000892D3E901520792DA685E6940
:10654C0005921A69DB691020039302910492FEF7FD
:10655C00FBF801210746A800FEF7C6FB4FF001032C
:10656C003B73012359F8041FC7E90135C9F80070C2
:10657C00386049B1086818B10B7B002B40F0F680ED
:10658C000846FDF7C1F93868002800F04C81029AE2
:10659C00DAF80CC00BF104034BF8347043F83420D8
:1065AC00DCF81830A844984500F25F81049B069AE9
:1065BC00199300231E93DCF82010CDE91A6C8E423F
:1065CC0018921C931F931D9300F0878015934B4BCF
:1065DC001CAD1E934A4B1F93136914AAB3FBF1F322
:1065EC0006FB03F3209318AB149312AB92E8030051
:1065FC0083E80300039BC5E90001002B71D0414ED9
:10660C003378002B00F08080DAF8046056F8240010
:10661C00002800F08A80099FDAF80C605BF83420BF
:10662C00294605680197B66B059B00966D68A847CF
:10663C00002840F02681FDF73DFE821C1E9B00F0D9
:10664C002A811BB11CA9032208469847DAF80C30A2
:10665C00013493F83C20A2423FF664AFDDF824806D
:10666C00DDE90F76FDF7F8F84FF47A73119A03FB16
:10667C0000F003FB02F2801A63EB0303C8F83C3012
:10668C000D9BC8F83800002B40F059810D9B4246F9
:10669C0059465046FDF710FE0A9BA7F10804054623
:1066AC001C44002800F002810A9B9C4269D0A04641
:1066BC00DDF8289004E02046FDF726F9C14560D0AE
:1066CC0058F8044D002CF9D020680028F3D0237B17
:1066DC00002BF0D0FDF718F9EDE7039B069D002B7E
:1066EC008DD12846059ADCF838305BF83410079DBC
:1066FC00A8479DE79957001015560010493C00100B
:10670C001D41001080F60120B049B148FDF70AFE8A
:10671C00B048FDF707FE4FF001033370DAF8046060
:10672C0056F8240000287FF476AFDAF80030089988
:10673C001A6C0A44D068996BD3699847DAF804301C
:10674C0046F8240053F8240000287FF464AF6FF05F
:10675C000A05DDE90F761E9B1BB11CA90322084616
:10676C0098470A9BA7F108041C449DE70E91FDF77E
:10677C00CBF80E9904E708210C980BF058FE6FF03B
:10678C0007050C9839460BF052FE5846FDF7BCF83D
:10679C008BE641465046FDF721FD0546D8E90E0132
:1067AC0010F5FA704FF47A724FF0000341F10001CA
:1067BC00FCF7FCFCC8F82400D8F84000D8F84410CA
:1067CC0010F5FA704FF47A724FF0000341F10001AA
:1067DC00FCF7ECFCC8F82800D8F85000D8F8541096
:1067EC0010F5FA704FF47A724FF0000341F100018A
:1067FC00FCF7DCFCC8F83000D8F84800D8F84C108E
:10680C0010F5FA704FF47A724FF0000341F1000169
:10681C00FCF7CCFCC8F82C0047E66F48FDF782FD6E
:10682C006FF0070541E62146DDE90F766B48FDF771
:10683C0079FD0A9BA7F108041C449C429BD0A046FE
:10684C00DDF8289004E02846FDF75EF8C84526D010
:10685C0058F8045D002DF9D028680028F3D02B7B64
:10686C00002BF0D0FDF750F8EDE75D48DDE90F7631
:10687C00FDF758FD0A9BA7F108046FF004051C44B2
:10688C0012E70146DDE90F765648FDF74BFD6FF038
:10689C0004051E9B60E70546DDE90F765CE739468B
:1068AC000C980BF0C4FD6FF00705FDE65046414611
:1068BC00FDF794FC054600287FF4F6AED8F8383086
:1068CC00D8F83C1013F5FA704FF47A724FF00003BD
:1068DC0041F10001FCF76AFCD8F84030D8F84410BC
:1068EC00C8F8240013F5FA704FF47A724FF00003D5
:1068FC0041F10001FCF75AFCD8F85030D8F854108C
:10690C00C8F8280013F5FA704FF47A724FF00003B0
:10691C0041F10001FCF74AFCD8F84830D8F84C108B
:10692C00C8F8300013F5FA704FF47A724FF0000388
:10693C0041F10001FCF73AFCC8F82C00B4E6D8F899
:10694C0024102948FDF7EEFC0B9BE3B10024DDF885
:10695C002C905BF834309BB19A6800256AB11B68A7
:10696C0053F82500FDF752FE2048FDF7DBFC5BF8E1
:10697C00343001359A68AA42F1D81D48FDF7D2FC93
:10698C000134A145E5D11B48FDF7CCFC7EE6082778
:10699C00B5E56FF015058BE50820FDF7D5FE8346B0
:1069AC0000283FF43AAF00230C20CBF80030CBF892
:1069BC0004300BF04FFD0123042243600B9300F1D4
:1069CC0008030C270C9002600A9392E500660110F4
:1069DC0008660110F06701105C6701108C670110EC
:1069EC00C46701102067011048670110986F0110EF
:1069FC00206901105C6801102DE9F04F1C464368BA
:106A0C008BB0012B0E469346BDF8509040F0F380AE
:106A1C004B68012B40F0EF804FEA59028B68571CF2
:106A2C00BB42049240F0E780DBF80430012B40F0CD
:106A3C00E280DBF808309F4240F0DD80D0F8008027
:106A4C00B8F1000F00F0D1800B68002B00F0CD8066
:106A5C00DBF80030002B00F0C88085684D45C0F095
:106A6C00BD8048464D46CA4601218000FEF73CF9E0
:106A7C000390002800F0B980BAF1000F09D04FF054
:106A8C007E51039A134602EB8A0243F8041B93428D
:106A9C00FBD15046FCF714F92146FCF765F9014689
:106AAC004FF07E50FCF714FA07904846FCF708F9B3
:106ABC00034621464FF07E501C46FCF709FA01466E
:106ACC002046FCF751F901464FF07E50FCF700FAD6
:106ADC000024DBF800308346A3F1040AA0B2FCF7D3
:106AEC00EBF85946FCF740F923460134A7424AF823
:106AFC00040FF3D1012104209B46FEF7F5F807465D
:106B0C0000286FD02946404609AA04F03DFFDDF865
:106B1C0024A000215046C7F800A0FCF7B9FA30B900
:106B2C002B46424640460AF1004104F0E9FE0121A1
:106B3C00E000FEF7D9F8CDF8009081462346404698
:106B4C0029464A46FEF7A4F98046002839D109F1B6
:106B5C0004052B46D6F800A0B8465D4657460446B9
:106B6C0000269B4682460AE0FBF7F6FFA54249F851
:106B7C00340004F1010147F8040B3FD00C4659F8DE
:106B8C0034105BF8343008464BF834600593FCF74E
:106B9C00EBF8059906900846FCF7E6F801460698CE
:106BAC00FBF7DAFF0799FCF7DFF8049B01469C42E0
:106BBC0049F83400D8D15346BA4647469846CAF8E5
:106BCC0000004846FCF7A0FE3846FCF79DFE0398F3
:106BDC00FCF79AFE40460BB0BDE8F08F28461FFA32
:106BEC0085FA41E7DFF81C80F1E7DFF818804046B2
:106BFC000BB0BDE8F08FDFF81080EBE74746D046CE
:106C0C00DFE700BF16FCFFFF14FCFFFF2DE9F04F80
:106C1C00D0F8048085B0012107464FEA8800FEF7C2
:106C2C0063F80190002800F082807B68984579D148
:106C3C00B8F1000F55D00025061FB9683B6805FB5D
:106C4C0001F003AA03EB800004F09EFE7C68039B1A
:106C5C000135A54246F8043FEFD3A04562D14FF071
:106C6C000009DDF804A00DE043463246304605F13C
:106C7C00004104F045FE7C6809F10109A1450AF1C7
:106C8C00040A2ED2D7F808803E684FEA880B09FB1D
:106C9C000B6676B3DAF8005000212846FCF7F8F9B9
:106CAC000028E9D1B8F5803FDED38046ABF104046F
:106CBC003444A6F1040B5BF8040F2946FBF74AFF9A
:106CCC005C45CBF80000F6D1B8F1000F02D030468D
:106CDC00FCF71AFE7C6809F10109A1450AF1040AC6
:106CEC00D0D300240198FCF70FFE204605B0BDE878
:106CFC00F08F01215846FDF7F7FF064690B1DAF800
:106D0C00005000212846FCF7C3F90028DFD1B8F564
:106D1C00803F09D243463246304605F1004104F02B
:106D2C00EFFDD4E7034CDDE74FF00108BEE7024C62
:106D3C00DBE700BF14FCFFFF16FCFFFF2DE9F04F53
:106D4C00A1B09DF8AC400F461E469DF8A880169049
:106D5C000A92002C40F0D3840A9D9D496C69204610
:106D6C00FBF7DEF9002831D1EB69002B40F02586CA
:106D7C00B8F1000F40F0C5850A9B4FF07C513046AE
:106D8C009C69FBF7F1FF21460546FCF78BF90028BF
:106D9C0040F0B4850A9B586AFBF78EFF01462046EB
:106DAC00FBF7E2FF3146FCF793F8169B5C68FBF7A8
:106DBC002DFB884B0022FBF7CBF9FBF757FE012389
:106DCC001193034601331B90109316E02046824921
:106DDC00FBF7A6F9002800F03785B8F1000F40F05A
:106DEC0098850A9B5B6A03EBD3735B105A1C1B934D
:106DFC0001231193169B10925C68D7F80090002C1D
:106E0C0000F03684119B169A03F18043013B9B00E2
:106E1C0019931B9BD2F808809B001793109B126848
:106E2C009B000B9218934FEA8806002A00F0EC8521
:106E3C0000230B9ACDF8149013931493059B1446CE
:106E4C001EAA0992002B40F0328101210420FDF78B
:106E5C004BFF01230E901293CDF868900025374616
:106E6C00A1464146099A0B9804F0ACFD1E9B0E9A64
:106E7C0029461360059B1C682046FCF709F900287D
:106E8C0040F09B8021462046FBF76EFF2146FBF726
:106E9C006BFF834620465946FBF766FF0490B8F11A
:106EAC00000F00F09280043F4F44A9F1040ACDF882
:106EBC001880CDF81CB02C46CB46B846D146AA4615
:106ECC0059F8047F39463846FBF74EFF3946FBF735
:106EDC004BFF064650463146FBF73EFE3146824696
:106EEC003846FBF741FF01462046FBF735FEC84507
:106EFC000446E5D15646D946DDF81880DDF81CB0BD
:106F0C004046FBF7D9FE0346304619461E46FBF7B2
:106F1C00DFFF5946FBF7DCFF059B314658602046E6
:106F2C001E4603F10C04FBF7D3FF0499FBF7D0FFCB
:106F3C002A49FBF70FFE0A9BB0609E885B6A042E01
:106F4C0000F0C6800193109B414600930A9B484673
:106F5C0093F8353022460293119BFEF72FFD002843
:106F6C0040F0A9840A9B93F83430002B3CD1179B3A
:106F7C00E3180593129B002B40F081800B9B13B1FF
:106F8C00149B002B7FD11699139A4B6801329342B4
:106F9C00139240F26783D1F808800B684FEA880798
:106FAC0007FB0239B9F1000F71D00023059A149335
:106FBC00CDF82C900E92129353E7094BDFF824B0C6
:106FCC000493B8F1000F7FF46EAF0024264697E7C8
:106FDC00706801100000E03F746801100000404030
:106FEC00C21601006142A20D1B9B002BBFD0A4F165
:106FFC00040AD1460027179BDFF8BC801E1F2644CD
:10700C00394659F8040FFCF743F808B1C9F8008069
:10701C004E45F5D104945446B246DFF8A0B0DFF8E3
:10702C00A090DFF8A080284F54F8040F099920F0A5
:10703C00004008F06DFD59460646FBF795FE2349C6
:10704C00FBF788FD01463046FBF78EFE4946FBF701
:10705C0083FD01463046FBF787FE4146FBF77AFD80
:10706C0006461E98FBF72CFE3146FBF775FD39469C
:10707C00FBF77AFEA2452060D6D1049C77E70E98E8
:10708C00FCF742FC7AE70B98FCF73EFC7BE73E46AC
:10709C00DDF8689001213046FDF726FE00231C46E2
:1070AC0001231493059B0B90002B3FF4CEAE059B54
:1070BC000E9300231293CFE6FFE6DB2EA8A19D3F93
:1070CC00FBB3C040E09248409B209A3EF5CA8340F7
:1070DC0003EBD37464100134B4F1005F80F00A85C3
:1070EC00002C00F0E782A30018469A460F93FDF798
:1070FC002BFB07460021524604900CF072FA0A9AB8
:10710C00009492F8353041460293536A48460193F5
:10711C003A460023B846FEF751FC002840F0838421
:10712C0053469B10304601211E460D931C469F086A
:10713C0003F003030693FDF7D7FD31460C90099A33
:10714C00404604F021FC1E9E002F00F09582049B0B
:10715C00BB4603F1100AD0462C46314658F8100CA9
:10716C00FBF7F8FC81460146FBF7FEFD4946FBF7B1
:10717C00FBFD2146FBF7F0FC3146814658F80C0C20
:10718C00FBF7E8FC04460146FBF7EEFD2146FBF756
:10719C00EBFD4946FBF7E0FC3146814658F8080CFC
:1071AC00FBF7D8FC04460146FBF7DEFD2146FBF756
:1071BC00DBFD4946FBF7D0FC3146814658F8040C00
:1071CC00FBF7C8FC04460146FBF7CEFD2146FBF756
:1071DC00CBFD4946FBF7C0FCBBF1010B044608F1A3
:1071EC001008BAD17B1E0D9808930AEB0319FBF714
:1071FC0063FD069B0790002B00F01E82069B0897F0
:10720C004FEA830A09EB83034F469846314657F8F9
:10721C00040BFBF79FFC83460146FBF7A5FD594683
:10722C00FBF7A2FD01462046FBF796FC47450446BA
:10723C00ECD10F9B089F042B40F2F0810799FBF7D0
:10724C0047FE1590002F00F02F82049B03F1100ACB
:10725C007B1E089354463E462B46184654F8101C89
:10726C00FBF77AFC54F80C1CFBF776FC54F8081C62
:10727C00FBF772FC54F8041CFBF76EFC013E034652
:10728C0004F11004E9D1089A0AEB0216069A002AB6
:10729C0000F0DD814FEA820A06EB0A04184656F824
:1072AC00041BFBF759FCA6420346F7D10799FBF7E1
:1072BC000FFE8346002F00F0F381049B03F1100AAC
:1072CC007B1E08935446B8462E46594654F8100C6B
:1072DC00FBF740FC0146FBF747FD3146FBF73CFC56
:1072EC005946064654F80C0CFBF734FC0146FBF7E8
:1072FC003BFD3146FBF730FC5946064654F8080C6A
:10730C00FBF728FC0146FBF72FFD3146FBF724FC6D
:10731C005946064654F8040CFBF71CFC0146FBF7D7
:10732C0023FD3146FBF718FCB8F10108064604F1C1
:10733C001004CAD1089B0AEB0318069B8BB14FEAC9
:10734C00830AC244594658F8040BFBF703FC014668
:10735C00FBF70AFD01463046FBF7FEFBD04506461F
:10736C00F0D107993046FBF7B3FD04460146FBF715
:10737C00FBFC2146FBF7F8FC29460446FBF7A6FE6E
:10738C00002800F04B81204608F0A6FB2946044655
:10739C00FBF77EFE002840F0418121461598FBF753
:1073AC0097FD0C9B0D991860059B099AD860049861
:1073BC0004F0EAFA1E9E002F00F04E81049BBB469F
:1073CC0003F1100AD0462C46314658F8100CFBF746
:1073DC00C1FB0146FBF7C8FC0146FBF7C5FC214687
:1073EC00FBF7BAFB3146044658F80C0CFBF7B2FB22
:1073FC000146FBF7B9FC0146FBF7B6FC2146FBF74F
:10740C00ABFB3146044658F8080CFBF7A3FB0146CE
:10741C00FBF7AAFC0146FBF7A7FC2146FBF79CFBFC
:10742C003146044658F8040CFBF794FB0146FBF775
:10743C009BFC0146FBF798FC2146FBF78DFBBBF14F
:10744C00010B044608F11008BED1069B002B00F07E
:10745C00EB80069B4FEA830A09EB8308314659F807
:10746C00040BFBF777FB0146FBF77EFC0146FBF7B1
:10747C007BFC01462046FBF76FFBC1450446EDD172
:10748C000F9B042B40F2CC800799FBF721FD834620
:10749C00002F00F00C81049B03F1100A54463E4669
:1074AC002B46184654F8101CFBF756FB54F80C1CD2
:1074BC00FBF752FB54F8081CFBF74EFB54F8041C6A
:1074CC00FBF74AFB013E034604F11004E9D17A1E96
:1074DC0008920AEB0216069A002A00F0B3804FEAD3
:1074EC00820A06EB0A04184656F8041BFBF734FB19
:1074FC00A6420346F7D10799FBF7EAFC0446002F96
:10750C0000F0CA80049B03F1100A7B1E0893D1463D
:10751C002E46214659F8100CFBF71CFB0146FBF7D5
:10752C0023FC3146FBF718FB2146064659F80C0C98
:10753C00FBF710FB0146FBF717FC3146FBF70CFB86
:10754C002146064659F8080CFBF704FB0146FBF7ED
:10755C000BFC3146FBF700FB2146064659F8040CA0
:10756C00FBF7F8FA0146FBF7FFFB3146FBF7F4FAA1
:10757C00013F064609F11009CBD1089B0AEB031811
:10758C00069B8BB14FEA830AC244214658F8040B80
:10759C00FBF7E0FA0146FBF7E7FB01463046FBF749
:1075AC00DBFAD0450646F0D130460799FBF790FC44
:1075BC000146FBF7D9FB29460446FBF769FD064655
:1075CC0000282DD121465846FBF782FC9949FBF740
:1075DC00C1FA049F0C9B1860059B1861DDE9102310
:1075EC0093420DD2189B19991A1F049B1A440B44F1
:1075FC000599103153F8040F9A4241F8040FF9D150
:10760C000C98FCF781F90FB1002E74D1049B13B1C7
:10761C001846FCF779F9059C1434A3E42846C0E617
:10762C000026049F8448D5E70F9B042B30D907997B
:10763C00FBF74EFC834631E720460799FBF748FCE5
:10764C00159007E60799FBF743FC04465FE707999B
:10765C00FBF73EFC834635E6069B002B00F0B5801D
:10766C000024F6E6DDF86890059BA3EB0904A41052
:10767C00204621B0BDE8F08F0D98FBF71DFB069B53
:10768C000790002B00F0C8800024DDF81090B5E5C1
:10769C00069E049F68489DE70026DDF8108073E77E
:1076AC000026DDF810804CE60023049EF4E5002350
:1076BC00049E16E701930A9B009493F835304146DB
:1076CC000293484623462246FEF778F9002800F03C
:1076DC0087800446129B002B40F0F2800B9B002B02
:1076EC00C6D0149B002BC3D00B98FCF70DF9204689
:1076FC0021B0BDE8F08F3846FCF706F986E7FDF7B8
:10770C0025F80A9B4FF07E51DD682846FBF7C0FC3C
:10771C00044600287FF420AB034616991CA88A88DF
:10772C0062F30F03ADF870200A8962F31F431E93B6
:10773C000B68ADF872201D931F931EAB1A46294699
:10774C00099304F0EDF800283FF406AB3B493C48A4
:10775C00FCF7E8FD2346DDF85890DDF824A0B9F8D5
:10776C0004202946ADF8702062F30F03B9F8082005
:10777C001CA862F31F431E93D9F80030ADF8722099
:10778C0052461D931F9304F0CBF801462D48FCF78D
:10779C00C9FDB9F804305246ADF8703063F30F04EC
:1077AC00B9F80830294663F31F44ADF87230D9F8A4
:1077BC0000301CA81E941D931F9304F0B1F80446CE
:1077CC0000287FF455AFFFF7C7BA0F9B042B7FF649
:1077DC005FAF00200799FBF77BFB00268346E3E6AF
:1077EC000121FDF781FA012107463046FDF77CFAAD
:1077FC0001260C9021463846099A04F0C5F80494E9
:10780C0000230C9A38461360059A2146D360099AD6
:10781C0004F0BAF80848DDE60F9B042B40F209810E
:10782C0001460020FBF754FB0026DDF81090159064
:10783C0097E500BF00004040000040C00867011001
:10784C00086601100C6701100A9BDB69002B68D1DC
:10785C00B8F1000F40F0DF800A9B4FF07C513046AE
:10786C009C695D6AFBF780FA804620464146FBF72F
:10787C0037FC00B144462846FBF71EFA0146204669
:10788C00FBF772FA3146FBF723FB169B5C68FAF7A1
:10789C00BDFD0022994BFAF759FCFBF7E7F8431CA6
:1078AC00012B38BF01236D086A1C1193D31A109257
:1078BC001B93FFF7A2BA129B0446002B3FF40EAFAA
:1078CC000E98FCF721F809E7B8F1000F00F00481DD
:1078DC001698FFF79BF9044600287FF4C9AE0A9B63
:1078EC004FF07C5130469C69FBF73EFA054620462A
:1078FC002946FBF7F5FB00283FF44CAA2C46FFF772
:10790C0049BA1698FFF782F9044600283FF434AAC6
:10791C00AEE61698FFF77AF9044600283FF461AA00
:10792C00A6E6DDF858B00A9ADBF80440D2F818A0A5
:10793C00002C00F0818005465FFA83F9DBF8082003
:10794C003146019205FB02F2DBF80030484603EBAE
:10795C00820300935246FDF7D1FCDBF8044001355D
:10796C00A542EBD3B8F1000F71D01698FFF74EF982
:10797C00044600287FF47CAE0A9B4FF07C513046C5
:10798C009C695D6AFBF7F0F9814620464946FBF796
:10799C00A7FB00B14C462846FBF78EF90146204662
:1079AC00FBF7E2F93146FBF793FA169B5C68B8F1EA
:1079BC00000F7FF46CAFFFF7FAB9DDF858B00A9AF4
:1079CC00DBF80440D2F818A0002C3FF47DAF05463C
:1079DC005FFA83F9DBF808203146019205FB02F2CD
:1079EC00DBF80030484603EB820300935246FDF768
:1079FC00F9FADBF804400135A542EBD3B8F1000FDE
:107A0C004FD04FF00008B0E71EAB1392CDF8149096
:107A1C000993FFF73FBB1698FFF7F8F804460028C8
:107A2C003FF41AAF24E6034604981C46FBF76CFFA0
:107A3C0050E6069E049FE3E6B8F1000F21D016989D
:107A4C00FFF7E4F8044600287FF412AE04E70A9B23
:107A5C004FF07C513046D3F818805D6AFBF784F9FF
:107A6C0041468146FBF71EFB00B1C8462846FBF792
:107A7C0023F901464046FBF777F93146FBF728FA24
:107A8C0005E70A9B4FF07C5130465D6AFBF76CF9B9
:107A9C00804650464146FBF723FB0028E6D1D046F2
:107AAC00E4E70A9B4FF07C5130469D69FBF75CF98B
:107ABC00804628464146FBF713FB00B145460A9B1E
:107ACC00586AFBF7F9F801462846FBF74DF93146A1
:107ADC00FBF7FEF9FFF76BB94FF07C513046FBF723
:107AEC0043F9054650462946FBF7FAFA0028E6D139
:107AFC005546E4E702480AF0AFFC00BF0000E03F47
:107B0C009463011070B5A4B0602200210CA80BF096
:107B1C0068FD002136224B484B4C4C4B06AECDE950
:107B2C000201CDE90001089486E803004848099356
:107B3C000A920491FCF7F6FB09214648FCF7F2FB8C
:107B4C0002214548FCF7EEFB4448FCF7EBFB4448AC
:107B5C00FCF7E8FB434C04F1D8052046FBF7DCFEB0
:107B6C00002866D16F2018340DF08CFFAC42F4D194
:107B7C003D48FCF7D7FB3DE0FCF7D4FB0E993B48A6
:107B8C00FCF7D0FB0F98FCF741FD3948FCF7CAFB1A
:107B9C0010993648FCF7C6FB1198FCF737FD354DAC
:107BAC003348FCF7BFFB0E99072233480BF033FD2B
:107BBC00EC750F9B10990722AB6130480BF02BFD35
:107BCC0085F82340119B6B62BFF35F8F2C49A82271
:107BDC00A1F130000BF0ECFC2A48FBF79DFEC0B97C
:107BEC006F200DF04FFF2848FBF796FE88B96F20E9
:107BFC000DF048FF0023314624480CAAFEF700FC88
:107C0C0004462348002CB7D021462248FCF78AFBB7
:107C1C0006E001462048FCF785FB2048FCF782FB78
:107C2C00089B1BB10322314630469847012024B0F3
:107C3C0070BD01461848FCF775FB1948FCF772FB40
:107C4C00EEE700BFED380010693C0010DD38001085
:107C5C007C680110AC680110C4680110D868011070
:107C6C00E8680110A8F501204869011008660110A8
:107C7C0004690110005C0120105C01201C5C0120D7
:107C8C00D8F5012050F6012068F6012084F6012079
:107C9C007C6901106069011008690110906901107C
:107CAC00246901106FF0704C2DE9F047D0E9007495
:107CBC00A4EB0709BCEBE90F06468A464FEAE90339
:107CCC0031D0012B1A4638BF01229D1829D26545A7
:107CDC0028BF6546ED002846FCF736FD80469AE83D
:107CEC000300C144A74289E8030018D03B4608F1C1
:107CFC00080293E803000833A34202E9030002F1EF
:107D0C000802F6D1DC1B4444083417B13846FBF7A3
:107D1C00FBFD4544C6E90084B560BDE8F0874446E8
:107D2C00F2E7024DD7E702480AF096FBF8FFFF7F17
:107D3C00786301102DE9F04FB3B0BDF8F8404D68F1
:107D4C0003941C4643689DF8FCC0AB428B463C9E9A
:107D5C009DF8F470CDF810C00D90089240F043835C
:107D6C00419B5A6863465B0003F101098368002A52
:107D7C0040F0B8814A46934240F03583419B9B6862
:107D8C00012B40F030835846FEF740FF8246002816
:107D9C0040F0AD81012C00F0E782022C00F004834E
:107DAC00AC0001212046FCF79FFF0746002800F09D
:107DBC009C81DBF804309D4240F03484B5B1002541
:107DCC00061F0DF1B408DBF80810DBF8003001FBDE
:107DDC0005F0424603EB800003F0F4FD2D9B0135CA
:107DEC0046F8043FDBF804309D42ECD3049B0121A0
:107DFC00580004FB00F0FCF777FF0446002800F065
:107E0C00F582DBF80430002B00F07282049A00211A
:107E1C00002A14BF4B46012303F18043013B9B0016
:107E2C00D200CDE9123710923A1F05910C9214949E
:107E3C00CDF858A0CDF828B00A9B059A9C681B6811
:107E4C00A00000FB02330B93002B00F04082219327
:107E5C0000238DF89030012323942293039B01215E
:107E6C005F087E1C4FEA860B58460E96FCF73CFFCB
:107E7C000790002800F09883B64240F08A834FEABE
:107E8C00C60A5046FCF760FC002305462A939A4B21
:107E9C002DAA2993994B29A93093994B03C9069282
:107EAC0082E803002F933195002D00F02582039B6F
:107EBC0021462A4600930B983346FCF7E9FF2F9A8C
:107ECC000446319B0992002840F0CB81A8464446D9
:107EDC00079AC244151F0F96119015932168D4F878
:107EEC0004800846FAF740FF414606464046FAF73A
:107EFC003BFF01463046FAF72FFE00210646FBF702
:107F0C00E5F8002800F06D82304607F0E5FD0834F6
:107F1C00544545F8040FE1D1159B0F9E119C002B85
:107F2C0000F0BB812F9A09922993099B002B00F03A
:107F3C007C83069D309B284629A9984700233193C2
:107F4C002F9B1BB10322294628469847002C40F052
:107F5C0020830398FAF7B0FE01464FF08040FAF701
:107F6C00B7FF4FF07E510446FBF792F898B9012504
:107F7C00079B2146069A29A8ADF8A6602A93ADF86E
:107F8C00B6602E93ADF8A450ADF8B45003F0C8FC15
:107F9C00002840F0BA8101211098FCF7A5FE099049
:107FAC00002800F00683049B002B00F0C580012103
:107FBC005846FCF799FE0F90002800F0F2810899C2
:107FCC004FF07E50FAF784FF0146FAF7C5FD0146E3
:107FDC004FF07E50FAF77CFF039B04465A1000F0DA
:107FEC006581012A00F0558102F1FF384046159257
:107FFC00FAF762FE01462046FAF76AFF00250F9B4E
:10800C0011941E1F34464FF0000A2E46054630468A
:10801C00FAF752FE2946FAF7A7FE5146FAF79CFDED
:10802C000136B04544F8040FF1D1159A119C0F9B01
:10803C0002F18042013A43F82240049B012103EBF8
:10804C008305E800FCF750FE1190002800F02E810B
:10805C00079A012FD2F800A000F0B0826B001593A4
:10806C0002EB870713460022CDE9179B4FF001085E
:10807C0093461E1D29E0356820462946FBF730F84B
:10808C0070B351462046FAF765FD29460546204651
:10809C00FAF760FD01462846FAF75EFD0021FBF772
:1080AC001FF8E8B14846FAF707FE119B43F82B007E
:1080BC00159B0BF1010B1FFA8BFB5B4500F0AE829D
:1080CC0056F804ACBE4200F09A8156F8044B504668
:1080DC002146C14608F10108FAF7E4FF0028CAD18D
:1080EC00A246EFE7013A4A4445E6DFF818A05046AD
:1080FC0033B0BDE8F08F00BF15390010D538001033
:10810C00293D001016FCFFFF0023099C049E051D51
:10811C00211D50F8332044F8332055F8332041F812
:10812C00332001339E42F4D1FBF7EEFB1198FBF7A1
:10813C00EBFB0F98FBF7E8FB01215846FCF7D4FD4D
:10814C0001250E9C8046CDE9250527948DF8A0507D
:10815C00002800F0398258462946FCF7C5FD2B94BF
:10816C008246CDE929058DF8B050002800F0318207
:10817C00039B089C009329AA234625A921A8FEF756
:10818C003BFC002840F02E82419B29465F6807F19A
:10819C00FF3B4FEA8B00FCF7A7FDCDE92EB5064659
:1081AC008DF8C0502D90002800F02882069B419A33
:1081BC0029A925A80094FCF799FD002840F02482F9
:1081CC000D99059A8B680C9802FB03F30A6850F81A
:1081DC00041F42F8231002EB8302049B0C906BB13A
:1081EC00099C111F201F50F8253042F8253054F8F7
:1081FC00253002354D4541F82530F4D1BBF1000F47
:10820C000FD0129B06EB8707D518083FA6F1040B7D
:10821C005BF8040FA149FAF75BFE5F4545F8040FC4
:10822C00F6D13046FBF770FB5046FBF76DFB404632
:10823C00FBF76AFB0998FBF767FB0798FBF764FBF6
:10824C009DF89030002B3ED10A9B059A5B68013259
:10825C00934205923FF6F0ADDDF858A0DDE91374BA
:10826C0046E0002B7FF460AEDDE9137490461AB142
:10827C00069903220846C047DFF824A20798FBF7AB
:10828C0043FB9DF89030002B32D00B98FBF73CFB56
:10829C002EE000230F9A1360CFE6099B002B3FF4CE
:1082AC0058AE069903220846984752E6DDF83CC0C2
:1082BC00DDE913746046FBF727FBDFF8E4A10998AE
:1082CC00FBF722FBDAE70B98FBF71EFBBCE701215F
:1082DC00FCF70AFD012323940B908DF89030229328
:1082EC00219000287FF4BAADDDE91374DFF8B4A156
:1082FC002046FBF709FB7BE06B48FCF713F8319B3E
:10830C00002B00F0C080674C0CE668496848FCF70D
:10831C0009F8DDF818A0DDF81C805246214629A882
:10832C00ADF8A450ADF8A660CDF8A880ADF8B45067
:10833C00ADF8B660CDF8B88003F0F2FA01465D48AE
:10834C00FBF7F0FF2146524629A8ADF8A450ADF832
:10835C00B450ADF8A660ADF8B660CDF8A880CDF8F5
:10836C00B88003F0DDFA16E6DBF80430002B3FF49E
:10837C0017AD0446DDF82080DBF808204146019259
:10838C0004FB02F2DBF80030384603EB8203009367
:10839C003246FCF727FEDBF8043001349C42EBD369
:1083AC00FEE4DDE9137488E7DBF80430002B3FF4BE
:1083BC00F7AC0446DDF82080DBF80820414601923A
:1083CC0004FB02F2DBF80030384603EB8203009327
:1083DC003246FCF793FFDBF8043001349C42EBD3BC
:1083EC00DEE4002093E5DFF8B8A080E6DFF8B4A067
:1083FC003846FBF789FA504633B0BDE8F08F5B4640
:10840C00DDE9179B002B00F0D9804FF00008CDF868
:10841C005C90CDF860B0002647461C46C146DDF89E
:10842C001CB0CDF854800EE00F9B53F82A20C145A8
:10843C001AD0C9F80020C9F8045009F1080901370D
:10844C00FFB2A74238D2119B53F82700FAF78EFEE1
:10845C0082465BF82A5040982946FAF741FE0028DC
:10846C00E2D035463246E2E7159B1AA91EA8CDE9A3
:10847C001F991E931A921B95FFF714FCDDE91F98A8
:10848C001E9B1593DBE72F9BDDE91374002B3FF448
:10849C00F3AE0699032208469847EDE6000020410A
:1084AC0014FCFFFF16FCFFFFF466011008670110B7
:1084BC00086601100C6701104D46DDE9179B1598F5
:1084CC002E1A85424FEAE60445D0B4FA84F2C2F182
:1084DC001F024FF00003294652001590FBF7E8FCF1
:1084EC00802E159858DD00F180063146FBF7C6FD4D
:1084FC00B54215982FD000F1780AA5F10803CDE903
:10850C00175454469A46CDF86480A046D8F80C60AF
:10851C00D8F804003146D8F808700834FAF7C2FDD0
:10852C0000283FD098E8030008F1080383E8030013
:10853C004546304658F8041CA8F10808FAF7D0FD57
:10854C000028EFD154452F606E60DED1DDE9175461
:10855C001598DDF86480049BA3427FF6D5AD002608
:10856C004346049F06E02E606E6008350134A74236
:10857C007FF6CAAD9D42F6D1CDE91E051CA91EA8F9
:10858C0020951C961D96FFF78DFBDDE91E05209BA3
:10859C00ECE7DDE913746FE629461590FBF76EFDE9
:1085AC001598D8E72546CDE7DFF884A0DDE91374EC
:1085BC0067E6DFF87CA0DDE913745FE64FF0000896
:1085CC00454640464446CAE7DFF864A0DDE913742B
:1085DC0075E64546DDE91374DFF854A02846FBF731
:1085EC0093F96CE64546DDE913740346D0464046E4
:1085FC000393FBF789F9039B9A46EFE74546DDE9C0
:10860C001374D0460A4BF2E703903046DDE913743D
:10861C004546FBF779F9D046039BE8E75B46DDE975
:10862C00179BF2E6DFF80CA0E2E609F018FF00BF9A
:10863C0016FCFFFF14FCFFFF2DE9F04FD768ADB01F
:10864C00884605464FF07E51384616460693FAF793
:10865C001FFD0446002800F08780D5E9019709FB2F
:10866C0007FA4FEA8A0A01215046D5F800B0FCF708
:10867C003BFB0446002800F02D811FFA89F3BFB2A2
:10868C000D900CA908A8ADF82030ADF82270CDF8EB
:10869C0024B0ADF83070ADF83230079303F054F9D4
:1086AC0088B34FF0000AD146079B8B4963F30F093F
:1086BC008A4867F30F0A63F31F4A67F31F49FBF7F6
:1086CC0031FE0CA908A8CDE90CA4CDE9089B03F058
:1086DC003BF901468248FBF725FE0CA908A8CDE919
:1086EC000CA4CDE9089B03F02FF9014620460C465B
:1086FC00FBF70AF97CB121467A48FBF713FE2046BA
:10870C002DB0BDE8F08F5246584621460BF025F8A7
:10871C002046FBF7F9F86B682A899BB2C5E901235F
:10872C0001214FF48070FCF7DFFA402201238246CE
:10873C00002109920CA880228DF82C300A93CDF8D8
:10874C0020A00AF04EFF346B2046F9F7F3FC7F288B
:10875C005CD9654CBAF1000FD1D05046FBF7D4F878
:10876C0020462DB0BDE8F08F0346AA88394662F347
:10877C000F03ADF820202A8908A862F31F430C933D
:10878C002B68ADF822200CAA09930D9303F0C8F8BE
:10879C0000283FF462AF50495048FBF7C3FD234615
:1087AC00AA883946ADF8202062F30F032A8908A85D
:1087BC0062F31F430C932B68ADF822200CAA09938B
:1087CC000D9303F0ADF801464548FBF7ABFDAB88C4
:1087DC003946ADF8203063F30F042B890CAA63F3F0
:1087EC001F44ADF822302B6808A80C9409930D9304
:1087FC0003F096F8044600283FF42FAF01463B489F
:10880C00FBF790FD20462DB0BDE8F08F02462146C7
:10881C000CA80AF0A2FF00270CACAAF1040B2378D9
:10882C00202B03D114F8013F202BFBD0204609F05C
:10883C0049FEFAF73BF901374BF8040F02E014F844
:10884C00013F33B194F800C0BCF12C0FF7D10134C7
:10885C00E5E7B46AB268099707EB4407D8E9011356
:10886C0001FB03F307FB02F18B422AD1D6F814B0BB
:10887C00C8E9012758461E49F9F752FC18B3584667
:10888C001C49F9F74DFCB0FA80F35B095B0008AAB0
:10889C00E4B205920394F06A29460490B08C069ACF
:1088AC000290307F0190B06900904046FFF742FA89
:1088BC00044650B90122B36807FB03F3C8E901234E
:1088CC0048E70D4C46E70123E1E701460B48FBF76F
:1088DC0029FD3FE70A4C0EE70867011008660110F6
:1088EC000C670110D469011010FCFFFFB069011076
:1088FC00706801107468011014FCFFFFFC69011012
:10890C0016FCFFFF2DE9F84F05460C4671B1D0E976
:10891C0001B3A3EB0B03B1EBA30F09D8A200002109
:10892C0058460BEB84040AF05CFE6C60BDE8F88FD3
:10893C006FF06043D0F80090ABEB0906A3EBA602F6
:10894C008A424FEAA60A2CD351452CBF0AEB0107E9
:10895C000AEB0A079F4228BF1F46BF003846FBF7A9
:10896C00F3FE064400218046A20030460AF039FE90
:10897C00D94507D04A46434652F8041B43F8041B1A
:10898C009E42F9D1B9F1000F02D04846FAF7BCFF6C
:10899C00544408EB84044744C5E90084AF60BDE847
:1089AC00F88F014809F058FD306A011084B038B5D1
:1089BC000C9C04AD85E80F00D4E90032D11A0C29C7
:1089CC000D9D31D910291ED8D5E90012531A0C2B44
:1089DC0022D9102B04D901F110039A4200D06B60FC
:1089EC00206808AA031F04390C3052F804ED43F830
:1089FC0004EFD2F810C0834241F804CFF5D1BDE8A2
:108A0C00384004B0704710339A4218BF6360D5E900
:108A1C000012531A0C2BDCD89910C1F10401284612
:108A2C00FFF770FF2968DBE789102046C1F10401CC
:108A3C00FFF768FFC8E700BF84B038B5109C04ADE1
:108A4C0085E80F00D4E90032D11A1429119D31D9CF
:108A5C0018291ED8D5E90012531A142B22D9182B19
:108A6C0004D901F118039A4200D06B6020680AAA5D
:108A7C00031F043900F1140E52F804CD43F804CF4F
:108A8C009069734541F8040FF6D1BDE8384004B045
:108A9C00704718339A4218BF6360D5E90012531A15
:108AAC00142BDCD89910C1F106012846FFF72AFFD8
:108ABC002968DBE789102046C1F10601FFF722FF88
:108ACC00C8E700BF84B038B5149C04AD85E80F002E
:108ADC00D4E90032D11A1C29159D31D920291ED870
:108AEC00D5E90012531A1C2B22D9202B04D901F1E1
:108AFC0020039A4200D06B6020680CAA031F043933
:108B0C0000F11C0E52F804CD43F804CF106A7345E3
:108B1C0041F8040FF6D1BDE8384004B0704720335B
:108B2C009A4218BF6360D5E90012531A1C2BDCD88B
:108B3C009910C1F108012846FFF7E4FE2968DBE72C
:108B4C0089102046C1F10801FFF7DCFEC8E700BF21
:108B5C0084B038B5189C04AD85E80F00D4E9003218
:108B6C00D11A2429199D30D928291DD8D5E90023DB
:108B7C00991A242921D9282904D902F128018B42D8
:108B8C0000D0696021680EAB0439043A53F804CD67
:108B9C00986A41F804CF42F8040F04A88342F5D137
:108BAC00BDE8384004B0704728339A4218BF636060
:108BBC00D5E90023991A2429DDD889102846C1F15A
:108BCC000A01FFF79FFE2A68DCE789102046C1F1F5
:108BDC000A01FFF797FEC9E784B038B51C9C04ADB9
:108BEC0085E80F00D4E90032D11A2C291D9D30D90B
:108BFC0030291DD8D5E90023991A2C2921D93029DF
:108C0C0004D902F130018B4200D06960216810ABAD
:108C1C000439043A53F804CD186B41F804CF42F8E8
:108C2C00040F04A88342F5D1BDE8384004B0704766
:108C3C0030339A4218BF6360D5E90023991A2C2966
:108C4C00DDD889102846C1F10C01FFF75BFE2A68BC
:108C5C00DCE789102046C1F10C01FFF753FEC9E790
:108C6C0084B038B5209C04AD85E80F00D4E90032FF
:108C7C00D11A3429219D30D938291DD8D5E90023A2
:108C8C00991A342921D9382904D902F138018B4297
:108C9C0000D06960216812AB0439043A53F804CD52
:108CAC00986B41F804CF42F8040F04A88342F5D125
:108CBC00BDE8384004B0704738339A4218BF63603F
:108CCC00D5E90023991A3429DDD889102846C1F139
:108CDC000E01FFF717FE2A68DCE789102046C1F168
:108CEC000E01FFF70FFEC9E784B038B5249C04AD24
:108CFC0085E80F00D4E90032D11A3C29259D30D9E2
:108D0C0040291DD8D5E90023991A3C2921D940299D
:108D1C0004D902F140018B4200D06960216814AB88
:108D2C000439043A53F804CD186C41F804CF42F8D6
:108D3C00040F04A88342F5D1BDE8384004B0704755
:108D4C0040339A4218BF6360D5E90023991A3C2935
:108D5C00DDD889102846C1F11001FFF7D3FD2A6830
:108D6C00DCE789102046C1F11001FFF7CBFDC9E704
:108D7C0084B038B5289C04AD85E80F00D4E90032E6
:108D8C00D11A4429299D30D948291DD8D5E9002369
:108D9C00991A442921D9482904D902F148018B4256
:108DAC0000D06960216816AB0439043A53F804CD3D
:108DBC00986C41F804CF42F8040F04A88342F5D113
:108DCC00BDE8384004B0704748339A4218BF63601E
:108DDC00D5E90023991A4429DDD889102846C1F118
:108DEC001201FFF78FFD2A68DCE789102046C1F1DC
:108DFC001201FFF787FDC9E784B038B52C9C04AD90
:108E0C0085E80F00D4E900218B1A4C2B2D9D30D90D
:108E1C00502B1DD8D5E900218B1A4C2B21D9502B66
:108E2C0004D902F15003994200D06B60216818AB51
:108E3C000439043A53F804CD186D41F804CF42F8C4
:108E4C00040F04A88342F5D1BDE8384004B0704744
:108E5C005032914218BF6260D5E900218B1A4C2B1D
:108E6C00DDD89B102846C3F11401FFF74BFD2A688F
:108E7C00DCE79B102046C3F11401FFF743FDC9E763
:108E8C002DE9F04F8BB0DDF850A006460AF1FF3407
:108E9C00132C8B4617469846169D00F21881002914
:108EAC0000F015818C1E04EB4A04B4F1005F80F0D5
:108EBC001481002C00F0EF804FEA84094846FBF740
:108ECC0043FC00214A4603900AF08BFBBAF1020FD7
:108EDC0000F0E680039B0AF18041A3F104094A46A5
:108EEC008B1E06EB830353F8040D9E4242F8040FCD
:108EFC00F9D1039B0339321F4FEA810E02EB8B0C25
:108F0C0003EB81014FEA8B0352F8040F944541F8AF
:108F1C00040FF9D1A4EB0A02039902F18042334405
:108F2C00013A0EF10C060BF1FF3B01EB8202981B90
:108F3C0053F8041D984242F8041FF9D1159B0AEB13
:108F4C000B04D3E90032D11A640889108C4200F268
:108F5C00B780C0F096804FEA840AD5E90010431A16
:108F6C009B109C42049300F2A18008D201EB0A03EF
:108F7C00984204D018466B604FEAAA0304934C46FF
:108F8C00AAF1040A01EB0A050095159DA1F1040B49
:108F9C00D5F80090A8F10403A9F10405CDE90590DA
:108FAC00AA46D846A1463A1FCDE90715CDE90123BB
:108FBC009719CDF824B01E444C460025DDF804B0BA
:108FCC005BF8041F54F8040FF9F7CEFE014628464F
:108FDC00F9F7C2FDBB450546F2D14C460025DDF83C
:108FEC0008B04AF8040F5BF8041F54F8040FF9F7A3
:108FFC00BBFE01462846F9F7AFFDB3450546F2D155
:10900C00009B48F8040F984509F10809D4D1DDE913
:10901C000590DDE907158142DDF824B012D04FF040
:10902C00000800272E4E049C5BF8040F314620F0FC
:10903C000040FAF737F808B1CBF8007008F10108D6
:10904C00A045F1D3159B5B68A3EB090899454FEA42
:10905C00A8080ED000240027214E55F8040F3146E5
:10906C0020F00040FAF71EF800B12F60013444459F
:10907C00F3D3039B13B10398FAF746FC0BB0BDE88E
:10908C00F08F03EB84039A4218BF159A4FEA840AB7
:10909C0018BF536061E7BAF1020F03947FF41AAF63
:1090AC00039B0AF18041A3F1040922E7E11A284647
:1090BC00FFF728FCD5E90010431A9B1004935EE7D8
:1090CC001598611AFFF71EFC4FEA840A45E7D32175
:1090DC00044B054A054809F0D7F9054809F0BCF9D5
:1090EC0095BFD6334C6A01106C6A0110F86A0110F6
:1090FC00946301102DE9F0410C46CEB0B7490546FA
:10910C001646F9F70DF8002800F0FC812846B44902
:10911C00F9F706F8002800F0C7812846B149F8F79E
:10912C00FFFF002800F066822846AF49F8F7F8FFE9
:10913C00002800F09A822846AC49F8F7F1FF002885
:10914C0000F02B822846AA49F8F7EAFF002800F025
:10915C001F832846A749F8F7E3FF002800F0528345
:10916C002846A549F8F7DCFF002800F0C182284604
:10917C00A249F8F7D5FF002800F08D832846A049B6
:10918C00F8F7CEFF002800F0C38328469D49F8F776
:10919C00C7FF002800F0F88328469B49F8F7C0FF6A
:1091AC00002800F02D8428469849F8F7B9FF0028CC
:1091BC0000F06E8428469649F8F7B2FF002800F0BC
:1091CC00A38428469349F8F7ABFF002800F0D78416
:1091DC0028469149F8F7A4FF002800F0148528468A
:1091EC008E49F8F79DFF002800F03B8528468C49F6
:1091FC00F8F796FF002800F0438528468949F8F7D0
:10920C008FFF002800F05E8528468749F8F788FF15
:10921C00002800F0438528468449F8F781FF002890
:10922C0000F08A8528468249F8F77AFF002800F07A
:10923C00818528467F49F8F773FF002800F06B857D
:10924C0028467D49F8F76CFF002800F05585284624
:10925C007A49F8F765FF002800F01B862846784904
:10926C00F8F75EFF002800F0118628467549F8F7DC
:10927C0057FF002800F0DB8528467349F8F750FFAC
:10928C00002800F0D18528467049F8F749FF0028DE
:10929C0000F0C78528466E49F8F742FF002800F019
:1092AC00BD8528466B49F8F73BFF002800F0B385D5
:1092BC0028466949F8F734FF002800F0AA852846AB
:1092CC006649F8F72DFF002800F0A185284664496F
:1092DC00F8F726FF002800F0988528466149F8F732
:1092EC001FFF002800F08E8528465F49F8F718FF0D
:1092FC00002800F0858528465C49F8F711FF002806
:10930C0000F07C8528465A49F8F70AFF002800F03F
:10931C00728528465749F8F703FF002800F0688546
:10932C0028465549F8F7FCFE002800F05F852846D2
:10933C005249F8F7F5FE002800F0258528465049DB
:10934C00F8F7EEFE002800F01C8528464D49F8F78A
:10935C00E7FE002800F0128528464B49F8F7E0FE9E
:10936C00002800F0088528464849F8F7D9FE00285F
:10937C0000F0FE8428464649F8F7D2FE002800F09B
:10938C00F58428464349F8F7CBFE002800F0EC841E
:10939C0028464149F8F7C4FE002800F0E38428462B
:1093AC003E49F8F7BDFE002800F0A48428463C494D
:1093BC00F8F7B6FE002840F097843A4D902205F15C
:1093CC0010016846CDE924460AF0C7F995E80F006C
:1093DC00FFF712FD4EB0BDE8F08100BF706B0110BD
:1093EC00786B0110806B0110886B0110906B011071
:1093FC00986B0110A06B0110A86B0110B06B0110E1
:10940C00B86B0110C06B0110C86B0110D06B011050
:10941C00D86B0110E06B0110E86B0110F06B0110C0
:10942C00F86B0110FC6B0110006C0110046C011046
:10943C00086C01100C6C0110106C0110146C0110F4
:10944C00186C0110206C0110286C0110306C01108C
:10945C00386C0110406C0110486C0110506C0110FC
:10946C00586C0110606C0110686C0110706C01106C
:10947C00786C0110806C0110886C0110906C0110DC
:10948C00986C0110A06C0110A86C0110B06C01104C
:10949C00B86C0110C06C0110C86C0110D06C0110BC
:1094AC00D86C0110EC78011026AD5022B249284638
:1094BC000AF053F9D4E90032D11A242966D92829A3
:1094CC0003D928339A4218BF6360D6E90023991A4E
:1094DC00242940F2F380282904D902F128018B4277
:1094EC0000D07160216830AB0439043A53F8044D54
:1094FC00986A9D4241F8044F42F8040FF6D14EB0E1
:10950C00BDE8F0819D4F26AD0FCF0FC50FCFD4E92D
:10951C0000E80FC597E80F00A8EB0E0CBCF1140F78
:10952C0085E80F0040F29980BCF1180F1CD8D6E9E1
:10953C000012531A142B21D9182B04D901F118033A
:10954C009A4200D0736025682CAA2B1F043914355D
:10955C0052F8044D43F8044F90699D4241F8040FB2
:10956C00F6D14EB0BDE8F0810EF11803984518BF46
:10957C006360D6E90012531A142BDDD89910C1F18F
:10958C0006013046FFF7BEF93168DCE7891020464A
:10959C00C1F10A01FFF7B6F997E726AD70227849B9
:1095AC0028460AF0DAF8D4E900218B1A342B40F261
:1095BC009880382B03D93832914218BF6260D6E9B3
:1095CC0000218B1A342B40F24F81382B04D902F135
:1095DC003803994200D07360216834AB0439043AE3
:1095EC0053F8040D41F8040F986B9D4242F8040F98
:1095FC00F6D1EFE6634F26AD0FCF0FC50FCFD4E9F1
:10960C0000E80FC597E80F00A8EB0E0CBCF1140F87
:10961C0085E80F0040F2A880BCF1180F56D8D6E9A7
:10962C000012531A142B40F29780182B04D901F115
:10963C0018039A4200D0736024682CAA231F0439A3
:10964C00143452F8040D43F8040F90699C4241F80D
:10965C00040FF6D14EB0BDE8F0814FEAAC012046C4
:10966C00C1F10601FFF74EF961E726AD50224649DC
:10967C0028460AF072F8D4E900218B1A242B40F208
:10968C00BA80282B28D8D6E900218B1A242B40F23B
:10969C00AA80282B04D902F12803994200D07360C8
:1096AC00216830AB0439043A53F8040D41F8040F27
:1096BC00986A9D4242F8040FF6D18BE68910304629
:1096CC00C1F10A01FFF71EF932680BE70EF118031E
:1096DC00984518BF6360A2E72832914218BF6260B8
:1096EC00D1E79B102046C3F10E01FFF70BF966E79B
:1096FC00264F26AD0FCF0FC50FCF0FC50FCF0FC500
:10970C0097E80F0085E80F00D4E900218B1A1C2B79
:10971C0040F23381202B03D92032914218BF626072
:10972C00D6E90012531A1C2B40F21F81202B04D9AE
:10973C0001F120039A4200D0736024682EAA231FE3
:10974C0004391C3452F8040D43F8040F106AA34278
:10975C0041F8040FF6D13DE69910C1F106013046EF
:10976C00FFF7D0F8316867E74FEAAC012046C1F14A
:10977C000601FFF7C7F852E73C8A01108C8A0110EA
:10978C004C8901100C8A0110BC8901105C880110F5
:10979C0026AD9022B849284609F0DFFFD4E9002114
:1097AC008B1A442B70D9482B03D94832914218BFDD
:1097BC006260D6E900218B1A442B5DD9482B04D961
:1097CC0002F14803994200D07360216838AB043928
:1097DC00043A53F8040D41F8040F986CAB4242F86C
:1097EC00040FF6D1F6E59B103046C3F10A01FFF7E2
:1097FC0089F8326854E79B102046C3F10A01FFF741
:10980C0081F840E79D4F26AD0FCF0FC5D4E900E896
:10981C0097E80F00A8EB0E0CBCF10C0F85E80F00BD
:10982C0066D9BCF1100F04D90EF11003984518BF7E
:10983C006360D6E90012531A0C2B61D9102B04D992
:10984C0001F110039A4200D0736024682AAA231FE6
:10985C0004390C3452F8040D43F8040F1069A34278
:10986C0041F8040FF6D1B5E59B103046C3F10E015B
:10987C00FFF748F83268AFE69B103046C3F112018F
:10988C00FFF740F83268A0E79B102046C3F11201A5
:10989C00FFF738F88DE726AD60227949284609F0A4
:1098AC005CFFD4E900218B1A2C2B40F2A280302BC8
:1098BC0003D93032914218BF6260D6E900218B1A6D
:1098CC002C2B40F28E80302B04D902F130039942BC
:1098DC0000D07360216832AB0439043A53F8040D9C
:1098EC0041F8040F186BAB4242F8040FF6D171E546
:1098FC004FEAAC012046C1F10401FFF703F898E7E9
:10990C009B10C3F104013046FEF7FCFF31689CE765
:10991C0026AD80225B49284609F01FFFD4E90021BF
:10992C008B1A3C2B40F2A180402B03D94032914240
:10993C0018BF6260D6E900218B1A3C2B40F28D8057
:10994C00402B04D902F14003994200D07360216886
:10995C0036AB0439043A53F8040D41F8040F186C73
:10996C00AB4242F8040FF6D134E59B10C3F1080169
:10997C003046FEF7C7FF3168DFE69B102046C3F187
:10998C000801FEF7BFFFCBE626ADA0223E492846D4
:10999C0009F0E3FED4E90031CA1A4C2A40F2AD803A
:1099AC00502A03D95033994218BF6360D6E900217D
:1099BC008B1A4C2B40F29980502B04D902F1500396
:1099CC00994200D0736021683AAB0439043A53F8D9
:1099DC00040D41F8040F186DAB4242F8040FF6D198
:1099EC00F8E49B103046C3F10C01FEF78BFF326894
:1099FC0070E79B102046C3F10C01FEF783FF5CE778
:109A0C0026AD50222149284609F0A7FED4E90031A1
:109A1C00CA1A242A40F2AC80282A03D92833994246
:109A2C0018BF6360D6E900218B1A242B40F2988072
:109A3C00282B04D902F12803994200D073602168C5
:109A4C0030AB0439043A53F8040D41F8040F986A0A
:109A5C00AB4242F8040FF6D1BCE49B103046C3F184
:109A6C001001FEF74FFF326871E79B102046C3F1DF
:109A7C001001FEF747FF5DE7BC8801109C880110C0
:109A8C00FC8701107C870110DC8601108C8601108C
:109A9C0026AD6022BD49284609F05FFED4E90031AD
:109AAC00CA1A2C2A40F2A880302A03D930339942A2
:109ABC0018BF6360D6E90012531A2C2B40F2948025
:109ACC00302B04D901F130039A4200D07360226824
:109ADC0032AB043A043953F8040D42F8040F186BF6
:109AEC00AB4241F8040FF6D174E49B103046C3F13D
:109AFC001401FEF707FF326865E792102046C2F1A9
:109B0C001401FEF7FFFE51E726AD9022A04928462E
:109B1C0009F023FED4E90031CA1A442A40F28A80A3
:109B2C00482A03D94833994218BF6360D6E900121A
:109B3C00531A442B76D9482B04D901F148039A4285
:109B4C0000D07360226838AB043A043953F8040D22
:109B5C0042F8040F986CAB4241F8040FF6D139E48B
:109B6C009B103046C3F10A01FEF7CCFE326866E763
:109B7C0092102046C2F10A01FEF7C4FE52E7854F4F
:109B8C0026AD0FCF0FC50FCFD4E900C80FC597E88E
:109B9C000F00A8EB0C0EBEF1140F85E80F0058D97E
:109BAC00BEF1180F04D90CF11803984518BF636067
:109BBC00D6E90012531A142B43D9182B04D901F1EE
:109BCC0018039A4200D0736020682CAA031F043932
:109BDC00143052F8044D43F8044F9469834241F811
:109BEC00044FF6D1FFF7F6BB9B10C3F10C013046C6
:109BFC00FEF788FE31686AE792102046C2F10C012C
:109C0C00FEF780FE56E7644D05F1100150226846C0
:109C1C00CDE9144609F0A1FD95E80F00FEF7DCFF35
:109C2C00FFF7D8BB9B10C3F112013046FEF76AFE5A
:109C3C00316887E792102046C2F11201FEF762FEEE
:109C4C0074E79B10C3F106013046FEF75BFE3168EA
:109C5C00BAE74FEAAE012046C1F10601FEF752FE0B
:109C6C00A6E74E4D05F1100180226846CDE920464D
:109C7C0009F073FD95E80F00FFF77AF8FFF7AABB20
:109C8C00474D05F110030FCB05968DE80F0095E8B5
:109C9C000F000494FEF78AFEFFF79CBB6D46414F04
:109CAC000D9607F110060C940FCE0FC50FCE0FC5F5
:109CBC0096E80F0085E80F0097E80F00FEF702FF0B
:109CCC00FFF788BB6D46384F099607F110060894CC
:109CDC000FCE0FC596E80F0085E80F0097E80F0030
:109CEC00FEF7AAFEFFF776BB8C21304B304A314889
:109CFC0008F0CAFB304DB5E7304D05F1100170226C
:109D0C006846CDE91C4609F028FD95E80F00FEF7E2
:109D1C00EBFFFFF75FBB2A4D05F11001602268468F
:109D2C00CDE9184609F019FD95E80F00FEF798FFEC
:109D3C00FFF750BB234D67E76D46234F119607F194
:109D4C00100610940FCE0FC50FCE0FC50FCE0FC53A
:109D5C0096E80F0085E80F0097E80F00FEF7F8FE75
:109D6C00FFF738BB194DC8E7194DD5E7194D4BE72F
:109D7C006D46194FE2E76D46184F91E76D46184F47
:109D8C00A2E7184D7DE7184D6CE700BF2C8601103B
:109D9C009C8501106C8501100C8501107C840110D0
:109DAC005C840110EC8301102C840110AC64011054
:109DBC00E06C0110F86A01108C7901104C820110D2
:109DCC00CC8201103C8301109C8301101C7A011081
:109DDC009C7A01100C7B01106C7B0110BC7B011078
:109DEC002C8401105C840110FC7B01102A4D0BE7C4
:109DFC006D462A4FA2E72A4DFFF7E0BA294D7CE7C2
:109E0C00294D01E76D46294F4AE7294D39E7294D80
:109E1C0028E7294D80E76D46284F8FE76D46284F80
:109E2C0052E76D46274F89E76D46274F4CE7D4E93B
:109E3C000031CA1A042A22D9082A03D908339942B4
:109E4C0018BF6360D6E90012531A042B0FD9082BE4
:109E5C0004D901F108039A4218BF736022681B4BA6
:109E6C001B4813600B6053604860FFF7B3BA9B103C
:109E7C00C3F102013046FEF745FD3168EEE7921062
:109E8C002046C2F10201FEF73DFDDBE7114DFFF765
:109E9C0095BA114DE6E600BF8C7C0110EC7C0110EC
:109EAC003C7D0110DC7D01105C7E0110BC7E01103C
:109EBC00FC7E01101C7F0110AC7F01101C80011076
:109ECC006C8001109C800110EC800110F304353F74
:109EDC00F30435BF1C810110BC8101106FF0604C84
:109EEC002DE9F047D0E90074A4EB0709BCEBA90FEE
:109EFC0006468A464FEAA9032CD0012B1A4638BFD6
:109F0C0001229D1824D2654528BF6546AD00284620
:109F1C00FAF71AFCDAF80030A742804640F809300C
:109F2C0014D03B46024653F8041BA34242F8041BD0
:109F3C00F9D1DC1B4444043417B13846F9F7E4FC7E
:109F4C004544C6E90084B560BDE8F0870446F2E7F5
:109F5C00024DDCE7024808F07FFA00BFFCFFFF7FF0
:109F6C007863011000232DE9F04FD0E9007689B019
:109F7C00B7428146D7F800A00191069300F0A38068
:109F8C000437BE42554616D0BB465BF8044B2946F7
:109F9C002046F9F787F800B92C46B3452546F4D18D
:109FAC0057F8044B51462046F9F79AF800B9544635
:109FBC00BE42A246F4D129465046F8F7CBFD47499C
:109FCC00F8F786FF002200236421824604A8CDE91D
:109FDC000423FEF797FCD9E90063059AA3EB060965
:109FEC00B342049F00924FEAA9091DD04FF000081C
:109FFC004FF07E5B043E294656F8040FF8F7AAFD95
:10A00C005146F8F765FFF9F7B1F8632828BF6320CC
:10A01C005946044657F82000F8F79EFD08F1010850
:10A02C00C14547F82400E6D8009BDB1B4FEAA30987
:10A03C00002B4FD0A7F1040AD3460025002420465C
:10A04C005BF8041FF8F788FD0135A9450446F6D8DE
:10A05C00554607F5C67B55F8040F2146F8F738FF2F
:10A06C005D452860F7D14FF0000B009BCDF80CB08C
:10A07C009F4218BF002415D05AF8045F5946284651
:10A08C00F9F72EF858B1284605F0D2FC01462846BF
:10A09C00F8F76AFE01460398F8F75CFD039001346B
:10A0AC004C45E9D3019AD2E9013293420DD0039A7F
:10A0BC0043F8042B019A536017B13846F9F724FC86
:10A0CC0009B0BDE8F08F554675E7019803A9FFF775
:10A0DC0005FFF1E70024A7F1040AB9E70000C84224
:10A0EC002DE9F04FD0E900548FB00490601B8A46E4
:10A0FC000B9200F07B84FAF727FB049B0990D3E9C1
:10A10C000054A54200F09484601B099B2A1F18443C
:10A11C0052F8041F43F8041B8342F9D1099B1C44D9
:10A12C00A4EB0509994500F08A84099E4946A9EBE0
:10A13C000605AC10B4FA84F2C2F11F02304652008C
:10A14C00F9F7FCFD402D40F35A8406F1400B5946BB
:10A15C003046F9F793FDCB451FD006F13C0801942E
:10A16C005C46CB46C146A0464D4654F8047B59F894
:10A17C00046B39463046F8F7B3FF48B1A8466E6019
:10A18C0055F8046D38463146F8F78CFF0028F5D1A8
:10A19C005C45C8F80070E6D1019C601EF8F78CFD98
:10A1AC0099490446F8F7E0FDF8F730F9974B00228F
:10A1BC00F7F7CEFFF8F75AFC099B03EB8000036816
:10A1CC000DA950460D93FAF74DFB4FF07A512046EE
:10A1DC00F8F7CAFDF8F71AF900228C4BF7F7B8FF1D
:10A1EC00F8F744FC099D0DA955F8203050460D9305
:10A1FC00FAF738FB4FF07D512046F8F7B5FDF8F72C
:10A20C0005F90022814BF7F7A3FFF8F72FFC55F85F
:10A21C0020300DA950460D93FAF724FB7C492046BB
:10A22C00F8F7A2FDF8F7F2F80022784BF7F790FF59
:10A23C00F8F71CFC55F820300DA950460D93FAF791
:10A24C0011FB4FF07C512046F8F78EFDF8F7DEF845
:10A25C0000226E4BF7F77CFFF8F708FC55F820301E
:10A26C000DA950460D93FAF7FDFA049B1A685B682A
:10A27C0001929B1A06939B100793002A00F0E5832A
:10A28C0000230A9301210420FAF72EFDDAE90132AA
:10A29C009342059000F0E1830B9A43F8042BCAF823
:10A2AC000430079B9F0803F00308069B042B40F225
:10A2BC00AC83002F00F07B830026019BB946103342
:10A2CC001D463046039355F8101CF8F745FC55F81D
:10A2DC000C1CF8F741FC55F8081CF8F73DFC55F838
:10A2EC00041CF8F739FCB9F1010905F11005EAD1A4
:10A2FC003B010293019B0646079803EB071BF8F7FB
:10A30C00DBFC8146B8F1000F00F041834FEA880472
:10A31C000BEB880530465BF8041BF8F71DFCAB45CE
:10A32C000646F7D14946F8F7D3FD0546002F00F055
:10A33C005183019B103303933B010293BB460026D0
:10A34C00039C294654F8100CF8F704FC0146F8F766
:10A35C000BFD3146F8F700FC2946064654F80C0C68
:10A36C00F8F7F8FB0146F8F7FFFC3146F8F7F4FB79
:10A37C002946064654F8080CF8F7ECFB0146F8F7AA
:10A38C00F3FC3146F8F7E8FB2946064654F8040C72
:10A39C00F8F7E0FB0146F8F7E7FC3146F8F7DCFB91
:10A3AC00BBF1010B064604F11004CAD1DDE9013BF7
:10A3BC009B44B8F1000F11D04FEA88045C44294645
:10A3CC005BF8040BF8F7C6FB0146F8F7CDFC014629
:10A3DC003046F8F7C1FBA3450646F0D14946304656
:10A3EC00F8F776FD00210446F8F770FE002800F01F
:10A3FC001283204605F070FB059B1860DAE90132E8
:10A40C00934200F0108305E0CDCC4C3D0000E03FC2
:10A41C003333733F43F8040BCAF80430049B0DAA82
:10A42C00D3E90001091A891001F0F8FA50460DA978
:10A43C00FAF718FA07990DAA019801F0C3FA059BCF
:10A44C000D9A1A60DAE901318B4200F00D8343F862
:10A45C00042BCAF80430079901980DAA01F094FA5C
:10A46C000D9E002F00F00583019B3C46103399464E
:10A47C0000250393314659F8100CF8F76BFB834613
:10A48C000146F8F771FC5946F8F76EFC2946F8F7C7
:10A49C0063FB3146834659F80C0CF8F75BFB054619
:10A4AC000146F8F761FC2946F8F75EFC5946F8F7C7
:10A4BC0053FB3146834659F8080CF8F74BFB05461D
:10A4CC000146F8F751FC2946F8F74EFC5946F8F7C7
:10A4DC0043FB3146834659F8040CF8F73BFB054621
:10A4EC000146F8F741FC2946F8F73EFC5946F8F7C7
:10A4FC0033FB013C054609F11009BBD13B0102932A
:10A50C00019B079803EB0719F8F7D6FB0490B8F1F9
:10A51C00000F00F033824FEA880409EB880302979E
:10A52C0003944F462C46B3461D46594657F8040B28
:10A53C00F8F710FB06460146F8F716FC3146F8F71B
:10A54C0013FC01462046F8F707FBAF420446ECD15A
:10A55C00DDE90274069B042B40F2EF810499F8F7B5
:10A56C00B7FC0890002F00F02D82019B1033039351
:10A57C003B0102933E460023039D184655F8101CE0
:10A58C00F8F7EAFA55F80C1CF8F7E6FA55F8081C37
:10A59C00F8F7E2FA55F8041CF8F7DEFA013E034628
:10A5AC0005F11005E9D1DDE901215618B8F1000FCC
:10A5BC0000F0F3814FEA88043519184656F8041B4D
:10A5CC00F8F7CAFAAE420346F7D10499F8F780FCC3
:10A5DC000546002F00F00682019B103303933B01CC
:10A5EC000293BB460026039C294654F8100CF8F73E
:10A5FC00B1FA0146F8F7B8FB3146F8F7ADFA29463F
:10A60C00064654F80C0CF8F7A5FA0146F8F7ACFB23
:10A61C003146F8F7A1FA2946064654F8080CF8F723
:10A62C0099FA0146F8F7A0FB3146F8F795FA294656
:10A63C00064654F8040CF8F78DFA0146F8F794FB2B
:10A64C003146F8F789FABBF1010B064604F1100408
:10A65C00CAD1DDE9013B9B44B8F1000F11D04FEAA0
:10A66C0088045C4429465BF8040BF8F773FA01463E
:10A67C00F8F77AFB01463046F8F76EFAA345064622
:10A68C00F0D104993046F8F723FC04460146F8F75C
:10A69C006BFB2146F8F768FB00210446F8F716FD22
:10A6AC00002800F04A81204605F016FA00210446E5
:10A6BC00F8F7EEFC002840F0408121460898F8F7A6
:10A6CC0007FC059B1860DAE90132934200F03D81EA
:10A6DC0043F8040BCAF80430079901980DAA01F04D
:10A6EC0053F9DDF834B0002F00F0CE81019B3C46CD
:10A6FC0010331D4600260393594655F8100CF8F7F5
:10A70C0029FA0146F8F730FB0146F8F72DFB3146E4
:10A71C00F8F722FA5946064655F80C0CF8F71AFACF
:10A72C000146F8F721FB0146F8F71EFB3146F8F716
:10A73C0013FA5946064655F8080CF8F70BFA014679
:10A74C00F8F712FB0146F8F70FFB3146F8F704FA5D
:10A75C005946064655F8040CF8F7FCF90146F8F78B
:10A76C0003FB0146F8F700FB3146F8F7F5F9013C1D
:10A77C00064605F11005BFD1B8F1000F00F0F680C8
:10A78C004FEA880409EB8805594659F8040BF8F789
:10A79C00E1F90146F8F7E8FA0146F8F7E5FA01465F
:10A7AC003046F8F7D9F9A9450646EDD1069B042B9E
:10A7BC0040F2D0800499F8F78BFB0646002F00F08E
:10A7CC000D81019B10330393B9460023039D18465A
:10A7DC0055F8101CF8F7C0F955F80C1CF8F7BCF933
:10A7EC0055F8081CF8F7B8F955F8041CF8F7B4F943
:10A7FC00B9F10109034605F11005E8D13A010292BD
:10A80C00019A02EB0719B8F1000F00F0CB804FEA68
:10A81C00880409EB0405184659F8041BF8F79CF951
:10A82C00A9450346F7D10499F8F752FB0546002FCA
:10A83C0000F0CB80019B103303933B0102934FF04C
:10A84C000009039C294654F8100CF8F783F90146CB
:10A85C00F8F78AFA4946F8F77FF92946814654F801
:10A86C000C0CF8F777F90146F8F77EFA4946F8F739
:10A87C0073F92946814654F8080CF8F76BF9014630
:10A88C00F8F772FA4946F8F767F92946814654F801
:10A89C00040CF8F75FF90146F8F766FA4946F8F741
:10A8AC005BF9013F814604F11004CBD1DDE9013B9A
:10A8BC009B44B8F1000F11D04FEA88045C44294640
:10A8CC005BF8040BF8F746F90146F8F74DFA014628
:10A8DC004846F8F741F9A3458146F0D1049948461A
:10A8EC00F8F7F6FA0146F8F73FFA00210446F8F7B4
:10A8FC00CFFB78BB21463046F8F7EAFA7149F8F7F6
:10A90C0029F9DAE9013205999342086029D043F814
:10A91C00040BCAF804300598F8F7F6FF019B13B145
:10A92C000A9B002B73D1099B13B11846F8F7ECFF67
:10A93C000FB0BDE8F08FDDF804900020059B186087
:10A94C00DAE9013293427FF4C3AE50460599FFF722
:10A95C00C5FAC1E65C480599DAE901329342086010
:10A96C00D5D150460599FFF7B9FAD4E7069B042BCD
:10A97C00F0D90499F8F7ACFA064625E7069B042BA8
:10A98C00DBD928460499F8F7A3FA0890F2E530468B
:10A99C004946F8F79DFA0546D0E40499F8F798FA79
:10A9AC0005461EE60499F8F793FA054647E707981B
:10A9BC00F8F782F98146B8F1000F53D00026DDF884
:10A9CC0004B0A3E40023019EF6E54FF00009DDF886
:10A9DC0004B073E70026DDF804B0EFE40023DDF8E3
:10A9EC00049016E70026DDF804B03AE6AC42099074
:10A9FC007FF48BAB4FF09F443448FFF7E0BB4946E4
:10AA0C000998F9F73BF9FFF7C8BB0024F1E401986A
:10AA1C00F8F77AFF87E70020059B1860DAE9013226
:10AA2C0093427FF4F7AC50460599FFF757FAF5E4DB
:10AA3C002648099B4FF09F441844FFF7C0BB23489E
:10AA4C004FF09F441844FFF7BABB01210698FAF760
:10AA5C004BF9012301900A9314E450460BA9FFF71C
:10AA6C003DFA1EE40026B9E450460599FFF736FA84
:10AA7C00F1E40798F8F720F90490B8F1000F08D02A
:10AA8C000025DDF8049046E5B8F1000F0ED0002645
:10AA9C0076E6069B042B7FF64EAF01460020F8F7B6
:10AAAC0017FA0026DDF804900890EAE5069B042BC3
:10AABC007FF650AF00200499F8F70AFA4FF000091E
:10AACC0006460BE700004040000040C040333333E3
:10AADC002DE9F04F03680746406887B0C01A009113
:10AAEC0001938410002B00F08D800023039301212F
:10AAFC000420FAF7F9F82146044605AA02900198B9
:10AB0C0000F042FF059E384600992660FFF72AFAAE
:10AB1C00D7E900239B1A042B4FEAA30579D9934656
:10AB2C004FF0000A01244FF00008D2F8009049467B
:10AB3C005BF8049F01344846F8F716F94146F8F7DC
:10AB4C00B1FA08B10AF1010AA542F0D85046F8F75B
:10AB5C00B3F804462846F8F7AFF801462046F8F754
:10AB6C00B7F905A905900098F9F77CFED7E9001311
:10AB7C005B1A042B4FEAA3084DD989464FF0000A03
:10AB8C004FF0010B0D6828463146F7F7E3FF59F8F3
:10AB9C00045F044631462846F7F7DCFF01462046A1
:10ABAC00F8F7E2F80021F8F77DFA0BF1010B08B188
:10ABBC000AF1010AD845E6D85046F8F77DF8044664
:10ABCC004046F8F779F801462046F8F781F9009CE1
:10ABDC00059005A92046F9F745FE32462146384630
:10ABEC00FFF77EFA0298F8F78FFE019B0BB1039BDF
:10ABFC0013B907B0BDE8F08F0198F8F785FE07B0E0
:10AC0C00BDE8F08F0121FAF76FF80123019003934F
:10AC1C006DE700249EE70024D2E700BF2DE9F04F3A
:10AC2C001C46013B97B0062B05460E461046DDF838
:10AC3C00808000F2A58000234FF0000A4FF0000B3B
:10AC4C000AAA06A9CDE906ABCDE90AAB08930C9389
:10AC5C00FEF750FAD8E900210A984FF0000A4FF09D
:10AC6C00000B049028460025DDF81890079B9142B4
:10AC7C00A3EB09034FEAA30318BFC8F8042031461D
:10AC8C000593009312AE0EAB4A4601930296049BB9
:10AC9C00CDE90EABCDE912AB10951495FEF7F0F89B
:10ACAC00DDE90EBA41463046129FFFF711FF012C29
:10ACBC0026D001255A465346AB46C2461546A046F9
:10ACCC001C460EAB0193059B611B28464A4600931C
:10ACDC008910049B02960E950F9412970BF1010BA1
:10ACEC00FEF7CEF8DDE90E5451463046129FFFF7C1
:10ACFC00EFFED845E5D12346AB464446D0469A46AE
:10AD0C0041460EA8CDF83CA0CDF838B0FFF7E0FED8
:10AD1C00D8F800206310C3EBC303C4EBC40402F1E6
:10AD2C00700E66000EEBC30E02F13805A5F1380368
:10AD3C0002EB86010C68186843F8044BAB4241F8EF
:10AD4C00040BF7D103F138057545A6F10E06EDD1CC
:10AD5C0017B13846F8F7D8FDBBF1000F02D05846B2
:10AD6C00F8F7D2FD049B13B11846F8F7CDFDB9F1F5
:10AD7C00000F02D04846F8F7C7FD17B0BDE8F08FBA
:10AD8C00FE21024B024A034807F07EFB486D01107E
:10AD9C00606D0110F86A01102DE9F04F16468DB068
:10ADAC00044688461F46F9F7D1FCD6F80C904FF0B4
:10ADBC007E514846F8F76CF90546002800F0AC8047
:10ADCC00756995492846F7F7ABF9002872D1F369F4
:10ADDC00002B40F0F5802046FBF718FF8246002838
:10ADEC0064D16368002B61D0074605464FF02009FB
:10ADFC000590A168236805FB01F203EB820BB36B92
:10AE0C0009FA03F29142C0F2D5800022072B0B9273
:10AE1C00F26B00F3F08003F1010ACAEBCA0A4FEAA5
:10AE2C004A00B0F1005F80F0F480002865D18446C0
:10AE3C000DF1240E5846CDF800E0CDE909CCFFF712
:10AE4C00EDFEDDE9090ED4F804A0D8F80830AEEB1D
:10AE5C000002B3FBFAF3B3EBA20F4FEAA20C40F0E3
:10AE6C00D180704518D00023D8F8001007F180422B
:10AE7C00013A01EB8202011F51F804BF01339C45DA
:10AE8C0042F804BFF8D80CF1FF3C704508BF4FF0F6
:10AE9C00000C0CF1010C674418B1F8F735FDD4F82F
:10AEAC0004A001355545A4D3DDF814A050460DB0CF
:10AEBC00BDE8F08F28465949F7F732F900288AD1B6
:10AECC00F369002B87D06268D6F818A0002A82D0CC
:10AEDC0005465FFA83F9A2683946019205FB02F236
:10AEEC002368484603EB820300935246FAF706FAAE
:10AEFC00636801359D42EED36DE74FEACA0A5046AE
:10AF0C00CDE903210293F9F71FFCDDE902328446F7
:10AF1C00504404990B908BE70346A288494662F390
:10AF2C000F03ADF81C20228907A862F31F43099375
:10AF3C002368ADF81E2009AA08930A9300F0F0FCD0
:10AF4C0000283FF43DAF36493648F9F7EBF92B466C
:10AF5C00A2884946ADF81C2062F30F03228907A88A
:10AF6C0062F31F4309932368ADF81E2009AA0893C6
:10AF7C000A9300F0D5FC01462B48F9F7D3F9A388C6
:10AF8C004946ADF81C3063F30F05238909AA63F316
:10AF9C001F45ADF81E30236807A8099508930A933E
:10AFAC0000F0BEFC824600283FF40AAF50460DB0BC
:10AFBC00BDE8F08FDFF874A050460DB0BDE8F08FFF
:10AFCC006268D6F818A0002A3FF405AF05465FFA70
:10AFDC0083F9A2683946019205FB02F223684846C0
:10AFEC0003EB820300935246F9F7FCFF63680135CB
:10AFFC009D42EED3EFE64FF48E710D4B0D4A0E4889
:10B00C0007F042FA4FF4B0710C4B0D4A0A4807F0A6
:10B01C003BFA0C4807F020FA7068011074680110B4
:10B02C0008670110086601100C67011011FCFFFF86
:10B03C00D06D0110DC6D0110F86A0110486E011022
:10B04C00846E0110C86301102DE9F04F1646A1B0B3
:10B05C0004460D46442231460FA8994608F07DFB64
:10B06C00B2491798F7F75CF8002800F0C4809DF8F7
:10B07C007C3003931BB91399012900F0E68020461C
:10B08C00F9F764FBDDF848A04FF07E515046F7F716
:10B09C00FFFF0646002864D00DF11C08DDF84CA01B
:10B0AC00BAF1010F00F3DF80D4E901735046049329
:10B0BC00F7F706FE01464846F7F70AFFDDF8509011
:10B0CC0006469B494846F7F72BF8049B002800F0EE
:10B0DC009D80484697490493F7F722F8049B18B9CA
:10B0EC001699002940F034814FF0000A03F1090948
:10B0FC00914B0121A3FB09394FEAD90907FB09F050
:10B10C008000CDF858A0F9F7EFFD4FF0010BCDE919
:10B11C00087981460A2241462046CDF81C908DF8CC
:10B12C0028B0F9F75FFC204633462946CDE900BA32
:10B13C000FAAFBF703FE044618B1039B002B40F04B
:10B14C00D780AB687D4EA34208BF0026B9F1000F33
:10B15C0058D09DF82830002B54D04846F8F7D4FB33
:10B16C0050E00346A2880DF11C0862F30F03ADF802
:10B17C001C202289514662F31F430B932368ADF8C0
:10B18C001E2040460BAA08930C9300F0C9FB002824
:10B19C0084D06B496B48F9F7C5F83346A288514601
:10B1AC00ADF81C2062F30F032289404662F31F4363
:10B1BC000B932368ADF81E200BAA08930C9300F098
:10B1CC00AFFB01466048F9F7ADF8A3885146ADF8DE
:10B1DC001C3063F30F062389404663F31F46ADF81A
:10B1EC001E3023680BAA0B9608930C9300F098FB67
:10B1FC00064638B952E74B46294620460FAAFFF7B8
:10B20C00CBFD0646304621B0BDE8F08F16990029DB
:10B21C003FF46AAFDDF854B0002F3FF465AF8146C0
:10B22C005FFA81FA019303FB09F32268314602EBC2
:10B23C00830300935A46504609F10109F9F7D2FEEF
:10B24C00D4E90173B945EDD34EE74B46CDE9001176
:10B25C00204629460FAAFBF771FD384EAB68834296
:10B26C0008BF0026CEE751460BA8F9F749FBDDE9EC
:10B27C000B67BE4200F08780B3465BF8042B214677
:10B28C002046F9F7AFFBBB45F7D10346D4E900C71D
:10B29C009A00012F04920CEB83010BD9A0684FF09C
:10B2AC00010B8200101F0CEB000E5BB90BF1010BB4
:10B2BC00BB45FBD1A360002E3FF4F8AE3046F8F747
:10B2CC0023FBF1E6CDF810A005964FEA830A7646EB
:10B2DC000846514456F804CF40F804CB8142F9D1CA
:10B2EC000BF1010BBB459644F1D1DDE904A6E1E776
:10B2FC00D5E9013202FB03F31B1B0D932B68134999
:10B30C0003EB840330460B938DF838A0CDF830B0A6
:10B31C00F7F7DEFDCDE900BA03460FAA40460BA9AC
:10B32C00FBF70CFDDDF81C9004440AE7086F0110D4
:10B33C007068011074680110CDCCCCCC14FCFFFFEC
:10B34C0008670110086601100C670110000020410D
:10B35C00DDF854B0002F3FF4C7AE81465FFA81FA96
:10B36C00019303FB09F32268314602EB830300933C
:10B37C005A46504609F10109F9F7C0FFD4E90173A7
:10B38C00B945EDD3B0E6A36880E700BF2DE9F047DF
:10B39C00946805698146B5FBF4F505FB04F08AB0A9
:10B3AC000F4680000121164698464FF0010AF9F726
:10B3BC009BFCCDE90754069004468DF824A0002888
:10B3CC0047D000230393D9F8103005900493D9F893
:10B3DC000830002B3FD0D9F80C5005AB04AA03A9B8
:10B3EC004846A8471D49306AF6F79AFE0546D0B97B
:10B3FC00B388012B25D0042B324643461BD039464B
:10B40C00CDE900AA06A8FBF799FC154BBA68904247
:10B41C0018BF1D46069C14B19DF8243023B928464C
:10B42C000AB0BDE8F0870F4D2046F8F76DFA2846B4
:10B43C000AB0BDE8F087394606A8FFF705FE0546B9
:10B44C00E8E743463246394606A8FDF7F5F80546C7
:10B45C00E0E7054DE3E707F002F800BF106F0110BD
:10B46C0014FCFFFF0AFCFFFF16FCFFFF2DE9F04167
:10B47C0000270F4D0F4B95F83C600F4C1B684FEAA3
:10B48C00860840462560EB662772F9F75DF9606027
:10B49C001EB14246394608F0A4F80023E560C4E921
:10B4AC000433BDE8F041054A0549034806F0B8BF2E
:10B4BC0000F001209CF6012084F60120A4F5012067
:10B4CC00AD41001030B5154C83B00DF1060120468E
:10B4DC000AF074FABDF806100B0618D5636BB3B1FD
:10B4EC000F4D01232A4602E00133212B14D0616851
:10B4FC0002F8011B616B0029F6D15C1915F8011BD0
:10B50C00084807F00FFFA542F8D1BDF80610034814
:10B51C000AF0DCFA03B030BD2023EEE70034006003
:10B52C00A0F60120946F011010B51D2084B00AF014
:10B53C0079FA1C224FF4007122480AF08FFA1D226E
:10B54C00802120480AF08AFA00224FF400711D482D
:10B55C000AF050FA002280211A480AF04BFA002215
:10B56C004FF4806117480AF079FA01224FF4806198
:10B57C0014480AF02FFA01224FF4806111480AF0A6
:10B58C0061FA01224FF480610E480AF057FA6424E4
:10B59C006A229DF80E300C4823F01F0343F0190368
:10B5AC0001A9ADF808208DF80E3001940AF036FA96
:10B5BC000023064A02F8013F0133202BFAD104B0D4
:10B5CC0010BD00BF80B0046000340060DFF60120C5
:10B5DC0008B502200AF05EFA00200AF063FA002097
:10B5EC000AF024FABDE8084000200AF0FFB900BFB9
:10B5FC00002310B582B0044601220F200DF1070183
:10B60C008DF807300AF04AFA9DF80730D3B10122C1
:10B61C0010200DF107010AF041FA9DF8070000B95E
:10B62C00A9200AF01FFA00200AF0F0F90321642285
:10B63C0008460AF00FFA40F6C41120460AF016FA32
:10B64C0002B010BD56200AF0BDF9E0E7002210B59B
:10B65C00002482B0114601200AF0D4F94FF4E12302
:10B66C004FF0C0424FF4805100940248F7F7C4FEEB
:10B67C0002B010BD80B00460FFF724BFFFF722BFFB
:10B68C00FFF720BF70B582B00DF1050145480AF0F7
:10B69C00DDF944489DF805100AF0B0F99DF8053025
:10B6AC009A0712D400230DF105013F488DF805309F
:10B6BC000AF0CCF93C489DF805100AF09FF99DF86A
:10B6CC0005309B0743D402B070BD0DF1060135481F
:10B6DC000AF0B0F933480AF0D1F9344807F092FE79
:10B6EC00BDF80630324E5BB100243546314815F8B2
:10B6FC00011B07F017FEBDF806300134A342F5DC40
:10B70C000A2007F021FE2C4A2C4B0121C2F8943060
:10B71C00C2F89860D2F88C3029486FF30F0343F0CD
:10B72C002003C2F88C300AF059F90028BAD13F2115
:10B73C001C480AF063F90028B4D1022119480AF018
:10B74C00D9F90028AED117480AF0B0F9AAE7164883
:10B75C000AF094F91B4807F055FE174A1A49184B82
:10B76C00C2F8D410C2F8D830D2F8CC303F216FF3E5
:10B77C000F0343F020030C48C2F8CC300AF03EF91A
:10B78C000028A0D1022108480AF0B4F900289AD167
:10B79C00014605480AF09EF9002894D102480AF0A7
:10B7AC0085F990E780810050C08100509C6F01109A
:10B7BC00A0F60120946F0110008100500434006049
:10B7CC0000340060A46F0110C0F6012008B5FFF72B
:10B7DC00ABFE32200AF056F9BDE8084000F01EB866
:10B7EC0038B58C4604460B491546002301220A48FD
:10B7FC000C70644603F0FAFE00B138BD03462A46CD
:10B80C002146054803F008FE0028F6D1024803F053
:10B81C00CDFD38BD00F7012000340060002310B5C9
:10B82C0082B001220F200DF107018DF80730FFF7D0
:10B83C00D7FF9DF807306A2B04D00F4807F0E2FDC4
:10B84C0002B010BD44F2100C0C4901230C4602222C
:10B85C000B48A1F800C003F0C9FE44F2110C0123FF
:10B86C00022221460648A4F800C003F0BFFE322095
:10B87C000AF008F902B010BDAC6F011000F70120FE
:10B88C0000340060F0B5144685B006460F460C2215
:10B89C00222001A925461C46FFF7A2FF98B9BDF846
:10B8AC000430BDF80A103380BDF80630BDF80C200A
:10B8BC003B80BDF808302B8021800A99BDF80E30F2
:10B8CC000A800B9A138005B0F0BD00BF002213460E
:10B8DC00104609490A604A608A60CA60CA18013376
:10B8EC00B3F57A6F1074F9D1BFF35F8F034B0B6014
:10B8FC00BFF35F8F704700BF005C01204452485378
:10B90C00F8B506460F4615461C4643B156F8040BCF
:10B91C003946F7F721F9013C45F8040BF6D1F8BD8F
:10B92C00F8B5048843880F4603FB04F45668456851
:10B93C0044B155F8040B3946F7F716FA013C46F8B2
:10B94C00040BF6D10020F8BDF0B5B0F800E04C685F
:10B95C0046884FEA8E0C456804EB8E0E26B90434EB
:10B96C007445FCD10020F0BD2346B7003246294671
:10B97C0051F8040B013A18606344F9D1043474454E
:10B98C003D44EFD02346F1E72DE9F04106460F4642
:10B99C009046A1B10D460024204656F8041BF7F73B
:10B9AC00DBF8013D0446F7D13846F7F785F9014637
:10B9BC002046F7F78DFAC8F80000BDE8F0810024A6
:10B9CC00F2E700BF2DE9F04106460F46904601B361
:10B9DC000D46002456F8041B0846F7F7C5F9014636
:10B9EC002046F7F7B9F8013D0446F3D13846F7F78E
:10B9FC0063F901462046F7F76BFA00210446F7F786
:10BA0C0065FB40B1204604F067F8C8F80000BDE8BB
:10BA1C00F0810024EAE70020F7E700BF01292DE9B7
:10BA2C00F8430D460746914630D90E468046002411
:10BA3C00204658F8041BF7F78FF8013E0446F7D15F
:10BA4C002846F7F739F9804620464146F7F740FA81
:10BA5C0000240646314657F8040BF7F77BF80146ED
:10BA6C00F7F782F901462046F7F776F8013D0446D0
:10BA7C00F0D14FF07E514046F7F76CF80146204666
:10BA8C00F7F726FAC9F80000BDE8F8830020C9F8DA
:10BA9C000000BDE8F88300BF2DE9F04F1D688BB0A6
:10BAAC000C46DDE91469DDE9198A17462DB34FF010
:10BABC00010BC246D8F80C20D9F80010DDF86880CC
:10BACC002069CDE9070BE368059278680693049129
:10BADC003A68A168CDE9022022684346CDE90021ED
:10BAEC003046189A169900F00FF8D9F80010DAF8C9
:10BAFC000C20013D0E449044E2D100200BB0BDE877
:10BB0C00F08F00BF002070472DE9F04F95B0239CBB
:10BB1C001E9D04EBD4777F10012C2EB29446C6EAFE
:10BB2C0006469A46DDF888900B97099040F3F3800F
:10BB3C00219F4A467F4227EAE77318460493269BC7
:10BB4C004FEA490B5B000C930346012000FA03F308
:10BB5C00013BB9F1000FCDF808B0DDF884B0B8BFE7
:10BB6C0009F1030205930341099822F0030E971083
:10BB7C002BEAEB7BCDF838E00D97CDF80CB000EB51
:10BB8C0087070EEB010BA9EB0E00E6460A93013377
:10BB9C000F902394D04600204C461097119312918D
:10BBAC00CDF84CA0BEF1000F00F0A680774657F8F8
:10BBBC00082BDEF80430BE460F190197029FCF19EF
:10BBCC0006970D9F002F00F01181CDE9070BDDF8D2
:10BBDC002490BC46CDF804800F1959F8040B26FAB2
:10BBEC0090FB51F804AB26FA80F02FFA9AF828FB58
:10BBFC000B282FFA8AFA2AFB008257F8048B2FFAAB
:10BC0C0098FA2AFB0B3A2FFA88F8BCF1010C28FBA6
:10BC1C0000A3E2D1DDE9070B59460BEB0407DDF875
:10BC2C0040C0DDF8048001970E9FBC4212DD0F9FCF
:10BC3C0007960CEB070A019F1CF9016B11F9019B8C
:10BC4C002E4406FB092217F9019BD44506FB093348
:10BC5C00F2D1079E03994FF080478A400021DDF80E
:10BC6C0080C00130C2FB0C71FA0F42EA4102049F02
:10BC7C000599DDF880C011403A414CBF119F0A9FD5
:10BC8C00B94203994FF0804703FA01F34FF00001DA
:10BC9C00C3FB0C714FEAD77343EA4103049F059928
:10BCAC00C8BF013219403B414CBF119F0A9FB9429A
:10BCBC001F99C8BF01330A440B4424998A42B8BF68
:10BCCC000A468B42B8BF0B4602998B4425998A428F
:10BCDC00A8BF0A468B42A8BF0B4688F80020269ABC
:10BCEC0008F802300C9B98440B9B834207DD0699A5
:10BCFC00BEF1000F7FF45AAF734672465CE7F44610
:10BD0C000C99DDF84CA0129A03FB01AA0299A146EA
:10BD1C0003FB0121239CE30764D5BCF1000F68D021
:10BD2C00DCF80030C846B9F1000FB8BF09F10308C0
:10BD3C005FEAA8081AD08E464446099F57F8040BB0
:10BD4C0026FA90FB5EF8042B26FA80F02FFA92FC70
:10BD5C002CFB0B332FFA82F2013C22FB0033EDD18A
:10BD6C00099A01EB880102EB88020992B9EB880F62
:10BD7C004FEA88020CDD099CA9EB0202224414F95B
:10BD8C00010B11F9016B2844944200FB0633F6D1E8
:10BD9C004FF0804200200121219C24EAE474A3404E
:10BDAC00209CC3FB0420219BD20F5B4223EAE3734C
:10BDBC00994042EA4002013902EA01001A414FEA75
:10BDCC00610148BF013188421F9BC8BF0132134437
:10BDDC00249A9342B8BF1346259A9342A8BF1346A0
:10BDEC008AF80030002015B0BDE8F08FDDF824C0D3
:10BDFC001AE7634696E700BF2DE9F04F9DB09DF81A
:10BE0C00A0401E460B1E19941192299C189340F3C6
:10BE1C00FF8300231593531E00EB0309631E13933A
:10BE2C00A31E1293DFF8D482530000F1FF3A1A9349
:10BE3C00CDF80490119A9AF90170012A0AF10103C4
:10BE4C0040F34186019913F9012F9742B8BF174669
:10BE5C009942F8D10023D346CDF83CA0CDE9023766
:10BE6C00B2467DE0C2FB0830002805DA6FF00042D4
:10BE7C009A18134640F10000DB0F43EA400303EB32
:10BE8C0008024FF080434FF0000E19469C4E0D985F
:10BE9C00C2FB061EC90F41EA4E0101FB0CFC10400F
:10BEAC000C9A8CEA000C0CEA020100201A46954E02
:10BEBC00F224CCFB0620D20F42EA400202FB07F729
:10BECC0000201A46904E4F40C7FB06200B9ED20F07
:10BEDC0042EA400202FB06F600201A460E9939404F
:10BEEC008A4F4E40C6FB0720D20F42EA400202FBAB
:10BEFC0005F500201A4607993140854E4D40C5FB8B
:10BF0C000620D20F42EA40020598089902FB00F085
:10BF1C00024629404A40002519467E4E0A98C2FB2B
:10BF2C0006151040C90F049A41EA450101FB02F2C3
:10BF3C0000214240C2FB0431DB0F43EA4103069966
:10BF4C00099813FB01F302405A401313110548BF23
:10BF5C000133029A1A440292019B5B4500F0E68081
:10BF6C00039A1BF9013F9B1A279A9A42F4DC269AF2
:10BF7C0093409AEA030F59BF4FF0804100224FF0D3
:10BF8C00FF326549C3FB0A12002A04DA6FF0004045
:10BF9C00091842F10002C90F9A4541EA420100F02A
:10BFAC0093804FF0804041F07F435C015B1AC3F3F8
:10BFBC000072C3F38069C3F34076C3F3006CC3F320
:10BFCC004067C3F3C0650592C3F38073013A0693CF
:10BFDC000892013B721E0A9209930022034604F157
:10BFEC008054C4FB0432DB0F43EA42030022C3FB40
:10BFFC0003020CF1FF3ECDF834E007F1FF3ECDF823
:10C00C0030E0C00F09F1FF3E40EA4200CDF838E0C5
:10C01C0005F1FF3E84EA0302CDF81CE04FEAA00EC6
:10C02C00800748BF0EF1010E002AA6BF4FF08042D8
:10C03C0000204FF0FF30CDF82C90049684FB039633
:10C04C00B8BF354A12EB090240EB0600002806DAAD
:10C05C006FF0004912EB09094A4640F10000D20F7B
:10C06C0042EA40022D48724492EA000F28D44FF065
:10C07C0080404FF0000E294EC2FB060EBEF1000FA1
:10C08C0005DA6FF00042821810464EF1000EC00F18
:10C09C0040EA4E0003445A105CBF03F00103D2186F
:10C0AC00224492EA080F59BF4FF0804300204FF012
:10C0BC00FF30194B00297FF4D5AE4FF4002348E72D
:10C0CC004FF0FF3E1448D6E7BAF1004F7FF469AF4A
:10C0DC004FF0FF3000256FF00041AC462F46CDE904
:10C0EC000800CDE905550E4A0E4B0F4C0D900E90E5
:10C0FC000B950A90079004950C90B8E794A8F570EE
:10C10C007BBEAF63F2CBA24D6CAC162FA4AA52111E
:10C11C00B72A580211FE0A00010000C0ABAAAA2AD5
:10C12C00FFFF4100F8FFFF01E0FFFF0F029B5646A7
:10C13C00002B039FDDF83CA000F0C784B3FA83F911
:10C14C0040F3A2844FF0FF3003FA09F303F10043EC
:10C15C00DA175B0843EAC27313F1804342F1000E15
:10C16C006449654AC3FB0210002805DA6FF00042EF
:10C17C008A18114640F10000C90F41EA40014FF006
:10C18C008042002001F15A31C1FB0320D20F42EA58
:10C19C004002C2F1005292EA010F82FB014040F1D1
:10C1AC008384544AA21860F100000028C0F28384F2
:10C1BC00D20F42EA40029200114491EA030F59BF98
:10C1CC004FF0804200254FF0FF354A4A9C46C1FB98
:10C1DC000325002D0C464FEAE170C0F2AA84D20F61
:10C1EC0042EA4502C2F1005291EA020F00F1A98421
:10C1FC004FF080454FF0000B029502FB00F0D51775
:10C20C0004FB0500A2FB0424029D2044521940EBC0
:10C21C000B00002805DA6FF000441419224640F197
:10C22C000000D20F42EA4002B2F1005FC0F2EA8392
:10C23C006FF000420A4492EA0C0F61465ABF4FF06D
:10C24C00804100204FF0FF3002FB0EF44FEAE27504
:10C25C0003FB0544A2FB033548BF26492C445B185D
:10C26C0044EB0004002C05DA6FF0004159180B4622
:10C27C0044F10004DB0F43EA4403C3F1005392EA98
:10C28C00030F59BF4FF0804100204FF0FF30194988
:10C29C00C2FB0310002805DA6FF00043CB181946D7
:10C2AC0040F10000C90F41EA4001B1F1005FC0F25A
:10C2BC004E846FF000431A44B2F1804FC0F25684A2
:10C2CC000293199B002B00F0DD81119BC9F11B021D
:10C2DC00002B149240F3898101239340013B129966
:10C2EC0016935B10D346B146039117930497CDF880
:10C2FC006CA06DE1010000C0C4C3C3C3269A934077
:10C30C0099EA030F59BF4FF0804700224FF0FF32DC
:10C31C00C14FC9FB0372002A05DA6FF0004179188E
:10C32C000F4642F10002FF0F994547EA420700F021
:10C33C008581B7FA87F34FF0804247F07F41002F99
:10C34C004FEA5313A1EB0707C7F3406503F1FF3323
:10C35C00C7F38064099305F1FF33C7F3C0600593FD
:10C36C0004F1FF33C7F3007C069300F1FF33C7F3EE
:10C37C00407E0F930CF1FF33C7F3807A0D930EF1CF
:10C38C00FF3308930AF1FF33CDF838C007934FF011
:10C39C00000C13464FEA411101F18051C1FB013CE5
:10C3AC004FEAD37343EA4C034FF0000CC3FB032C4E
:10C3BC004FEAD27242EA4C02C7F30066CDF830E085
:10C3CC000CBF6FF0004700274FEAA20ECDF82CA04F
:10C3DC00920781FB03CA83EA010248BF0EF1010EEA
:10C3EC00002AA8BF4FF08042CDF840A0AEBF4FF05E
:10C3FC00000A4FF0FF3A884A0A971CEB0202DDF85C
:10C40C0040C006F1FF374CEB0A0ABAF1000F06DA0E
:10C41C006FF0004C12EB0C0C62464AF1000AD20F82
:10C42C00DFF8F8C142EA4A02724492EA0C0F59BF93
:10C43C004FF0804C4FF0000E4FF0FF3EDFF8D8C1AC
:10C44C00DFF8D8A1C2FB0ACEBEF1000F06DA6FF0FE
:10C45C0000421CEB020294464EF1000E4FEADC7CCB
:10C46C004CEA4E0C63445A1002D403F001031A44F4
:10C47C000A4492EA080F59BF4FF0804300214FF055
:10C48C00FF31654BC2FB0831002905DA6FF0004221
:10C49C009A18134641F10001DA0F4FF0804342EA3B
:10C4AC0041024FF0000C1946DFF874E14244C2FB24
:10C4BC000E1CC90F41EA4C0101FB06F617407E40E9
:10C4CC001A460027DFF85CC10599C6FB0C27D20F72
:10C4DC0042EA4702314002FB05F500261A46524F4C
:10C4EC004D40C5FB07260699D20F42EA4602294069
:10C4FC0002FB04F400251A464C4E4C40C4FB0625A6
:10C50C000F99D20F42EA4502214002FB00F00024B1
:10C51C001A46474D4840C0FB05240D99D20F0140E7
:10C52C000E9842EA440202FB00F0024600244A4004
:10C53C001946404D0898C2FB05141040C90F0C9ABF
:10C54C0041EA440101FB02F2114600244140F2256C
:10C55C001846C1FB0504079AC00F0A400B9940EA24
:10C56C00440010FB01F0099942400A400A990298D4
:10C57C004A40029992EA010F52BF00214FF0FF315D
:10C58C00254BC2FB0031002905DA6FF000429A18E6
:10C59C00134641F10001149ADB0F43EA410353FAAD
:10C5AC0002F21DD416990B4017998B4265DDA2F54A
:10C5BC00FF437F3B47F6FE729342CCBF47F6FF73B7
:10C5CC001BB2039A22F8023F019B03925B4509D0F0
:10C5DC00049A1BF9013F9B1A279A9A427FF78EAE59
:10C5EC00154BEEE74E46DDF86CA0119A019992447A
:10C5FC00114401911399159B11441391129A1A9994
:10C60C0001330A441292189A15939A427FF412AC91
:10C61C001DB0BDE8F08F00BF010000C0ABAAAA2A74
:10C62C007BBEAF63F2CBA24D6CAC162FA4AA5211F9
:10C63C00B72A580211FE0A000080FFFFB9F1004F23
:10C64C007FF477AE4FF0FF360020B446374608969D
:10C65C0005960696054604460646CDE90B00134B97
:10C66C00134A14490A900E90CDF824C0CDF81CC082
:10C67C00CDF834C0CDF83CC0F7E6A2F50043002A53
:10C68C0098D19EE7119BC9F12302002B1492ACDDCB
:10C69C0001239340013B139916935B10D346B1468B
:10C6AC00039117930497CDF86CA06CE1F8FF150279
:10C6BC00FCFF0A01E0FFFF0F269A934099EA030F53
:10C6CC0059BF4FF0804700224FF0FF32C24FC9FBD9
:10C6DC000372002A05DA6FF0004179180F4642F117
:10C6EC000002FF0F994547EA420700F05781B7FA5D
:10C6FC0087F34FF0804247F07F41002F4FEA5313EE
:10C70C00A1EB0707C7F3406503F1FF33C7F3806460
:10C71C000F9305F1FF33C7F3C0600D9304F1FF33A2
:10C72C00C7F3007C0C9300F1FF33C7F3407E0B93EF
:10C73C000CF1FF33C7F3807A09930EF1FF330793A3
:10C74C000AF1FF33CDF828C005934FF0000C1346C7
:10C75C004FEA411101F18051C1FB013C4FEAD37307
:10C76C0043EA4C034FF0000CC3FB032C4FEAD2728C
:10C77C0042EA4C02C7F30066CDF820E00CBF6FF024
:10C78C00004700274FEAA20ECDF818A0920781FBB4
:10C79C0003CA83EA010248BF0EF1010E002AA8BFAA
:10C7AC004FF08042CDF840A0AEBF4FF0000A4FF0E2
:10C7BC00FF3A894A0E971CEB0202DDF840C006F1E5
:10C7CC00FF374CEB0A0ABAF1000F06DA6FF0004C97
:10C7DC0012EB0C0C62464AF1000AD20FDFF8FCC1D6
:10C7EC0042EA4A02724492EA0C0F59BF4FF0804C55
:10C7FC004FF0000E4FF0FF3EDFF8DCC1DFF8DCA19C
:10C80C00C2FB0ACEBEF1000F06DA6FF000421CEB41
:10C81C00020294464EF1000E4FEADC7C4CEA4E0CC0
:10C82C0063445A1002D403F001031A440A4492EAF6
:10C83C00080F59BF4FF0804300214FF0FF31664B7A
:10C84C00C2FB0831002905DA6FF000429A18134632
:10C85C0041F10001DA0F4FF0804342EA41024FF000
:10C86C00000C1946DFF878E14244C2FB0E1CC90FDC
:10C87C0041EA4C0101FB06F617407E401A460027A0
:10C88C00DFF860C10D99C6FB0C27D20F42EA4702B4
:10C89C00314002FB05F500261A46534F4D40C5FBAF
:10C8AC0007260C99D20F42EA4602294002FB04F4F7
:10C8BC0000251A464D4E4C40C4FB06250B99D20F51
:10C8CC0042EA4502214002FB00F000241A46484D82
:10C8DC004840C0FB05240999D20F01400A9842EA4E
:10C8EC00440202FB00F0024600244A401946414D26
:10C8FC000798C2FB05141040C90F089A41EA44017D
:10C90C0001FB02F2114600244140F2251846C1FBFE
:10C91C000504059AC00F0A40069940EA440010FB32
:10C92C0001F00F9942400A400E9902984A40029930
:10C93C0092EA010F52BF00214FF0FF31264BC2FB90
:10C94C000031002905DA6FF000429A18134641F1C4
:10C95C000001149ADB0F43EA410353FA02F21AD492
:10C96C0016990B4017998B4231DDA2F17F037E2B78
:10C97C00CCBF7F235BB2039A02F8013F019B039269
:10C98C005B453FF42FAE049A1BF9013F9B1A279A83
:10C99C009A427FF791AE6FF07F03ECE7B9F1004F4D
:10C9AC007FF4A5AE00204FF0FF370646044605463F
:10C9BC00CDE90C771049114B114A0E9007970A904C
:10C9CC0008900B970F970690059709972BE7A2F104
:10C9DC008003002ACBD1CEE7010000C0ABAAAA2A63
:10C9EC007BBEAF63F2CBA24D6CAC162FA4AA521136
:10C9FC00B72A580211FE0A00E0FFFF0FF8FF1502DC
:10CA0C00FCFF0A01B2F1604FC8BF92003FF712ACB5
:10CA1C0001F1004292EA0C0F5AD402FB0EFED11720
:10CA2C0003FB01EEA2FB033113F180434EEB01013A
:10CA3C00002905DA6FF000401818034641F1000197
:10CA4C004FF0FF30DB0F43EA4103C3F10051494B78
:10CA5C00C1FB0230002805DA6FF0004159180B4673
:10CA6C0040F10000DB0F43EA4003B3F1604F5BDCA5
:10CA7C00530002F100410293B1F1404F029BD8BF29
:10CA8C004FF0004302931CE44FF000094FF0FF33CA
:10CA9C003848394902904FF000520C469E469C464D
:10CAAC0018469B46FFF7A9BB14F1804240F10000E9
:10CABC000028BFF67DAB6FF000441419224640F1FC
:10CACC000000FFF775BB3FF4C5A94FF02009DDE767
:10CADC0002FB0EF0D11703FB0100A2FB033108444B
:10CAEC0024495B1860F10000002805DA6FF0004162
:10CAFC0059180B4640F10000DB0F43EA40034FF09E
:10CB0C00FF301C49C3F10053C2FB0310002805DAA7
:10CB1C006FF00043CB18194640F10000C90F41EAF1
:10CB2C004001B1F1604FA3DD4FF000430293FFF7DA
:10CB3C00C8BB6FF0004B12EB0B0245F10005FFF781
:10CB4C004EBB0C4D4FF0FF3B0295FFF756BBB1F1BE
:10CB5C00604F8DDD02EB81014B00B1F1804F0293F0
:10CB6C00A8BF6FF00043BFF6ABAB85E75300029351
:10CB7C00FFF7A7BB010000C0B6B4B4B410B584B0C5
:10CB8C00069CDDF81CC000940024CDF804C0DDF830
:10CB9C0020C0CDE9024CFFF72FF904B010BD00BF47
:10CBAC002DE9F04F9DB002FB03FEDDE92665D6E9C9
:10CBBC0000A914464A4609FB0AFC012A07468B4683
:10CBCC00CDF80C9000EBCC084FEACE0E28D004FB2D
:10CBDC000AF20492039ACDE905A0D200079481468B
:10CBEC0077461C4692460836594648462346CDE9B8
:10CBFC000065049AD144FFF7D3FFC845BB44F3D179
:10CC0C00DDE906745246DDF814A0AAF10203032BE9
:10CC1C0000F2AF84DFE813F05301AA041B00AA0151
:10CC2C0000F1080633469BE80300984503E903002E
:10CC3C00F34403F10803F6D1AAF10203032B00F22B
:10CC4C00C484DFE813F03E01A0030600920107F153
:10CC5C000806B346039A6B680B92129302EB4203DD
:10CC6C0007EBC300DB00083B0993130104EB440200
:10CC7C00D2001392E2001092CDE9055522011192D7
:10CC8C00A3F10802043B079504900A920893039AB7
:10CC9C00ABF1080353F832700D93079B3946D3F868
:10CCAC000881ABF10404404654F83260D3F80C51BF
:10CCBC000C94F6F759F8314604462846F6F754F822
:10CCCC0001462046F5F746FF414604463046F6F746
:10CCDC004BF80346394628461D46F6F745F80146FB
:10CCEC002846F5F739FF069A0A9BD2F808A15BF89B
:10CCFC000390074649465046D2F80C61F6F734F8D3
:10CD0C00089D5BF80580054641463046F6F72CF841
:10CD1C0001462846F5F71EFF514605464046F6F7F4
:10CD2C0023F80346494630461E46F6F71DF80146E1
:10CD3C003046F5F711FF059E099A81465BF80230E3
:10CD4C00D6F80821194610460E92049A0F93D2F881
:10CD5C000480F6F709F8D6F80CA141460646504671
:10CD6C00F6F702F801463046F5F7F4FE0E9A064641
:10CD7C0011464046F5F7F8FF0F9BB046194606469C
:10CD8C005046F5F7F1FF01463046F5F7E5FE5BF846
:10CD9C00082C8246294610460F92F5F7DBFE5BF80D
:10CDAC00043C0646494618460E93F5F7D3FE8446D6
:10CDBC000F9A294610466546F5F7CEFE02460E9BA5
:10CDCC004BF8082C494618460F92F5F7C5FE03465A
:10CDDC0021464BF8043C40460E93F5F7BDFE394610
:10CDEC0081465046F5F7B8FE844641462046E0465B
:10CDFC00F5F7B0FE514604463846F5F7ABFE0F9AF0
:10CE0C00074649461046F5F7A5FE0A9B41464BF8E6
:10CE1C0003000E9B1846F5F79DFE089B49464BF800
:10CE2C0003005BF8080CF5F797FE5BF8041C4BF855
:10CE3C00080C4046F5F790FE314682463846F5F729
:10CE4C008BFE214680462846F5F784FE3946074678
:10CE5C003046F5F77FFE0346294620461C46F5F77B
:10CE6C007BFE129BC1463E461BB9A04607464C466C
:10CE7C003046039B0D9A4BF804AC42F833400C9AA5
:10CE8C00109942F83300079A099B0A444BF8038027
:10CE9C001199049B0792069A5F600A440833139910
:10CEAC0006920493059A0B9B0A44013B0BF1080B69
:10CEBC0005920B937FF4EBAE1DB0BDE8F08F07F13C
:10CECC000806E3000493039B013307EBC307D5F873
:10CEDC0008A157F8089C51464846F5F745FFD5F888
:10CEEC000C8157F804BC044641465846F5F73CFF04
:10CEFC0001462046F5F72EFE414604464846F5F716
:10CF0C0033FFA046594604465046F5F72DFF01461F
:10CF1C002046F5F721FE4146044656F8080CF5F775
:10CF2C0019FE47F8080C56F8040C2146F5F712FECA
:10CF3C0047F8040C56F8080C4146F5F70DFE03466D
:10CF4C00214656F8040C46F8083CF5F705FE049B00
:10CF5C0046F8040C1D44039B0837013B06F10806F8
:10CF6C000393B4D11DB0BDE8F08F0822DDF80CE0BE
:10CF7C0005F584760EFB04F306EBC30C56F8336010
:10CF8C0007EB42010D960CEBC3065CF83330B81876
:10CF9C000E93DCF80430109373687646002E1193D0
:10CFAC0001EB020388DD083203EB020B03F1080AE4
:10CFBC0000232A46169304EB4403DB001B93E30087
:10CFCC001A93CDE906552301CDE90ABA07F10806F3
:10CFDC000830083119936301049605900991189350
:10CFEC000895059B049CD2F8087153F8088C54F8EA
:10CFFC00085C54F8046C3946404617920C950F9611
:10D00C0053F8045CD2F80C61F5F7AEFE31460446D9
:10D01C002846F5F7A9FE01462046F5F79BFD31465B
:10D02C0082464046F5F7A0FE294604463846F5F7F9
:10D03C009BFE01462046F5F78FFDDDF820C0099ECA
:10D04C00DCF8089156F808BC804649465846DCF88E
:10D05C000C71F5F789FE56F8045C044639462846EF
:10D06C00F5F782FE01462046F5F774FD3946064673
:10D07C005846F5F779FE294604464846F5F774FEFE
:10D08C0001462046F5F768FDDDF82CC0DDF81CE004
:10D09C005CF8087CDEF808B11490594638465CF808
:10D0AC00045CDEF80C91F5F75FFE49460446284611
:10D0BC00F5F75AFE01462046F5F74CFD0346494666
:10D0CC0038461F46F5F750FE294604465846F5F7F4
:10D0DC004BFE01462046F5F73FFDDDF82890DDF8C4
:10D0EC0018B059F8082CDBF80831054619461046DB
:10D0FC0012921393F5F738FE59F8049CDBF80CB137
:10D10C00044659464846F5F72FFE01462046F5F7EA
:10D11C0021FD594604461298F5F726FE139BA346AB
:10D12C00494604461846F5F71FFE01462046F5F71A
:10D13C0013FD594681465046F5F70EFD4946044607
:10D14C004046F5F709FD0346594650469A46F5F711
:10D15C0001FD0346494640461293F5F7FBFC394660
:10D16C0013903046F5F7F8FCDDF850B080462946B0
:10D17C005846F5F7F1FC0346394630461E46F5F79E
:10D18C00E9FC0346294658461493F5F7E3FC41465F
:10D19C0015902046F5F7E0FC0C9F3946F5F7DCFCC2
:10D1AC00049D314645F8080C5046F5F7D5FC0F990F
:10D1BC00F5F7D2FCDDF834B0214645F8040C58469E
:10D1CC00F5F7D2FD3946F5F7C7FC0E9F05464146EB
:10D1DC003846F5F7C9FD01462846F5F7BDFC514622
:10D1EC0081465846F5F7C0FD0F99F5F7B5FC314669
:10D1FC0005463846F5F7B8FD01462846F5F7ACFC70
:10D20C00139905461098F5F7AFFD15990746119837
:10D21C00F5F7AAFD01463846F5F79EFC12998346B0
:10D22C001098F5F7A1FD149900F100471198F5F746
:10D23C009BFD01463846F5F78DFC59460746484696
:10D24C00F5F788FC059B394643F8080C2846F5F79A
:10D25C0081FC059B594643F8040C4846F5F77CFCC9
:10D26C00DDF82890394649F8080C2846F5F774FC87
:10D27C000E9D214649F8040C2846F5F775FD0C99CE
:10D28C00F5F76AFCDDF834B0414604465846F5F72C
:10D29C006BFD01462046F5F75FFC514607462846D4
:10D2AC00F5F762FD0F99F5F757FC314604465846E1
:10D2BC00F5F75AFD01462046F5F74EFCDDF840B077
:10D2CC00044615995846F5F74FFDDDF844A0054680
:10D2DC0013995046F5F748FD01462846F5F73AFCF8
:10D2EC00129906465046F5F73FFD149905465846E7
:10D2FC00F5F73AFD01462846F5F72CFC3146054674
:10D30C003846F5F729FCDDF82480294648F8080C46
:10D31C002046F5F721FC314648F8040C3846F5F761
:10D32C0019FC0B9E294646F8080C2046F5F712FC12
:10D33C00059A049D0832059208F10802099206F13B
:10D34C00080246F8040C0B9205F1080009F10802DA
:10D35C0004900A921A98179A089902441998169BE5
:10D36C00014408911B9807990133014407911898BF
:10D37C000699169301440691039999427FF431AEB4
:10D38C001DB0BDE8F08F08224FF0000AD146B2461E
:10D39C00131D07EB030B039B049507EB031C04FB0A
:10D3AC0003F305EBC303D3F80C3105950B93E300A2
:10D3BC000C9323010D930CF104030993CDF828C0B1
:10D3CC00049B5BF8048CD3F8087140463946D3F8BB
:10D3DC000C61F5F7C9FCDBF80050044631462846D1
:10D3EC00F5F7C2FC01462046F5F7B4FB034631467F
:10D3FC0040460693F5F7B8FC294604463846F5F73F
:10D40C00B3FC01462046F5F7A7FB0A9A079052F8A1
:10D41C003940059A2046D2F80871D2F80C61394689
:10D42C00F5F7A2FC099D804655F83950314628463F
:10D43C00F5F79AFC01464046F5F78CFB31468046E1
:10D44C002046F5F791FC294604463846F5F78CFC46
:10D45C0001462046F5F780FB414605460698F5F750
:10D46C007BFB294604460798F5F776FB08905AF89B
:10D47C00080CF4F7CBFF064620460F46F4F7C6FF20
:10D48C000022AA4BF5F71AF802460B4630463946ED
:10D49C00F4F75CFEF5F70AFB4BF8040C5AF8040C95
:10D4AC00F4F7B4FF064608980F46F4F7AFFF0022D6
:10D4BC009E4BF5F703F802460B4630463946F4F717
:10D4CC0045FEF5F7F3FA4146CBF800000698F5F760
:10D4DC0041FB0B9E0AF1080A3146F5F745FC034661
:10D4EC00294607981D46F5F735FB3146F5F73CFC08
:10D4FC00214604465AF8100CF5F72EFB08994AF809
:10D50C00100C5AF80C0CF5F727FB4AF80C0C5BF8CE
:10D51C00040C2146F5F720FB0A9941F83900DBF899
:10D52C0000002946F5F716FB099941F839005BF81C
:10D53C00040C2146F5F70EFB29464BF8040CDBF8DE
:10D54C000000F5F709FB4BF8080B049B0C9A09F14A
:10D55C000109134404930D9A059B13440593039BF3
:10D56C004B457FF42DAF1DB0BDE8F08F07F10806D9
:10D57C000AE72B684FEACA060793304605F5847311
:10D58C0004920693F7F7E0F8039B8646002B049A67
:10D59C0015DD083E06EB0E0300260A93B0463B460B
:10D5AC00039901FB04F10991BAF1000F1ADC0399FC
:10D5BC0008F10108414503F108032644F4D17046F3
:10D5CC001DB0BDE8F04FF6F79FB92B684FEACA06BD
:10D5DC000793304605F584730693F7F7B5F80822E0
:10D5EC008646D6E72546DDF80C9014460393534641
:10D5FC00BA46C44600270EEBC70201370AEBCC0132
:10D60C00BB4203C9CC4482E80300F4D19EE803007A
:10D61C00039A012B82E8030002F1040C07D108F1F4
:10D62C0001080832C14503922E44E2D1C7E7039AA0
:10D63C00CDE90D68CDF83090CDF83CA04FF0000B43
:10D64C0067469046AA46A1460496CDF814E057F8D2
:10D65C00042CCDE9103B0892D8F804200025934601
:10D66C00059ECDF84890049B06991D44079BF468D1
:10D67C00AB42D8BFED1A51F83520B36801EBC501A8
:10D68C001046D1F80490194614931392F5F76CFBDD
:10D69C0021460B904846F5F767FB01460B98F5F7CA
:10D6AC0059FA01460898F5F757FA0346139A089069
:10D6BC001146204647F8043CF5F756FB149B0446EC
:10D6CC0019464846F5F750FB01462046F5F744FA53
:10D6DC0001465846F5F740FA0A9B0836B342834692
:10D6EC00C8F80400BFD1DDE9103B049A0999DDF8B4
:10D6FC0048900BF1010B0A445B45C84404924F441B
:10D70C0006D0059A3D1F92E8030085E803009EE7CA
:10D71C005546DDE90D684C46DDF814E0DDF83CA01B
:10D72C00DDF83090039A08F101087AE70000E03F39
:10D73C00000000002DE9F04F00F1210985B00446EE
:10D74C000D46DDF838B04FEAC909002B00F0D68041
:10D75C00002A00F09C8019684945C0F098809046DA
:10D76C00C3F800902046C8E90045F4F73DFECDE92A
:10D77C000001002D40F09880002C27DDC246CDE939
:10D78C000298DDE900892846F4F72EFE5FA3D3E961
:10D79C000023F4F793FE42464B46F4F7B9FF0646D6
:10D7AC000F4602F061F8F5F781F93946CAF808011D
:10D7BC00304602F0C9F8F5F779F90135AC42CAF8F0
:10D7CC000C010AF1080ADED1DDE90298DDE900015D
:10D7DC0002F022F802F036FB042506460F4608F14B
:10D7EC00080A94FBF5F305FB134282B1022D1DD000
:10D7FC00042D25D100224FF0804330463946F5F7F1
:10D80C00CFF8D8B9E30711D4022594FBF5F3012B1B
:10D81C001C46CAE900533EDD94FBF5F305FB1342AD
:10D82C000AF1080A002AF2D0022DE1D1002230467A
:10D83C0039463A4B0325F5F7B3F868B12546D0E7DE
:10D84C0002352846F4F7D0FD02460B4630463946E1
:10D85C00F5F7A6F80028F1D194FBF5F305FB13427C
:10D86C00002AD4D0022DEBD10022304639462B4B66
:10D87C00F5F796F80028E1D1294A2A4B032502FB3B
:10D88C000433B3F1553FDBD294FBF5F3BFE7C3F898
:10D89C0000904FF00008BBF1000F01D0CBF80090C6
:10D8AC00404605B0BDE8F08F002C8FDD0025C24648
:10D8BC00CDE90298DDE900892846F4F795FD15A31A
:10D8CC00D3E90023F4F7FAFD42464B46F4F720FF68
:10D8DC0006460F4601F0C8FFF5F7E8F83946CAF8D6
:10D8EC000801304602F030F8F5F7E0F80135AC42AB
:10D8FC00CAF80C010AF1080ADED165E74846F6F7CA
:10D90C0023FF80460028C4D02CE700BF182D4454B8
:10D91C00FB2119C0182D4454FB211940000008406C
:10D92C00ABAAAAAAAAAAAA2A70B5914204460D4685
:10D93C00104682B009D0012304F10802CDE900247D
:10D94C001A46FFF72DF902B070BD2068C000F6F73B
:10D95C00FBFE0123064604F108022946CDE900240A
:10D96C001A46FFF71DF9226831462846D20005F009
:10D97C00F4FE304602B0BDE87040F5F7C5BF00BFFD
:10D98C00000000002DE9F04F002489B0079410F03E
:10D99C0001048A461D46129F039240F0A680461051
:10D9AC0007AB224630460094FFF7C4FE079B03F1F9
:10D9BC000C0906EB460303EBD3735B1009EBC308AE
:10D9CC00002D00F099802B68C5F800804345C0F00D
:10D9DC008F80039D002D00F08B800020079905F1AE
:10D9EC000C021144C5E9002101EBC601A96007AB8B
:10D9FC0000905146304606EBD675FFF79BFE6D1036
:10DA0C00BAF1000F3DD0012E34DD039B30469E68E9
:10DA1C00F4F7EAFCA6F1080B043ECDF81080814621
:10DA2C00A8468A463546129701342046F4F7DCFCAA
:10DA3C004A465346F4F76CFE0022364BF4F788FB4B
:10DA4C0030A3D3E90023F4F739FD06460F4601F065
:10DA5C000BFFF5F72BF839464BF83400304601F044
:10DA6C0073FFF5F723F8444545F83400DCDBDDF8AB
:10DA7C001080129F0FB1C7F80080039809B0BDE861
:10DA8C00F08F012EF6DD039B30469C68F4F7ACFC5E
:10DA9C00A4F1080B043CA1463C46CDE904010AF173
:10DAAC00010A5046F4F7A0FCDDE90423F4F730FE3C
:10DABC000022184BF4F74CFB14A3D3E90023F4F722
:10DACC00FDFC06460F4601F0CFFEF4F7EFFF39469A
:10DADC004BF83A00304601F037FFF4F7E7FFAA4560
:10DAEC0049F83A00DBDB2746C4E70B48F6F71AFC8B
:10DAFC00002009B0BDE8F08F4046F6F725FE0390F4
:10DB0C0067E700BF182D4454FB210940182D4454DD
:10DB1C00FB2109C00000E03FC86F01102DE9F04F58
:10DB2C00044600688BB043680D460392002B40F00E
:10DB3C00B180294662680568FFF7F6FED4F80480C8
:10DB4C00D8F80060D8F8047030463946CDF810800B
:10DB5C00F5F702F8039A394610603046174602EB87
:10DB6C00C509F4F7F7FF002305EBD57C012D47F829
:10DB7C0035004FEAC5067B604FEA6C0CC9F80430DF
:10DB8C0040F385804146A2688B1904310591A2F1BE
:10DB9C000801043A07923A4601244FF07C560432AD
:10DBAC00CDE9082C0691049A53F808BC52F834803D
:10DBBC00059A4146584652F834A053F8047C029317
:10DBCC00F4F7CAFF394600905046F4F7C3FF5946A4
:10DBDC0005464046F4F7BEFF514680463846F4F7FA
:10DBEC00BBFF069B074653F834A0079B51464046A3
:10DBFC0053F834B0F5F7B8F8594601903846F5F7B4
:10DC0C00B3F801460198F4F7A5FF844659464046FF
:10DC1C00E046F5F7A9F88446514638466746F5F7CD
:10DC2C00A3F801463846F4F797FFDDF800A0074645
:10DC3C0041465046F4F790FF3146F5F795F8039BB3
:10DC4C00294643F834003846F4F786FF3146F5F799
:10DC5C008BF8089B414643F834005046F4F77AFFA2
:10DC6C003146F5F781F8294649F8080C3846F4F79F
:10DC7C0071FF3146F5F778F849F8040C099A029BC4
:10DC8C0001349442A3F10803A9F108098BDD0BB010
:10DC9C00BDE8F08F0248F6F745FB206849E700BF66
:10DCAC00E46F011012289ABF024B53F8200002486F
:10DCBC00704700BFBC8A01100C70011030B50C1EEF
:10DCCC0016DD0023551C08E010F901C04FEA2C1C8E
:10DCDC0005F803C002339C420ADD591010F801E02C
:10DCEC0003F1010C4EF3030E644502F803E0EBD193
:10DCFC0030BD00BF38B515461A461C4601F0EEFD86
:10DD0C000022114BF4F7DAFB02F020F907F064FC67
:10DD1C004FF0004E4FF0000C86457CEB01020346A1
:10DD2C000FDB614508BF7045226803D14FF080437B
:10DD3C00013222601F3202DA0022134622602B606D
:10DD4C0038BD04F099FB00BF0000E0412DE9F04123
:10DD5C0015461C460022002306460F46F4F716FE15
:10DD6C0020B100232B602360BDE8F08123462A46B6
:10DD7C0030463946BDE8F041FFF7BCBF2DE9F0470E
:10DD8C0006464FF000400F4608999046C840994609
:10DD9C00F4F72AFB424604460D464B4630463946BC
:10DDAC00F4F78CFB02460B4620462946F4F786FB1B
:10DDBC0010A3D3E9002304460D46DDF828A0F4F7A0
:10DDCC000DFE10B10BA5D5E90045002220462946D1
:10DDDC000A4BF4F703FE58B1534620462946099ADC
:10DDEC00FFF788FFDAF80030002B01DBBDE8F08785
:10DDFC0004F042FB0000C0FFFFFFDF410000F03FDA
:10DE0C002DE9F8430124074604FA00F015460138C1
:10DE1C000E46F4F7E9FAED1B8946C5F12003A5F18E
:10DE2C00200124FA03F304FA01F18046194304FAA1
:10DE3C0005F0F4F715FB02460B4640464946F4F74D
:10DE4C003DFBC6F120038946A6F1200124FA03F319
:10DE5C0004FA01F18046194304FA06F0F4F700FBCA
:10DE6C0002460B4640464946F4F752FC01F0EAFFE5
:10DE7C00F4F7D4FDBDE8F883000000002DE9F0476D
:10DE8C0082B004469A46DDF82890CD68D2F80C8012
:10DE9C006BB32846F4F7BAFA064640460F46F4F739
:10DEAC00B5FA02460B4630463946F4F707FB0646F0
:10DEBC00DAF80C000F46F4F7A9FA0B46024639467D
:10DECC003046F4F743F90246D9F80C00164621F017
:10DEDC000047F4F79BFA02460B4630463946F4F7F6
:10DEEC0017FC1CA3D3E90023F4F764FD00B34146EF
:10DEFC002846F4F739FF00210546F5F7E7F820B37B
:10DF0C002846F4F783FA0446D9F80C000D46F4F7CA
:10DF1C007DFA02460B4620462946F4F7F9FB0246E9
:10DF2C000B4600200B99C1E9002302B0BDE8F08735
:10DF3C004FF49E73094920462569094A0091094905
:10DF4C00A847012002B0BDE8F08740F2491306490A
:10DF5C00F1E700BF7B14AE47E17A943F6471011086
:10DF6C00C07001104C710110887101102DE9F0473F
:10DF7C0092F800C00546BCF1070F1C4682B025D0B4
:10DF8C00BCF1090F0ED0BCF1030F47D05649046900
:10DF9C0040F28F130091554A5549A047012002B019
:10DFAC00BDE8F0877F276FF07F060129D2F80C803F
:10DFBC00D2F8109013D0032933D0022972D00A9BC7
:10DFCC0026601F60002002B0BDE8F087012947F6EB
:10DFDC00FF77484ED2F80C80D2F81090EBD1414626
:10DFEC000020F4F775FF01F0FFFF4FF04F41804622
:10DFFC00F5F76CF8002841D040464FF09E41F5F7FC
:10E00C005BF800283AD04046F5F78AF84844B0420D
:10E01C00B8BF30460A9B20601F60D3E7FF2700265D
:10E02C00C3E741460020F4F753FF01F0DDFF4FF04A
:10E03C004F418246F5F74AF800B350464FF09E41E7
:10E04C00F5F73AF8D0B15046F5F76AF803464B4469
:10E05C00B342B8BF3346414627482360F4F738FF34
:10E06C0001F0C2FF4FF04F410446F5F72FF828B1ED
:10E07C004FF09E412046F5F71FF848B91F492C690F
:10E08C0040F2571300912846184A1949A04785E7D2
:10E09C002046F5F745F84844B842A8BF38460A9BD5
:10E0AC0018608FE741461648F4F712FF824601F0DC
:10E0BC009BFF4FF04F418046F5F708F80028DDD064
:10E0CC0040464FF09E41F4F7F7FF0028D6D040466B
:10E0DC00F5F726F803464B44B342B8BF33460AF172
:10E0EC0000402360BCE700BFA4710110C070011098
:10E0FC004C7101100080FFFF0000C040AC7101109A
:10E10C00000080BF436B10B51BB1BDE810403C2133
:10E11C00184704F0B1F900BF2DE9F04FA9B0DDE9C3
:10E12C0032680746894622A841461D46144600F02F
:10E13C0095FA229B023B022B00F2838001230021E3
:10E14C00D9F83820CDE90E33CDE91233CDE91533AA
:10E15C00CDE91A33149218921C921793D9F83020E7
:10E16C00D9F80430CDE90B11D9F82C100D92199275
:10E17C000A93D9F83420D9F800300029CDE91022BF
:10E18C00099303DB38463B6C98470B9006B1366815
:10E19C00D9F814305B421D93D9F81C301F93D9F871
:10E1AC0008302093D9F80C30219300231E93002CB7
:10E1BC0047D02368002D44D02A68B8F1000F40D016
:10E1CC00029200930496D8F800300DF1640B0DF117
:10E1DC00540A0DF144090693CDF814B0CDF80CA0F7
:10E1EC00CDF804900DAB09AA1DA90BA8FDF754FCA2
:10E1FC0010B929B0BDE8F08FCDE9046BCDF80CA0B7
:10E20C00CDF80490D8F8003009AA06932B681DA904
:10E21C00029323680BA800930DAB3C69FDF73CFC03
:10E22C00094A0346009200220849CDE902323846D9
:10E23C000191F223064A0749A047012029B0BDE805
:10E24C00F08F04F019F900BF9C7201108472011058
:10E25C00D4710110687201102DE9F0434B690C4622
:10E26C00054687B0002B37D01C4B1A6800F0CEF94E
:10E27C001B4B21461A680646284600F0C7F9194B75
:10E28C0021461A680746284600F0C0F9164B21466D
:10E29C0080461A68284600F0D3F924698146DCB11F
:10E2AC003B462946226A03A800F0EAF9337A092B87
:10E2BC0003D0012007B0BDE8F0839DF81430092B82
:10E2CC00F7D1324621462846CDF8049003ABCDF861
:10E2DC000080FFF721FFEDE704F0CEF8148B01105E
:10E2EC00108B01100C8B0110088B01102DE9F04FD5
:10E2FC00D1F810A00C4606469FB0BAF1000F00F002
:10E30C000E81D1F814B0BBF1000F00F008818568C4
:10E31C00844B28461A682B689B6998470746002847
:10E32C0000F0AB80804B21461A682B6828469B690D
:10E33C0098478146002800F0A9807C4B21461A683A
:10E34C002B6828469B699847794B05901A682B686F
:10E35C0021462846DB6998478046002800F09980C2
:10E36C00387898F80030069083426CD1D9F80810B0
:10E37C000DA851F8044BA2000C9405F0EEF9D8F856
:10E38C00081013A851F8043B9A001293079305F058
:10E39C00E4F9013C00F1C3800122079B0DEB8404DE
:10E3AC00616B581ECDE90922089100F1B880002458
:10E3BC00CAF834100DEB8001D1F84CE00DF1480C8B
:10E3CC00CDF82CE0A04204D00CEB8401496801FB91
:10E3DC0002F201349C42F5D14FF0FF339BF8001050
:10E3EC00CAF82C30059BCAF83020CAF838E0304601
:10E3FC00CDE90093CDE9028A3B46069A00F0BEF8BF
:10E40C008346002835D13B78072B30D0092B43D0DD
:10E41C0099F80030122B60D02B68414628465B6A75
:10E42C0098472B68394628465B6A98472B684946BB
:10E43C005B6A28469847059BDBB12B6828460599F3
:10E44C005B6A984715E03569FFF72CFC044698F891
:10E45C000000FFF727FC03463649374ACDE9024353
:10E46C000092019130465123344A3549A8474FF068
:10E47C00010B58461FB0BDE8F08F47233149346972
:10E48C00304600912D4A3049A047F0E74A232F49E6
:10E49C00F5E74F232E49F2E7B96819AB51F8042B75
:10E4AC0018469200069305F058F9012C37D0042C2D
:10E4BC0035DC08A8FDF726FB99F800300446122B32
:10E4CC000ED0002CA8DD21463046F36B0AF12C024D
:10E4DC0098470028A0D08346CBE7044619AB069397
:10E4EC00D9F80810069851F8043B9A00CDE9063289
:10E4FC0005F033F9069B002B0FDD0121079A18ABB1
:10E50C001A4453F8040F9A4200FB01F1F9D130463A
:10E51C00F36B0AF120029847D3E70121F7E703F0E8
:10E52C00ABFF00BF148B0110108B01100C8B011072
:10E53C00088B0110F873011008740110D4710110CC
:10E54C00DC730110A07301104C710110B473011035
:10E55C00C873011010B5002482B000940446044B1B
:10E56C00044A054900F044F8204602B010BD00BF33
:10E57C0065E20010F9E2001011E100102DE9F04302
:10E58C00012A85B005460E461C460F9F03D100207C
:10E59C0005B0BDE8F0834FF000084FF000090E9B6A
:10E5AC002146009302AB0193DDE90C23CDE90289EE
:10E5BC00FFF764FC0028EBD1DDE902013A463B1D74
:10E5CC00FFF7C4FB0C9B22691B693146C7E9052385
:10E5DC000E9B28461A6907F10C03FA6100930E9AF8
:10E5EC0007F10803FFF7C2FC05B0BDE8F08300BFDC
:10E5FC0010B4002401600199C0E90334C0E905445A
:10E60C00C0E90744C0E9011210BC704710B5A8B1AD
:10E61C00A1B10968002A8C465CF8044B0CDBA242C1
:10E62C000ADA5CF82240002C06DBBDE8104001EB56
:10E63C008201036D49681847002010BD03F01CFFD0
:10E64C0010B540B139B1BDE810404968036D01EB1C
:10E65C0082025168184703F00FFF00BF10B5044643
:10E66C0051B1496841B151F8042B40F8042B920088
:10E67C0005F073F8204610BD00232046236010BD22
:10E68C002DE9F0431D461B7A0446122B084687B031
:10E69C0007D095E8070084E80700204607B0BDE8DE
:10E6AC00F0831146036C98476F680646D5F80080D6
:10E6BC0007B3394651F8049B01A84FEA89052A464D
:10E6CC0005F04BF8B9F1000F14DD6B4601215A1916
:10E6DC0053F8045F934205FB01F1F9D140463246F1
:10E6EC00FFF7ECFA09232046C4E90067237207B050
:10E6FC00BDE8F0830121F1E7436B10B51BB1BDE818
:10E70C0010404021184703F0B7FE00BF70B500223F
:10E71C0084B00C460646FFF779FF214605460022D9
:10E72C003046FFF78DFF2469BCB12B7A092B02D040
:10E73C00012004B070BD037A092BF9D1D4E90E1273
:10E74C000668A36828680296A5690195E468009498
:10E75C00FEF714FA002004B070BD03F08DFE00BF6C
:10E76C002DE9F04F0B680E46044691B013B11B68AF
:10E77C00012B11D00126584A2569CDE90123574AAE
:10E78C00204600923423564A56490396A847012442
:10E79C00204611B0BDE8F08F4D68002D7AD02D6861
:10E7AC00012D77D1D0F808800022D8F800304046EF
:10E7BC009B6998470746002800F0868083681B6891
:10E7CC00002B7EDDD8F80030002231464046DB6954
:10E7DC009847814600287AD0D6F810A0BAF1000FDD
:10E7EC0066D0736920464A463946CDF800A000F041
:10E7FC009BF8B968044651F8046B05A8B20004965E
:10E80C0004F0ABFFD9F808100BA851F804BB4FEA81
:10E81C008B0204F0A2FF002E06F1FF315ADD00231B
:10E82C000DF1100E0DF1280C99420AD00EEB83025B
:10E83C009B4550684FEA83024CDD62445268824229
:10E84C0048D10133B342EFD1002304A8994204D03C
:10E85C0000EB8302526802FB05F501339E42F5D1B1
:10E86C0010AB03EB8103594553F82C2C32DA53F8D7
:10E87C00143C93422ED1CAE90E53D8F800303946D5
:10E88C0040465B6A9847D8F80030494640465B6A78
:10E89C0098477DE70127104B134A26692046CDE99E
:10E8AC000135009235230E4A0E490397B0476EE7A7
:10E8BC003C230E49256920460091094A0C49A8477A
:10E8CC0065E738230B49F5E737230B49F2E73A2381
:10E8DC000A49EFE703F0D0FDDC740110A0740110BD
:10E8EC001474011068720110B0740110E0740110FE
:10E8FC004C710110C4740110A0730110C873011085
:10E90C0010B5002482B000940446044B044A054917
:10E91C00FFF76EFE204602B010BD00BF19E70010D5
:10E92C006DE7001005E70010F0B50E780D46092EC6
:10E93C0004461F4689B00BD007693046FFF7B2F981
:10E94C00544902462B782046B847012009B0F0BD47
:10E95C001378072B33D0092B77D1136913F1800F60
:10E96C0059D14FF06E51D068F4F792FB002800F0AB
:10E97C008780E868F3F74AFD04460D46052638689B
:10E98C00F3F744FD22460E9C07AB08340293009625
:10E99C002B460194FFF7F2F90E9B07991F22D960C1
:10E9AC003046FFF72DFAF3F71FFD01F10041F4F7A4
:10E9BC0035F8034600200E9A936109B0F0BD136937
:10E9CC0035498B4235D1D6684FF05E513046F4F75D
:10E9DC0087FB00284ED04FF05E513046F4F7BAF862
:10E9EC002E49F4F77DFB0028C3D000222C4B304677
:10E9FC00CDE90423F3F70AFD06460F46294D2A48B4
:10EA0C00CDE90267CDE900056F232046274A284946
:10EA1C002469A04799E76FF07F05264A0469CDE980
:10EA2C000123254A732300922449204A0395A047C9
:10EA3C008BE7234D204A0469CDE90231CDE900254D
:10EA4C006E231A4A1D49A0477FE718462769FFF72E
:10EA5C0029F905463046FFF725F9034619491A4AA4
:10EA6C00CDE9025300920191204672230F4A1749B7
:10EA7C00B8476AE731464FF05E50F4F76BF8AFE7F2
:10EA8C0013492569742300912046084A1149A84767
:10EA9C005BE700BFFC7401100080FFFF6F12833234
:10EAAC000000F03EEC750110F8750110187501109E
:10EABC00CC7501101C760110B07501106872011034
:10EACC00A875011010760110F8730110DC73011099
:10EADC00247601104C7101104B1E1844B0FBF1F060
:10EAEC0001FB00F0704700BF2DE9F04180460F4656
:10EAFC00C069042116461D46FFF7EEFFD8F8182012
:10EB0C00844682B1002302EB420E00EB8E0EDCF841
:10EB1C0004400CF10C0C013408BF0133E645F6D16E
:10EB2C000B2B11D8F4464FF0FF33CCF80070CCF817
:10EB3C000430CCF808602A60D8F818300020013373
:10EB4C00C8F81830BDE8F0810120BDE8F08100BFA5
:10EB5C00704700BF406803685B691847036953F846
:10EB6C0021007047844630B50B46D0E90101D1E94C
:10EB7C00042583B00468DCF80C1000956468A04789
:10EB8C0003B030BD406803689B681847836801EB8D
:10EB9C004101D3E9043203EBC203586800EB810056
:10EBAC00704700BF10B50446182103F03EFC204608
:10EBBC0010BD00BF1346D0E901025269FFF794BFA4
:10EBCC0030B58B68002A844653F8041B83B01BDBDA
:10EBDC00914219DD53F82230002B15DB02680C49E9
:10EBEC0052698A420BD1D0E90101D1E904250468AC
:10EBFC00DCF80C1000956468A04703B030BD1946D2
:10EC0C0003B0BDE830401047002003B030BD00BF5A
:10EC1C0071EB001030B54B68002A844653F8041B86
:10EC2C0083B01BDB914219DD53F82230002B15DB2E
:10EC3C0002680C4952698A420BD1D0E90101D1E931
:10EC4C0004250468DCF80C1000956468A04703B038
:10EC5C0030BD194603B0BDE830401047002003B06A
:10EC6C0030BD00BF71EB001030B50B68002A844634
:10EC7C0053F8041B83B01BDB914219DD53F822308F
:10EC8C00002B15DB02680C4952698A420BD1D0E982
:10EC9C000101D1E904250468DCF80C1000956468C6
:10ECAC00A04703B030BD194603B0BDE83040104753
:10ECBC00002003B030BD00BF71EB001030B4002455
:10ECCC00044DC0E90444C0E9005130BCC0E9023233
:10ECDC00704700BF208B01100EB400B582B003A9A1
:10ECEC0051F8040B019100F005F802B05DF804EB4B
:10ECFC0003B07047704700BF30B400250B46194C69
:10ED0C0000EB400214F832C004EBC20281F82D5023
:10ED1C00557881F814C01D70D568BCF1020F9D6147
:10ED2C0095684FEA40019D60556802D10E4A126801
:10ED3C0015440A1804EBC20404F1100103F130026B
:10ED4C005D6003C982E8030093F83020012A06D1E4
:10ED5C006269D2E9001249685268D9601A6130BC04
:10ED6C00704700BFACF2012010FA0120044B1B6865
:10ED7C008B42A3BF034B03EBC103586800207047C1
:10ED8C0020F7012024F70120044B1B689942DDBFBA
:10ED9C00034B03EBC10358680020704720F7012098
:10EDAC0024F70120704700BF38B51D4C00232246C4
:10EDBC0047F6FF7C1B4D1C482D6850F8250001447C
:10EDCC00B2F90C00103288420AD060450BD00133E6
:10EDDC00042BF5D119461548F5F7A4FA002038BDD7
:10EDEC0004EB031038BD124D01EB410C05EBCC02CA
:10EDFC0015F83C5092F801C004EB031080F808C0E1
:10EE0C00D2F808C0022D52684FEA0313C0F804C0B0
:10EE1C0002D1084D2D682A44E2501C44A18138BD12
:10EE2C005CF8012010F80120808B0110487601104D
:10EE3C00ACF2012010FA01200020FFF7B5BF00BF93
:10EE4C00174870B50246002347F6FF75154E164C51
:10EE5C00366854F826400C44B2F940C04432A445FC
:10EE6C000BD0AC450FD00133042BF5D1002519463E
:10EE7C000E48F5F757FA284670BD03EB031300EB69
:10EE8C008305284670BD03EB031300EB830529466D
:10EE9C002046FFF731FF2846A5F8404070BD00BF63
:10EEAC00A0F8012010F80120808B01108076011051
:10EEBC000020FFF7C5BF00BF38B511F00F0308BF26
:10EECC000A461C4D18BF01F110020C461A4918BF16
:10EEDC00D21A2B6809689A1A914211D9174D2B68CE
:10EEEC00312B1BD801212046F5F7FEFE0346E0B17D
:10EEFC002A681349501C286041F82230184638BD46
:10EF0C001B1B0F3B23F00F03103322460021184626
:10EF1C002B6004F066FB0346184638BD21460948B1
:10EF2C00F5F700FA0023184638BD21460648F5F7D8
:10EF3C00F9F9F7E708FA01200CFA012044F701204F
:10EF4C0048F70120B876011038770110F8B5104D4C
:10EF5C000F462B681446032B0FD8FFF7ADFF034663
:10EF6C0080B12E680020721C2A600A4A266042F882
:10EF7C00367002EBC6025360F8BD0748F5F7D2F9BC
:10EF8C000120F8BD39460548F5F7CCF9F8E700BF84
:10EF9C0020F7012024F7012070770110C8770110A9
:10EFAC000020FFF789BF00BF10B50446024B036079
:10EFBC00FFF7CEFD204610BD548B011010B5044652
:10EFCC00044B0360FFF7C4FD2046182103F02DFA13
:10EFDC00204610BD548B0110F8B5104D0F462B6810
:10EFEC001446032B10D80020FFF766FF034680B1B0
:10EFFC002E680020721C2A60094A266042F836707E
:10F00C0002EBC6025360F8BD0648F5F78BF90120F8
:10F01C00F8BD39460448F5F785F9F8E720F70120E3
:10F02C0024F7012070770110C87701102DE9F04FFB
:10F03C0003464FF4D0711020A3B098475E4B186074
:10F04C00002800F0AF8000235C4E5D4F00F5D072BD
:10F05C000DF1300A194630603A6050461A46FFF7F7
:10F06C002DFE0B220024574BDFF85CB11A60574A77
:10F07C00D6F800805A63564A564DDA63564ACDF894
:10F08C0030B01A64554AC3F808A0DA64544A1A65B9
:10F09C00544A1A61204612A9FFF72EFE9DF85C30E7
:10F0AC000134022B06D1EA68139B134498453CBFEC
:10F0BC00984633600B2C05F11805EBD13B684345A2
:10F0CC006BD3DFF8248102A8454602ACFFF742FA65
:10F0DC000FCC0FC50FCC0FC5236802A82B60FFF710
:10F0EC000FFC0023414FDFF808913E464D46414A44
:10F0FC000DF1080C1360236808F1240E0193BCE891
:10F10C000F00AEE80F00BCE80F00AEE80F00019B4B
:10F11C003C1DCEF8003016F8013B03EBC30358F846
:10F12C00233023B100222748696998472861A642F9
:10F13C0005F12805EFD100232E4A2F4E2F4D1360D9
:10F14C0017F8013B03EBC30308EB83039A688AB1FE
:10F15C0047F6FF7349461B48A6F84030A6F88430A2
:10F16C00A6F8C830A6F80C31AB81AB83AB85AB8766
:10F17C009047F8B9A74209F12809E1D100221346BA
:10F18C001C490A6050460193CDF830B0FFF7E0FC03
:10F19C00019B184623B0BDE8F08F1948F5F7C2F86B
:10F1AC000123EFE71748F5F7BDF80123184623B004
:10F1BC00BDE8F08F0346E5E710FA01200CFA0120B8
:10F1CC0008FA0120B0F90120548B0110C5EE001093
:10F1DC0059EF0010ACF2012079ED00104DEE00104B
:10F1EC00B5ED0010E5EC001014F80120888B01102F
:10F1FC000CF2012010F80120A0F801205CF801208D
:10F20C0024780110FC7701100B464FF0000C144AC7
:10F21C0010B5D168107892F801E0996191680228D4
:10F22C005468996083F800E083F82DC0187502D1FA
:10F23C000C4909680C440C4903F1300C03C95C609F
:10F24C008CE8030093F83010012906D15269D2E9F9
:10F25C00001249685268D9601A61002010BD00BFC5
:10F26C00ACF2012010FA0120BCF201200B464FF049
:10F27C00000C154A30B5D2E93D4592F8F00092F8F1
:10F28C00F1E0D2F8FC10022899619D6083F800E04F
:10F29C0083F82DC0187502D10C4909680C440C492F
:10F2AC0003F1300C03C95C608CE8030093F8301058
:10F2BC00012907D1D2F80421D2E900124968526819
:10F2CC00D9601A61002030BDACF2012010FA012087
:10F2DC00ACF301202DE9F04747F6FF74DFF84890B6
:10F2EC00DFF848A0124E134D134F09F1040819F81A
:10F2FC00013B514603EBC30307EB83030F48DB6869
:10F30C00A6F84040A6F88440A6F8C840A6F80C41E0
:10F31C00AC81AC83AC85AC8798470AF1280A08B954
:10F32C00C845E4D1BDE8F087888B01100CF20120B0
:10F33C00A0F801205CF8012014F80120B0F901209C
:10F34C0070B500240A4A0B4E0346106898470A4AC7
:10F35C003368146043B1094D55F8040BF4F7D4FA33
:10F36C0033680134A342F7D80020306070BD00BF71
:10F37C0010FA012044F7012020F7012048F7012062
:10F38C00084A094B126802F1500002F110015A6050
:10F39C00C3F8AC00C3F8C420C3F8DC10C3F8F420E5
:10F3AC00704700BF10FA0120ACF2012038B5194BA0
:10F3BC00044698420BD003F58063984207D003F5BE
:10F3CC008063984203D003F5806398421CD1E36BB1
:10F3DC0003F01F030A2B09D0E36B03F01F030E2B62
:10F3EC0004D0E36B03F01F030D2B0FD10223642514
:10F3FC00A364E06B10F01F0000D138BD013D07D0B5
:10F40C00012006F057FBF4E71020F6E70120F4E7A3
:10F41C000320F2E7003000602DE9F84F9946724B5B
:10F42C0004469842884617460CD003F580639842F0
:10F43C0008D003F58063984204D003F580639842AA
:10F44C0040F0D080002F00F0CD80B8F1000F00F01C
:10F45C00C9800121204606F019FB0221204606F046
:10F46C002DFB204606F03EFB2023102FA3644FF00B
:10F47C0001064FF6FF733D4628BF10252361E9B204
:10F48C0066642046266406F0C5FAA6646426E36B1F
:10F49C0003F01F03092B04D0E36B03F01F030A2BAB
:10F4AC001AD14FF0000B4FF0800A5E467D1BADB2B7
:10F4BC00BE4238D308236425A364E36B03F01F0317
:10F4CC000D2B7CD1B9F1000F7FD14FF6FF71204687
:10F4DC0006F0FCFA00200EE0012006F0EBFAE36BDC
:10F4EC0003F01F030D2B01D0013ED0D1642507E0A2
:10F4FC00013D02D10420BDE8F88F012006F0DAFAB4
:10F50C00E36B03F01F030D2BF2D102236425A364DC
:10F51C00E36BD90601D10220EDE7013DEAD00120D1
:10F52C0006F0C8FAF4E7E36B03F01F030F2B24D1AA
:10F53C00B5B1102DAB4628BF4FF0100B20465FFA2B
:10F54C008BF106F067FAA5EB0B05ADB2A36813F0CF
:10F55C00800B0AD1052006F0ADFA5B469B46A7E767
:10F56C002946204606F056FAF0E7636808F806309C
:10F57C000136C4F810A0B6B2E8E7012006F09AFAFA
:10F58C00BBF5FA6F0BF10103E8D308236425A364E0
:10F59C00E36B03F01F030D2B0BD102236425A36433
:10F5AC00E36BDA06A6D0013DA4D0012006F082FA66
:10F5BC00F6E7013D9ED0012006F07CFAE8E7013D1C
:10F5CC0098D0012006F076FA77E702236425A3642D
:10F5DC00E36BDB063FF479AF013D8BD0012006F0E5
:10F5EC0069FAF5E7012086E7003000602DE9F84361
:10F5FC009846514B044698420D4616460CD003F5DE
:10F60C008063984208D003F58063984204D003F5D8
:10F61C008063984240F08C80002E00F08980002D91
:10F62C0000F086800121204606F030FA01212046A8
:10F63C0006F044FA204606F055FA2023A3644FF650
:10F64C00FF7323610123642763642364A364E36B66
:10F65C0003F01F03072B2AD14FF40059013D2E4410
:10F66C00AE423AD1B8F1000F56D14FF6FF71204699
:10F67C0006F02CFA002012E0013D01D104200EE02E
:10F68C00012006F017FAE36B03F01F030D2BF3D1E7
:10F69C0002236425A364E36BD90602D10220BDE8E2
:10F6AC00F883013DEAD0012006F004FAF3E7E36B9E
:10F6BC0003F01F030E2BCFD0E36B03F01F03082BBB
:10F6CC00CAD0012006F0F6F9E36B03F01F030D2BF3
:10F6DC0001D0013FBBD16425D5E740F2D17715F8B5
:10F6EC00013F2360A3689A040DD56427C4F81090D9
:10F6FC00E36B03F01F030E2BB2D0013F1AD0012095
:10F70C0006F0D8F9F4E7013F02D10223A364B5E770
:10F71C00012006F0CFF9E5E702236425A364E36B2F
:10F72C00DB06A2D0013DA9D0012006F0C3F9F6E713
:10F73C000120B4E70320B2E7003000602DE9F84364
:10F74C0014461D468046894601F064F8224606465A
:10F75C000F462B4620462946F3F74AF978B9002282
:10F76C00002340464946F3F711F9D8B10022002393
:10F77C0020462946F3F70AF928B10026254F3046D2
:10F78C003946BDE8F8832046294600F0E7F9002801
:10F79C00F5D02046294600220023F3F701F9002872
:10F7AC00EDD02CE03046394600F0D8F9A0B100225B
:10F7BC00002330463946F3F7E9F80028DFD04046FD
:10F7CC00494600F0CBF90028D9D02046294600F054
:10F7DC00C5F90028D3D012E04046494600F0BEF9E6
:10F7EC000028E4D02046294600F0B8F90028DED0E5
:10F7FC0032463B4630463946F3F7FAF820B903F067
:10F80C0071FF22230360BAE703F06CFF212303602E
:10F81C00B5E700BF0000F03FF8B504460D4600F018
:10F82C00AFF906460F4622462B4620462946F3F7EB
:10F83C00DFF830B92046294600220023F3F7B0F850
:10F84C0010B930463946F8BD03F04CFF00220023B6
:10F85C002121016010461946F2F75AFF06460F4661
:10F86C0030463946F8BD00BF21F00043194A934297
:10F87C001CD9194A934230B587B005D902460B46BC
:10F88C00F2F764FC07B030BD02AA01F06FFD04462C
:10F89C0004F00304012CDDE90201DDE904230FD09F
:10F8AC00022C07D084B900F0C5FBEBE70022002343
:10F8BC0000F0C0BB00F0BEFB01F1004107B030BD51
:10F8CC00009400F0DFFCF7E70124009400F0DAFC70
:10F8DC00D8E700BFFB21E93FFFFFEF7FF8B5DFF86A
:10F8EC005CC021F000430027044663450D461760B9
:10F8FC0021D8844653EA0C0C1DD0DFF844C01646C0
:10F90C000A4601EA0C0CBCF1000F09D100220D4B88
:10F91C00F2F7D4FD6FF0350704460A4621F0004398
:10F92C006FF31E521B1542F07F55A3F2FE3345F4C4
:10F93C0000153B44336020462946F8BDFFFFEF7F9E
:10F94C000000F07F0000504321F000431F4A934217
:10F95C0070B586B01ED91E4A934205D902460B4695
:10F96C00F2F7F4FB06B070BD02AA01F0FFFC0346EF
:10F97C0003F00303012BDDE90201DDE904451BD093
:10F98C00022B0FD0EBB9012622462B46009600F035
:10F99C0079FCE7E7002400220023009400F072FCBD
:10F9AC0006B070BD012622462B46009600F06AFC7C
:10F9BC0001F1004106B070BD22462B4600F03AFB27
:10F9CC00D0E722462B4600F035FBF1E7FB21E93F5F
:10F9DC00FFFFEF7F21F00043134A934230B587B00D
:10F9EC001AD9124A934205D902460B46F2F7AEFBDE
:10F9FC0007B030BD02AA01F0B9FC0446640004F063
:10FA0C000204C4F10104DDE90423DDE902010094E0
:10FA1C0000F0F0FC07B030BD01240022002300945C
:10FA2C0000F0E8FC07B030BDFB21E93FFFFFEF7FA2
:10FA3C0038B5044601F0A4FE054621462046F3F7EE
:10FA4C0059FB70B900212046F3F74AFB48B9002155
:10FA5C002046F3F71DFB30B103F044FE074D222383
:10FA6C000360284638BD03F03DFE212203460448BE
:10FA7C001A60BDE8384000F07FB800BF000080FF7E
:10FA8C008C69011038B5044601F0A6FF05462146E5
:10FA9C002046F3F72FFB70B900212046F3F70CFB3F
:10FAAC0048B100212046F3F7F3FA30B103F01AFE07
:10FABC00074D22230360284638BD03F013FE212294
:10FACC00034604481A60BDE8384000F055B800BF42
:10FADC00000080FF8C69011038B5044600F03CF939
:10FAEC00054621462046F3F705FB20B900212046A8
:10FAFC00F3F7D8FA08B9284638BD03F0F3FD2123F3
:10FB0C00002103600846F3F7E3F90546284638BDA3
:10FB1C0020F0004310B50C4603F1FF3E0E498E4514
:10FB2C0017D210F0FF4F024609D00021DB1522F04E
:10FB3C00FF427E3B42F07C500B44236010BD4FF0E3
:10FB4C009841F3F711F96FF01801024620F00043C9
:10FB5C00ECE70023236010BDFFFF7F7F21F0004204
:10FB6C00014B1344D80F704700001080002001494E
:10FB7C00704700BF0000F87F004870470000C07F4E
:10FB8C00714A8A432DE9F84F06460F4600F0A980CA
:10FB9C0000290B4605465FDD08156CD0C3F3130333
:10FBAC00C207A0F2FF3743F4801303D45B0003EBCE
:10FBBC00D5736D005A0000267F1016246B004FF48D
:10FBCC00001102EBD572B6460EEB0100DD0F5B00A7
:10FBDC00904203DC00EB010E121A0E44013C05EBC3
:10FBEC0042024FEA5101EFD120254FF00040A046D0
:10FBFC0014E04ED19C454CD8BCF1000F0CEB000826
:10FC0C0049DB0021A3EB0C03044401EBD371013D50
:10FC1C004FEA50004FEA43030A4643D0724500EBCB
:10FC2C00080CE6DDBCF1000F0CEB000808DB9C4572
:10FC3C00F146A2EB0E010CD90139CE464900E1E7A1
:10FC4C00B8F1000FF3DB9C450EF10109A2EB0E019C
:10FC5C00F2D84900CE46D5E721F0004202433ED00F
:10FC6C00002961D1EA0A153B6D05002AFAD0D602AB
:10FC7C00184665D4134600225B0011460132DC02A3
:10FC8C00FAD5C2F1200425FA04F495402343401A16
:10FC9C0084E75100B9E7B8F1000FB2DB0EF1010EA9
:10FCAC000021AFE7194312D0DFF8A0A0DFF8A0B015
:10FCBC00DAE90001DBE90023DAE90089F2F746FA18
:10FCCC0002460B4640464946F2F774FE98B9650861
:10FCDC00204B45EAC67003EB660303EB0751BDE806
:10FCEC00F88F02460B46F2F7E9FB32463B46F2F739
:10FCFC002FFABDE8F88FB4F1FF3FDAE90001DBE938
:10FD0C00002319D0F2F724FA02460B46DAE90089EF
:10FD1C0040464946F2F744FE80B1A31C04F10205AB
:10FD2C0008BF01366D08D3E70246F2F70FFA024618
:10FD3C000B46F2F7EDFCD2E70136C9E70134C6E712
:10FD4C004FF0FF311346A2E70000F07FF094011052
:10FD5C00E89401100000E03F20F00042B2F1FF4FA8
:10FD6C002DE9F041044651D2002A4DD0002803461B
:10FD7C0056DB10F0FF4251D15B00114601321802E4
:10FD8C00FAD54942C3F31603CA07A1F17F054FF018
:10FD9C00000443F400034FF0190C4FEA65052046AC
:10FDAC0058BF5B004FF080725B0000EB020E1946EF
:10FDBC009E4504DC0EEB0200A3EB0E011444BCF1D7
:10FDCC00010C4FEA41034FEA5202EED1B9B11A4E7F
:10FDDC001A4F30683968D6F80080F2F7BBFE01463E
:10FDEC004046F3F769F950B1306839683668F2F774
:10FDFC00B3FE01463046F3F755F9C8B10234601032
:10FE0C0000F17C5000EBC550BDE8F0810146F2F7E3
:10FE1C00ABFF2146F2F7A0FEBDE8F081C115B1E7BA
:10FE2C000146F2F797FE0146F3F752F8BDE8F08170
:10FE3C00013424F00104E2E7FC940110F894011061
:10FE4C0000000000C1F30A5C02460B462DE9F041AC
:10FE5C00ACF2FF350C460646132D22DC002D42DB9E
:10FE6C00DFF8E0800F4648FA05F801EA080C5CEA76
:10FE7C00000C1BD031A3D3E90023F2F769F900225F
:10FE8C000023F2F7ABFD40B1002C03DA4FF48013E2
:10FE9C002B411F4427EA0804002621463046BDE8C2
:10FEAC00F081332D06DDB5F5806F2CD01046194648
:10FEBC00BDE8F081ACF2134C4FF0FF3727FA0CF78A
:10FECC003842F3D01DA3D3E90023F2F741F9002205
:10FEDC000023F2F783FD0028DFD0002C33461CDB17
:10FEEC0023EA0706D9E715A3D3E90023F2F730F983
:10FEFC0000220023F2F772FD0028CED0002C05DB87
:10FF0C0000263446C9E7F2F723F9D1E724F0004480
:10FF1C0026430DD14FF00044BFE7142D06D0C5F198
:10FF2C0034050122AA4013449E42D9D90134D7E7A3
:10FF3C000026054CB1E700BFAFF300809C7500882C
:10FF4C003CE4377EFFFF0F000000F0BF38B5C1F373
:10FF5C000A5402460B468E46A4F2FF3CBCF1130F2A
:10FF6C0014DCBCF1000F2DDB1E4941FA0CF101EA47
:10FF7C000300104310D04FF40022002342FA0CF27D
:10FF8C00724422EA010E7146184638BDBCF1330F9B
:10FF9C0005DDBCF5806F1CD01046194638BDA4F2A7
:10FFAC0013444FF0FF31E1400142F5D0CCF1330C5A
:10FFBC00012303FA0CF31B1828BF0EF1010E23EAE0
:10FFCC000103E0E7BCF1FF3F01F0004E04D0002339
:10FFDC00D9E7F2F7BDF838BD4EF07F5E00234EF442
:10FFEC00401ED0E7FFFF0F0008B5C0F3C753014612
:04FFFC007F3B162B06
:020000041001E9
:100000000EDC002B024610DB0B481841014205D0E4
:100010004FF480011941114421EA0001084608BD4E
:10002000802BFBD1F2F79EFD08BD013300F00041AB
:10003000F4D141F07E51F1E7FFFF7F0000000000A6
:100040002DE9F04F21F0004885B092469B46B8F16B
:10005000795F06460F466DD2F2F7E6FC002800F005
:10006000ED8032463B4630463946F2F72DFA0446DB
:100070000D4675A3D3E90023F2F726FA74A3D3E95A
:100080000023F2F76BF822462B46F2F71DFA72A313
:10009000D3E90023F2F760F822462B46F2F714FA70
:1000A0006FA3D3E90023F2F759F822462B46F2F763
:1000B0000BFA6DA3D3E90023F2F74EF822462B4644
:1000C000F2F702FA6AA3D3E90023F2F747F82246CF
:1000D0002B46F2F7F9F9CDE900010022664B2046E4
:1000E0002946F2F7F1F980468946204629464446DA
:1000F0004D46DDE90023F2F7E7F98046894652468E
:100100005B4630463946F2F7DFF902460B46404679
:100110004946F2F721F802460B4620462946F2F7F7
:100120001BF802460B4600205449F2F715F805B0BB
:10013000BDE8F08F02460B46F2F7C6F904460D46BD
:1001400041A3D3E90023F2F7BFF941A3D3E9002388
:10015000F2F704F822462B46F2F7B6F93EA3D3E9AC
:100160000023F1F7F9FF22462B46F2F7ADF93CA345
:10017000D3E90023F1F7F2FF22462B46F2F7A4F968
:1001800039A3D3E90023F1F7E7FF22462B46F2F724
:100190009BF937A3D3E90023F1F7E0FF2B46224672
:1001A000F2F792F9364B9845CDE9000195D9354BD8
:1001B000002298453AD8A8F5001300202F49904610
:1001C0009946F1F7C9FFCDE9020100222A4B2046EA
:1001D0002946F2F779F942464B46F1F7BDFF8046D2
:1001E00089462046294644464D46DDE90023F2F77C
:1001F0006BF98046894652465B4630463946F2F7EF
:1002000063F902460B4640464946F1F7A5FF024610
:100210000B4620462946F1F79FFF02460B46DDE9D3
:100220000201F1F799FF05B0BDE8F08F164B4FF0D2
:100230000008DFF85890CDE90223C6E700200F49F7
:1002400005B0BDE8F08F00BFD43888BEE9FAA8BD7C
:10025000C4B1B4BD9EEE213EAD529C804F7E923E15
:100260009015CB19A001FA3E7751C1166CC1563FCB
:100270004C5555555555A53F0000E03F0000F03F57
:100280003233D33F0000E93F0000E73F0000D23F98
:100290002DE9F04F83B004460D46CDE9002321F04F
:1002A0000043B3F1795F04D2F2F7BEFB002800F0FF
:1002B000858022462B4620462946F2F705F9064658
:1002C0000F462046324629463B46F2F7FDF8824665
:1002D0008B46304639463CA3D3E90023F2F7F4F8C5
:1002E0003BA3D3E90023F1F737FF32463B46F2F751
:1002F000EBF839A3D3E90023F1F730FF32463B4650
:10030000F2F7E2F836A3D3E90023F1F725FF3246EE
:100310003B46F2F7D9F834A3D3E90023F1F71EFFE7
:100320000C9B804689469BB30022334BDDE90001DC
:10033000F2F7CAF842464B4680468946504659462F
:10034000F2F7C2F802460B4640464946F1F704FF71
:1003500032463B46F2F7B8F8DDE90023F1F7FCFE40
:1003600006460F465046594621A3D3E90023F2F72B
:10037000ABF802460B4630463946F1F7EFFE02462F
:100380000B4620462946F1F7E7FE03B0BDE8F08FA3
:1003900002460B4630463946F2F796F814A3D3E9E5
:1003A0000023F1F7D9FE52465B46F2F78DF822465C
:1003B0002B46F1F7D3FE03B0BDE8F08F2046294667
:1003C00003B0BDE8F08F00BF7CD5CF5A3AD9E53DE8
:1003D000EB9C2B8AE6E55A3E7DFEB157E31DC73EF6
:1003E000D561C119A0012A3FA6F810111111813F52
:1003F000495555555555C53F0000E03F00000000E8
:100400002DE9F04F87B021F00047804689460E461F
:10041000CDE90023D24B9F4247D8F2F705FB824635
:1004200000286BD1109B4246013313433B4300F03D
:10043000E581109B012B00F0EE8140464946544671
:10044000DDE90023F1F78AFE0B460246C5491F4647
:100450000020F2F763F942464B46804689465046F3
:100460003946F1F779FE02460B464D46DDE90001BB
:10047000F1F772FE52464B46F2F726F802460B465B
:100480005046394616461F4652464B46F2F71CF870
:100490000022B54BF1F762FE02460B463046394664
:1004A000F1F75CFE42464B460FE1B04B9F4225D927
:1004B000002909DA01F10043DDE90001994602460D
:1004C00001F10043CDE9002342464B4686A1D1E924
:1004D0000001F1F741FE04460D46DDE9002384A149
:1004E000D1E90001F1F738FE22462B460024F1F74E
:1004F00035FE002380468946CDE9003442464B460E
:1005000040464946F1F7E0FF82468B4602460B46DD
:10051000F1F7DAFF04460D4652465B46404649462F
:10052000F1F7D2FF74A3D3E90023CDE902012046FD
:100530002946F1F7C9FF72A3D3E90023F1F70EFEB4
:1005400022462B46F1F7C0FF6FA3D3E90023F1F752
:1005500005FE22462B46F1F7B7FF6DA3D3E9002332
:10056000F1F7FCFD22462B46F1F7AEFF6AA3D3E973
:100570000023F1F7F3FD22462B46F1F7A5FF68A310
:10058000D3E90023F1F7EAFD52465B46F1F79CFF01
:1005900065A3D3E90023CDE9040120462946F1F7FC
:1005A00093FF63A3D3E90023F1F7D8FD22462B463E
:1005B000F1F78AFF60A3D3E90023F1F7CFFD2246CC
:1005C0002B46F1F781FF5EA3D3E90023F1F7C6FDC7
:1005D00022462B46F1F778FF5BA3D3E90023F1F71E
:1005E000BDFD22462B46F1F76FFF59A3D3E9002347
:1005F000F1F7B4FD02460B46DDE90401F1F7AEFD6B
:10060000DDE90223F1F760FFDDE9004522462B46D4
:10061000F1F7A4FD52465B46F1F756FF22462B4602
:10062000F1F79CFD04460D464BA3D3E90023DDE919
:100630000201F1F749FF22462B46F1F78FFD824672
:100640008B464046494652465B46F1F787FD474B8D
:1006500004460D469F4200F28B80109B012B3CD03C
:1006600000260F4602460B4600203E49CDE90067B2
:10067000F2F754F804460D4642464B46304639469A
:10068000CDE90245DDE90245F1F766FD02460B467C
:10069000504659463446F1F75FFD32462B46F1F796
:1006A00013FF3246804689462B4630463946F1F7DD
:1006B0000BFF00222C4BF1F751FD02460B46404642
:1006C0004946F1F74BFDDDE90223F1F7FDFE224635
:1006D0002B46F1F743FD04460D462046294607B058
:1006E000BDE8F08FAFF30080182D4454FB21E93FA3
:1006F000075C143326A6813CD47ABF74702AFB3E73
:10070000E9A7F0320FB8123F68108D1AF726303F74
:100710001583E0FEC8DB573F93846EE9E326823FF2
:10072000FE41B31BBAA1AB3F735360DBCB75F3BE85
:10073000A69237A0887E143F0165F2F2D844433F69
:10074000280356C9226D6D3F37D60684F464963F60
:100750007AFE10111111C13F635555555555D53FBE
:10076000FFFF2F3E0000F0BF0000F03F2794E53F61
:100770001098F1F73FFE22462B46CDE900012046B6
:100780002946F1F7A1FE02460B46204629461446AB
:100790001D46DDE90023F1F7E1FC02460B46204649
:1007A0002946F1F7BBFF52465B46F1F7D5FC0246FE
:1007B0000B46404649464FEAA678F1F7CDFC024683
:1007C0000B4608F00208F1F7C9FC02460B46DDE9CA
:1007D0000001F1F7C1FC04460D46C8F10100F1F734
:1007E00009FE02460B4620462946F1F76DFE0446F7
:1007F0000D462046294607B0BDE8F08F40464946E1
:1008000000F0C0FF02460B4600200449F1F786FFC6
:1008100004460D4661E744464D465EE70000F03F62
:100820002DE9F04F23F00046044693B0924652EA79
:1008300006009B460D4610D1231981F40022704911
:100840005241984291411FD252465B46204629466A
:10085000F1F784FC13B0BDE8F08F17468946694A6A
:1008600021F00041984623469142009111D9664AF1
:100870004A441A43E8D153468BF400216048DB1800
:1008800049419A428841DFD30020604913B0BDE856
:10089000F08F01D1002CD7D15A4A9642E7D801D126
:1008A000002FE4D1009AB9F1000F029210DB002F63
:1008B00047D1544A964200F0A783544A964240F0EA
:1008C0008084B8F1000FC0F2BB8420462946C1E7FE
:1008D0004F4A964241D9002F40F0A783494A964299
:1008E00000F09283022720462946049300F04AFF35
:1008F000049B002B51D04FEAD973013B53EA070206
:100900007AD0013F1F434FF0000314BF3F4C414CCE
:10091000B6F1844FCDE9043440F282803E4B009A18
:100920009E423E4B40F2F0839A4200F2A284B8F11C
:10093000000FC0F2A284002013B0BDE8F04F01F018
:1009400041B9002720462946049300F01BFF049B71
:100950001BB34FEAD973013BD3E7304A96420DD916
:100960003215A2F2FF32142A40F34F84C2F134024E
:1009700027FA02F101FA02F2BA4235D0002F40F014
:100980007683B8F1804F00F05384204629460493C3
:1009900000F0F8FE049B7BBB1F4629F040431B4A36
:1009A000934202D0009B002BA5D1B8F1000F05DACD
:1009B00002460B4600201549F1F7B0FEB9F1000FD1
:1009C000BFF648AF104B009A1A4413463B4340F021
:1009D000688402460B4610461946F1F7BDFB0246F5
:1009E0000B46F1F79BFE35E7002F00F0818401F004
:1009F0000101C1F10207A5E722462B46EBE700BF44
:100A00000000F0FF0000F07F000010C00000F03F89
:100A1000FFFF3F430000F0BF0000F043FFFFEF3F48
:100A2000D14B002209EA03032BB9D04BF1F74CFD5F
:100A30006FF034020291029C2315C4F31305CC4CD1
:100A4000A3F2FF332C439A18CA4B9D420F9207DD45
:100A5000C94B9D4240F3FC830132A4F580140F92F0
:100A6000002200230026C24F0025CDE90C23CDE94A
:100A70000667CDE910238046A1462146DDE906231D
:100A8000F1F76AFB06460F46404621466410DDE951
:100A90000623CDE90889F1F761FB02460B460020E9
:100AA000B34944F00054F1F739FE02460B46304694
:100AB0003946CDE90A23F1F707FD0A4601464FF012
:100AC000000C04F500230020CDE90012DDE900123E
:100AD0000446CDE90212CDF808C0591902460D4668
:100AE0000B46DDE9028940464946F1F7EDFC024636
:100AF0000B4630463946F1F72FFB06460F46204697
:100B00002946DDE90623F1F727FB02460B46DDE91E
:100B10000801F1F721FB42464B46F1F7D5FC0246AE
:100B20000B4630463946F1F717FBDDE90A23F1F7AA
:100B3000CBFCDDE90045CDE9060122462B462046E7
:100B40002946F1F7C1FC04460D4675A3D3E90023FD
:100B5000F1F7BAFC74A3D3E90023F1F7FFFA2246B8
:100B60002B46F1F7B1FC72A3D3E90023F1F7F6FAB3
:100B700022462B46F1F7A8FC6FA3D3E90023F1F737
:100B8000EDFA22462B46F1F79FFC6DA3D3E9002333
:100B9000F1F7E4FA22462B46F1F796FC6AA3D3E973
:100BA0000023F1F7DBFA06460F4622462B46204685
:100BB0002946F1F789FC02460B4630463946F1F7E3
:100BC00083FC424604460D464B46DDE90001F1F741
:100BD000C5FADDE90623F1F777FC22462B4600240F
:100BE000F1F7BCFA424606460F464B464046494698
:100BF000F1F76AFC02460B46CDE9082300225F4B61
:100C0000F1F7ACFA32463B46F1F7A8FA0D46224618
:100C100040462B464946F1F757FC0022804689465C
:100C2000564B20462946F1F797FADDE90823F1F7FC
:100C300093FA02460B4630463946F1F78DFADDE964
:100C40000023F1F741FC06460F4622462B460024BE
:100C5000DDE90601F1F738FC02460B46304639461D
:100C6000F1F77CFA06460F464046324649463B4677
:100C7000F1F774FA0D46204635A3D3E90023F1F7C6
:100C800023FC42464B468046894620462946F1F7DA
:100C900063FA02460B4630463946F1F75DFA2EA359
:100CA000D3E90023F1F710FC02460B462046294603
:100CB00014461D462AA3D3E90023F1F705FC02469A
:100CC0000B4620462946F1F749FADDE91023F1F7F2
:100CD00045FA04460D460F98F1F78CFB224606466E
:100CE0000F462B4640464946CDE90089F1F736FAD2
:100CF000DDE90C23F1F732FA32463B46F1F72EFAE2
:100D0000002032463B4680468946F1F725FADDE968
:100D10000C23F1F721FADDE9002331E0AFF3008085
:100D2000EF4E454A287ECA3F65DBC9934A86CD3FD0
:100D300001411DA96074D13F4D268F515555D53FB6
:100D4000FFAB6FDBB66DDB3F033333333333E33F4E
:100D5000000000E009C7EE3FFD033ADC09C7EE3FA3
:100D6000F5015B14E02F3EBE0000F07F0000404321
:100D70000000F03F8E98030079B60B000000084099
:100D8000F1F7EAF902460B4620462946F1F7E4F965
:100D90000023CDE900AB0093DDE90067CDE9020156
:100DA00032463B4650465946F1F7D6F942464B4645
:100DB000F1F78AFB04460D4652465B46DDE9020127
:100DC000F1F782FB02460B4620462946F1F7C6F9A9
:100DD00004460D4632463B4640464946CDE902456B
:100DE000F1F772FB06460F462046294632463B463F
:100DF000F1F7B4F9BC4B04460D469942884640F3DE
:100E00001681BA4B0B44034340F03D82A4A3D3E9BF
:100E10000023DDE90201F1F7A1F902460B46204665
:100E2000294614461D4632463B46F1F795F90246DF
:100E30000B4620462946F1F7D7FD002840F02382D3
:100E40004FF400714144AA48B8F1000F4FF000027E
:100E5000C1F30A53C1F3130AA3F2FF334AF4801A11
:100E600040FA03F0C3F114034AFA03FA00EA01035B
:100E700030463946B8BFCAF1000AF1F76DF90646A7
:100E80000F464FEA0A5B32463B46DDE90201F1F7C5
:100E900065F90D460024294683A3D3E900232046A3
:100EA000F1F712FB3246804689463B4620462946EA
:100EB000F1F752F902460B46DDE90201F1F74CF970
:100EC0007BA3D3E90023F1F7FFFA02460B46204645
:100ED000294614461D4678A3D3E90023F1F7F4FA16
:100EE00002460B4620462946F1F738F906460F46DA
:100EF0004046324649463B46F1F730F94246044601
:100F00000D464B46F1F728F902460B463046394666
:100F1000F1F722F92246804689462B46204629468B
:100F2000F1F7D2FA06460F4665A3D3E90023F1F79D
:100F3000CBFA65A3D3E90023F1F70EF932463B461D
:100F4000F1F7C2FA62A3D3E90023F1F707F93246B9
:100F50003B46F1F7B9FA60A3D3E90023F1F7FCF8B7
:100F600032463B46F1F7B0FA5DA3D3E90023F1F72F
:100F7000F5F832463B46F1F7A7FA02460B46204603
:100F80002946F1F7E9F806460F462046324629463B
:100F90003B46F1F799FA02460B463046394616466B
:100FA0001F4600224FF08043F1F7D6F802460B4669
:100FB00030463946F1F7B2FB424606460F464B46ED
:100FC00020462946F1F780FA42464B46F1F7C6F82B
:100FD00002460B4630463946F1F7BEF822462B460C
:100FE000F1F7BAF802460B4600204249F1F7B4F88F
:100FF0000C465C44B4F5801FC0F24F812146DDE908
:101000000423F1F761FA25E43B4A00990A441A43A4
:101010003FF43AAC394B994240F2E180B8F1000F0D
:10102000C0F255815046594614E402278AE421F063
:101030000043DFF8CCC0634540F2DE80314B0B4407
:1010400003430AD132463B46F1F786F8DDE9022335
:10105000F1F7C0FC00283FF4F3AE00220023DDE9E5
:101060000401F1F7A3FC003818BF012064E4204616
:101070002946029300F086FB029B002B7FF4BCAC58
:1010800029F040491B4B994503D0009B002B7FF46E
:10109000B3ACB8F1000FC0F23C81002792E400BF6E
:1010A000FE822B654715973C00000000432EE63F6B
:1010B000EF39FAFE422EE63F396CA80C615C20BE87
:1010C000D0A4BE726937663EF16BD2C541BDBB3E4E
:1010D0002CDE25AF6A56113F93BDBE166CC1663F2C
:1010E0003E5555555555C53FFFFF8F40000070BF19
:1010F0000000F0FF0000F03F000010C0FFFFEF3FD6
:10110000FFCB904000346F3F9A42C0F0D280009AEB
:10111000954B9A424FF0000200F2DD80924BF1F7BE
:101120001BF804460D4684A3D3E90023F1F7CCF95C
:10113000804689462046294681A3D3E90023F1F75A
:10114000C3F90022894BCDE9000120462946F1F779
:10115000BBF902460B467CA1D1E90001F0F7FCFF88
:1011600022462B46F1F7B0F902460B460020804993
:10117000F0F7F2FF06460F4622462B462046294648
:10118000F1F7A2F902460B4630463946F1F79CF9D1
:101190006FA3D3E90023F1F797F902460B46DDE987
:1011A0000001F0F7D9FF04460D4640464946224665
:1011B0002B46F0F7D3FF002042464B468046894637
:1011C000DEE5B8F1804F33D0694A90457FF48BABB0
:1011D0002046294613B0BDE8F04FFEF7D7BCB8F162
:1011E000000F4FF000004FF00001BFF633AB504648
:1011F0000BF10041FFF72EBB5D4A934200F2928053
:10120000DDE900239346924644E6002F7FF42FAF9A
:10121000C2F1140246FA02F101FA02F2B242524A53
:101220006BD096423FF44DABB8F1804F7FF45BAB8F
:1012300022462B4620462946F1F746F9FFF70ABB1E
:1012400022462B4600204849F1F768FAFFF702BB17
:1012500041A3D3E900234FF48025CDE90C2340A31B
:10126000D3E90023CDE910230022424BCDE9062328
:1012700001E4B8F1000F7FF75EAB002013B0BDE8CA
:10128000F04F00F0A5BC00220023DDE90401F1F7D6
:101290008DFB003818BF0120F0E7524600F0F4FB48
:1012A000ADE6012F7FF4D6AA01F100431946FFF7FE
:1012B000D1BA00220023DDE90401F1F777FB003801
:1012C00018BF0120B8F1000FBFF636ABD6E70020FB
:1012D0000021FFF7BFBA0023DDE90401F1F766FB47
:1012E000003818BF0120B8F1000FC7DCFFF724BB9E
:1012F000B8F1804F7FF4F6AA9AE796423FF4E1AA4C
:10130000B8F1804F94D001F00101C1F10207FFF75D
:10131000EABA02460B46002013490027F1F7FEF90E
:10132000FFF750BB1B154FF48011A3F2FE33194198
:1013300088E500BFAFF30080000000604715F73F6D
:1013400044DF5DF80BAE543E555555555555D53FC8
:10135000FE822B654715F73F0000004003B8E23FCF
:1013600006D0CF43EBFD4C3E0000F03F0000D03FE5
:101370000000E03F0000F83F2DE9F04F964B21F0D0
:1013800000458DB082469D428B46144640F28B80CC
:10139000924B0F469D4228D8002985A3D3E900230C
:1013A00040F39D81F0F7D8FE8D4B804689469D42E3
:1013B00000F08D8080A3D3E90023F0F7CDFE064630
:1013C0000F464046324649463B46F0F7C5FE7AA3F3
:1013D000D3E90023F0F7C0FEC4E900670126C4E9A1
:1013E000020130460DB0BDE8F08F7E4B9D4240F2C9
:1013F00088807D4B9D4261D82E155046A6F2164638
:10140000A5EB065903254946F1F70EFBF0F7F2FF6D
:1014100002460B46504649460DF1300ACDE90623F7
:10142000F0F79AFE0022714BF1F74EF8894680469C
:10143000F1F7FAFAF0F7DEFF02460B46404649465E
:101440004FF000084FF00009CDE90823F0F784FEC3
:101450000022664BF1F738F8CDE90A0142464B46C7
:10146000AB46013D7AE90201F1F796FA0028F5D181
:101470005F4932465B4606A8019102210091214650
:1014800000F0ACFB002F0646ABDA616846422268EA
:1014900001F10043E168C4E90023A26801F10043BF
:1014A000C4E902239DE700220023C4E900ABC4E99C
:1014B0000223002630460DB0BDE8F08F02460B46F1
:1014C000F0F74AFEC4E90201C4E90001F1E73CA3D8
:1014D000D3E90023F0F740FE804689463AA3D3E9DA
:1014E0000023F0F739FE06460F464046324649468D
:1014F0003B46F0F731FE34A3D3E90023F0F72CFE8E
:101500006AE700F03FF98046894631A3D3E900231A
:10151000F0F7DAFF0022374BF0F720FEF1F784FAFC
:101520000646F0F767FF02460B46CDE9022320A3EB
:10153000D3E90023F0F7C8FF02460B464046494670
:10154000F0F70AFE82468B461BA3D3E90023DDE9B0
:101550000201F0F7B9FF02460B4650465946CDE965
:101560000423F0F7F9FD1F2E8046894646DC224B06
:10157000721E53F82230AB4240D042464B46504692
:101580005946C4E90089F0F7E7FDDDE90423F0F7E7
:10159000E3FD002FC4E90201BFF623AF09F10043C8
:1015A0007642C4E9008301F10043C4E9020318E76D
:1015B00000004054FB21F93F3163621A61B4D03D11
:1015C0000000601A61B4D03D7370032E8A19A33BEA
:1015D00083C8C96D305FE43FFB21E93F7BD90240FE
:1015E000FB21F93FFB213941FFFFEF7F00007041F4
:1015F000809501100000E03F00950110C9F30A53E7
:10160000C3EB15532D15102BB7DD53A3D3E90023DE
:10161000DDE90201F0F758FF804689465046424610
:1016200059464B46F0F798FD02460B465046594640
:1016300092469B46F0F790FD42464B46F0F78CFDF4
:101640008046894646A3D3E90023DDE90201F0F78D
:101650003BFF42464B46F0F77FFD0B46024659469C
:101660005046CDE90423F0F777FDC1F30A538046D5
:101670008946ED1A312D80DD3BA3D3E90023DDE956
:101680000201F0F721FF80468946504642465946FE
:101690004B46F0F761FD02460B46504659469246CE
:1016A0009B46F0F759FD42464B46F0F755FD804604
:1016B00089462FA3D3E90023DDE90201F0F704FFF7
:1016C00042464B46F0F748FD02460B465046594607
:1016D000CDE90423F0F740FD804689464DE7F0F759
:1016E0003DFD274B804689469D4218D022A3D3E971
:1016F0000023F0F733FD06460F4640463246494682
:101700003B46F0F729FD1CA3D3E90023F0F726FDA3
:10171000C4E90067C4E902014FF0FF3661E60EA399
:10172000D3E90023F0F71AFD804689460CA3D3E9DC
:101730000023F0F713FD06460F4640463246494661
:101740003B46F0F709FD06A3D3E90023F0F706FDB9
:10175000DEE700BFAFF300800000601A61B4D03D47
:101760007370032E8A19A33B0000002E8A19A33B35
:10177000C14920259A837B393163621A61B4D03D17
:10178000FB21F93F21F00043194670472DE9F84F3E
:1017900030F000432BD000280146034640DBB0F177
:1017A000FF4F39DAB0F5000F41DB0021C3F3160615
:1017B0007E4ADC1532447F3C02F400000C444FF0BA
:1017C0007E5180F07E5004EBD2543043F1F7C8F9DB
:1017D00006F10F02764B0546134083BB0021F1F75B
:1017E0005DFC002800F0A18044B9002004E0002145
:1017F0004FF04C40F1F772FBBDE8F88F2046F1F74F
:1018000065FA6C490546F1F7B5FA04466A49284677
:10181000F1F7B0FA01462046F1F7A4F9BDE8F88FD8
:10182000F1F79EF90021F1F759FBBDE8F88F4FF071
:101830009841F1F79FFA6FF018010346B6E74FF0B1
:101840008041DFF878B1F1F78DF901462846B344BD
:10185000F1F744FB80462046F1F738FA41468146CD
:101860004046F1F787FA01468246F1F783FA544978
:101870000746F1F77FFA5349F1F774F93946F1F762
:1018800079FA5149F1F76EF93946F1F773FA4F4990
:10189000F1F768F95146F1F76DFA4D49824638463D
:1018A000F1F768FA4B49F1F75DF93946F1F762FA59
:1018B0004949F1F757F93946F1F75CFA01465046C4
:1018C000F1F750F9454B07469B1B43EA0B03002BEE
:1018D0004CDD4FF07C512846F1F74CFA2946F1F7E0
:1018E00049FA064638463146F1F73CF94146F1F7E8
:1018F00041FA0746002C47D02E494846F1F73AFAFC
:101900002D4904464846F1F735FA3946F1F72AF9E8
:1019100001463046F1F724F92946F1F721F901464D
:101920002046F1F71DF9BDE8F88F2D492846F1F75B
:1019300021FA01464FF07C50F1F712F9064629468C
:101940002846F1F717FA01463046F1F713FA064632
:10195000ACB12046F1F7BAF907461649F1F70AFA91
:10196000154904463846F1F705FAD1E701462846FD
:10197000F1F7F6F84146F1F7FDF906466CB9314644
:101980002846F1F7EDF837E701463046F1F7E8F879
:1019900001462846F1F7E4F82EE706494846F1F7F4
:1019A000E9F9054904464846DDE700BF20FB4A0047
:1019B000F0FF7F008071313FD1F71737305CCFFFE8
:1019C0009788173E25333A3E2549923EABAA2A3FD7
:1019D0004FD01C3E298E633ECDCCCC3E88C2350014
:1019E000ABAAAA3E30F0004270B530D000280146C4
:1019F000024632DBB0F1FF4F26DAB0F5000F32DBE2
:101A00000021D315C2F316057F3B0B44DC0F03EB1B
:101A1000D370F1F75BF918490646F1F7ABF90246C6
:101A2000C4F17F00144645EAC050FFF7AFFE1349EA
:101A3000F1F7A0F92146F1F795F804461049304630
:101A4000F1F798F901462046F1F78CF870BD0021B6
:101A50004FF04C40F1F742FA70BDF1F781F80021E8
:101A6000F1F73CFA70BD4FF09841F1F783F96FF050
:101A700018010246C5E700BFDB275435D95BDE3EBF
:101A800080209A3E000000002DE9F0411646C1F387
:101A90000A52074688460B4652BB21F000430343D7
:101AA00024D0314B0022F0F70FFD304B074688461B
:101AB0009E4239DBC1F30A520B46363A4CF25031A2
:101AC0008E421EDC164440F2FE72964219DC002E55
:101AD00023DC16F1350F2EDB6FF31E5336363846F6
:101AE000002243EA0651224BF0F7EEFCBDE8F081FC
:101AF00040F2FF7C6245E1D10246F0F72FFBBDE8E2
:101B0000F08115A3D3E9002345461A4863F31E0567
:101B10002946F0F7D9FCBDE8F0816FF31E53384633
:101B200043EA0651BDE8F0810DA3D3E90023F0F7A5
:101B3000CBFCBDE8F08108F000440F4844F0D271BE
:101B400041F4B73106A3D3E9002341F01F01F0F7B8
:101B5000BBFCCBE7AFF300809C7500883CE4377E8C
:101B600059F3F8C21F6EA50100005043B03CFFFFBF
:101B70000000903C9C75008859F3F8C2D0B5064629
:101B80000F46144601F0B4FD0346394630461C604A
:101B9000D0BD00BF00B583B080B1104603F1004155
:101BA000CDE9000110461946DDE90023F0F78CFC71
:101BB000222203B05DF804EBFFF7E0BF10461946A0
:101BC000EEE700BF00224FF08053FFF7E3BF00BFF6
:101BD00000224FF0E043FFF7DDBF00BF2DE9F04FDB
:101BE000ADF5197D9C46B54B12F1140F0B91824651
:101BF000A29953F821600CF1FF330293C0F2B28234
:101C0000D31EAF4981FB0301DB17C3EBA10307938D
:101C10000133A3EB8303DB00D318079A0A930CF17B
:101C2000FF3316EB0309A2EB03071BD409F10109EB
:101C30000DF1800800960024B9440025DDF88CB22F
:101C40004E46C146E046002F2046294603DB5BF89E
:101C50002700F0F7CFFB0137B742E9E80201F2D1E4
:101C6000009EC446002EC0F2A783AAF10801029C80
:101C70000DF1800A70AB01EBCC0903910AEBCC0AA1
:101C8000A3464FEACC0706EB0C0200200021002CF3
:101C900080F293810BF1010B0AF1080A9345E3E806
:101CA0000201F4D1039B009603EB070A0CAB0496E8
:101CB00003EB8603D346CDF824C0043B08930CAB5A
:101CC00003EB86030A9E1F460099CA0000290DEB0C
:101CD000C1030192D3E970452DDD0DF5E07A0DF1D8
:101CE00030090AEB0208CDE905670022754B204652
:101CF0002946F0F7E9FBF0F797FEF0F77BFB0022AF
:101D0000714B06460F46F0F7DFFB02460B462046B6
:101D10002946F0F721FAF0F787FE394649F8040B17
:101D2000304678E90223F0F719FA0446D0450D460B
:101D3000DBD1DDE90567204629463246FFF7A4FEE0
:101D400000224FF07F5304460D46F0F7BDFBFEF72F
:101D50007FF800225D4BF0F7B7FB02460B462046AA
:101D60002946F0F7F9F90D460446F0F75DFE824684
:101D7000F0F740FB02460B4620462946F0F7ECF907
:101D8000002E8046894640F38880009B0CA9C6F14E
:101D900017045A1EC6F1180351F8221041FA03F035
:101DA00000FA03F38244CB1A0CA943FA04F441F875
:101DB0002230002C00F3E4800022002340464946F4
:101DC000F0F7EAFD002800F08B82009B049A934212
:101DD0000CDD0CAA02EB8303002253F8041DBB4266
:101DE00042EA0102F9D1002A40F00F81049B0CAABB
:101DF000013B52F82330009A02F10108002B40F019
:101E0000DA80089A012352F8041D01330029FAD020
:101E1000009A134400996FF0404A099A0DF1800925
:101E200005961144079A0697424409EBC1090199A6
:101E30009244A39A019302EB8A0A70AA114400917A
:101E40005AF8040FF0F7D6FA029B002BE9E80201DA
:101E500020DB039E4F460024002577E90223F6E9A4
:101E60000201F0F731FB02460B4620462946F0F707
:101E700075F95E4504460D46EFD1009B08F1010857
:101E8000E3E902450093019B9845D9DD0093DDE924
:101E9000056719E700240025EFE71BD000220C4B53
:101EA000F0F798FD0446002886D0009B0AF1010A4D
:101EB000002B40F3778202241AE000BFC89601107D
:101EC000ABAAAA2A0000703E00007041000020402A
:101ED0000000E03F009B0CAA013B52F82340E415B0
:101EE000002C7FF769AF009B0AF1010A002B56DD39
:101EF0000CAB002153F8045B002D3CD0C5F180757C
:101F00006FF07F4043F8045C03E01A68821A43F8DC
:101F1000042B0131009A8A42F7DC0125002E0EDDE8
:101F2000012E00F01481022E09D1009B0CA95A1E2B
:101F30000CAB53F82230C3F3150341F82230022CC6
:101F40007FF43AAF42464B460020A449F0F704F92B
:101F500080468946002D3FF42FAF324600209F492E
:101F6000FFF792FD02460B4640464946F0F7F4F86B
:101F70008046894620E70131009A8A42BADCCDE7E3
:101F800000990AF1010A0029B2DC012E00F0248236
:101F9000022E04D1C3F315030CA941F82230022C00
:101FA0007FF40AAF42464B4600208C49F0F7D4F844
:101FB0008046894600E743462CE7D846D3469A46F2
:101FC00001960092CDE904C7039E5F4600240025D8
:101FD00077E90223F6E90201F0F776FA02460B46AA
:101FE00020462946F0F7BAF84E4504460D46EFD193
:101FF00008F10108009B0BF1080B9845EAE802453F
:10200000E2D1019EDDE904C74CE60A9B009FA3F1E3
:10201000180203940CAB7C1E049E53F82430CDF8B8
:1020200014A00A9263B96FF040430CA93B4401EB42
:10203000830353F8041D013C183A0029F9D00A9291
:102040000A9A00206549FFF71FFD002C804689464B
:10205000C0F2B881671C0CAB4FF0000ADFF880B10A
:1020600003EB870570ABF90003EBC707009155F848
:10207000040DF0F7BFF942464B46F0F725FA5B46F0
:10208000524667E9020140464946F0F71DFA0CAB9B
:10209000804689469D42EAD1009948A870AA002E40
:1020A000A1F110034FF0000B824602901A440194F4
:1020B000049127DB4B4C174600254FF000084FF0EA
:1020C0000009009210E0F7E90223F4E9020101356A
:1020D000F0F7FAF902460B4640464946F0F73EF85B
:1020E000AE428046894601DB5D45ECDD009A019BEE
:1020F000083A0BF101019B45EAE8028907D0002E5E
:102100008B46D7DA4FF000084FF00009EFE7A29BAB
:10211000019C022B049967DC002B28DC10D1029D66
:1021200000206C18002174E90223F0F717F8A5428B
:10213000F9D1039B002B40F031810B9BC3E90001D7
:10214000059B03F007000DF5197DBDE8F08F009B9E
:102150000CA95A1E0CAB53F82230C3F3160341F8F6
:102160002230ECE600216FF01703079154E5029B43
:10217000002600275D189A46DDE9488975E90223A3
:1021800030463946EFF7EAFFAA4506460F46F5D135
:10219000039B40464946002B40F0F3803B463246C5
:1021A000EFF7DAFF0B9BC3E9006764B10126013644
:1021B000F5E90223EFF7D2FFB442F8DA039B13B13B
:1021C00001F1004319460B9BC3E90201059B03F093
:1021D00007000DF5197DBDE8F08F00BF0000F03F4E
:1021E0000000703E80960110A29B032BA8D1002C0A
:1021F00000F00181029B4FEAC40903EBC405A84625
:102200000495D5E90067CDE9005458E90245304608
:10221000394622462B46EFF7A1FFB246BB4606469B
:102220000F462046324629463B46EFF795FF5B4670
:102230005246EFF793FF029BC8E9000168E9026785
:102240009845E2D1049DDDE900A4012C00F0D38083
:1022500003F1080BCDF80090D5E900455AE9026773
:102260002046294632463B46EFF778FFA046A9466E
:1022700004460D463046224639462B46EFF76CFFA2
:1022800042464B46EFF76AFFCAE900016AE9024598
:10229000D345E3D1DDF800900020029B002109F135
:1022A000080403F110051C4474E90223EFF756FFFC
:1022B000A542F9D1029BD3E90278039BDDE94845A9
:1022C000002B49D10B9BC3E90401C3E90045C3E9D5
:1022D0000278059B03F007000DF5197DBDE8F08F2E
:1022E0000A9B40464946009F5A42049ECDF814A0DE
:1022F0000394FFF7C9FB0022494B80468946F0F75B
:1023000069FB00B30022474B40464946F0F7DCF832
:102310007C1CF0F789FB0546F0F76CF80022404B77
:10232000F0F7D2F80B46024649464046EFF714FF55
:10233000F0F77AFB0CAB43F8270043F824500A9BD4
:1023400018330A937CE640464946F0F76DFB0CAB28
:102350003C4643F8270073E6264608F1004305F1A2
:1023600000440B9DC5E9027301F10043C5E9040374
:10237000059B03F00700C5E900640DF5197DBDE874
:10238000F08F0B9A07F100431660536032463B46CC
:10239000EFF7E2FE002C7FF409AF11E701F10043F3
:1023A0001946CAE642464B4600201F49EFF7D4FEC5
:1023B000022480468946FFE4AAF108034FEACC07CD
:1023C00003936FE4A29B022B0FDC002B16DC7FF43F
:1023D000B7AE00200021ACE6C3F316030CA9022C13
:1023E00041F822307FF4E8ACDCE5A29B032B7FF4BC
:1023F000A7AE48AB0293002000215BE7039BDDE919
:10240000480133B100224FF000430B9CC4E9002384
:10241000D6E6002200230B9CC4E90023D3E600BFCC
:10242000000070410000703E0000F03F0B46014686
:10243000184600F05DBF00F01BB800F01BB8012883
:1024400038BF012010B50446204600F061F800B105
:1024500010BD00F011F808B900F014F88047F3E758
:10246000FFF7EDBF08B500F00DF808B500F00AF869
:1024700000F056B8FFF7FCBF014BD3E8AF0F704731
:1024800014FA0120062008B501F006F9012003F036
:1024900095FA00001FB514461A46094B05461B68FD
:1024A000D8684CB1074B00910749CDE901342B4660
:1024B00000F02CFFFFF7E6FF044B1C46F3E700BFDC
:1024C00020F50120D8960110E59601101397011010
:1024D000002100F001BF0000024B0A4601461868C7
:1024E00000F002B820F5012070B5A1FB025434B908
:1024F000294600F03FF8064628B9304670BD0C2248
:1025000000260260F9E72A46214601F070F8F4E758
:10251000024B0146186800F02DB800BF20F50120DD
:10252000024B0146186801F02BB900BF20F50120CD
:1025300070B50F4E0C460546316811B901F0C8F868
:1025400030602146284601F0C3F8431C03D14FF008
:10255000FF34204670BDC41C24F00304A042F8D010
:10256000211A284601F0B4F80130F2D1EFE700BF9C
:1025700018FA01202DE9F843CD1C064625F0030585
:1025800008350C2D38BF0C25002D01DBA94204D9DC
:102590000C2333600020BDE8F883DFF8D48000F01E
:1025A00069F8D8F800301C4644BB29463046FFF78E
:1025B000BFFF431C044658D1D8F800402746002FDF
:1025C00043D1002C4BD023683946304604EB030935
:1025D00001F07EF8814542D1216830466D1A2946C6
:1025E000FFF7A6FF01303AD023682B442360D8F8C8
:1025F00000305A6862BBC8F800700FE02268521BB6
:1026000020D40B2A17D96119A342256018BF59603D
:10261000636808BFC8F8001062514B60304600F094
:102620002FF804F10B00231D20F00700C21A1CBF75
:102630001B1AA350AFE76268A3420CBFC8F8002082
:102640005A60EBE723466468AEE73C467F68B6E72E
:102650001A465B68A342FBD100235360DEE70C23DC
:102660003046336000F00CF894E70560D6E700BF11
:102670001CFA0120014801F066B800BF20FA0120D1
:10268000014801F061B800BF20FA01202DE9F041B6
:10269000074614460D4621B91146BDE8F041FFF743
:1026A00069BF2AB9254601F06BF82846BDE8F081DC
:1026B00002F0AEF88442064602D8B4EB500FF4D8CC
:1026C00021463846FFF756FF804608B94546ECE7F5
:1026D000B4422246294628BF324601F044F8294632
:1026E000384601F04DF8F1E72DE9F04190460F46EC
:1026F00001F058FF04460D46B8F1000F11D0C7F3A2
:102700000A53C3F16B03002B0BDD1B05002403F1FF
:102710007F55224605F540152B46EFF7D5FE0446BA
:102720000D4620462946BDE8F0810000000000006B
:102730002DE9F04F9DB00E464FF000084FF0000914
:10274000159200220490189217910D460A780131D3
:102750002B2A1DD00BD80D2A06D8082AF4D87AB116
:1027600000239A460B9381E0202AEDD0F8E72D2A2A
:1027700010D10122691C0B9217916A78002A35D179
:10278000159B1796002B40F08C85404649462AE061
:102790000022EFE700210B91302A40F099806A78FF
:1027A00002F0DF02582A58D1029317A90B9B814AE5
:1027B000019318AB0498009319AB01F091F810F055
:1027C0000F06044605D0062E12D1013500231795B9
:1027D0000B93159B002B40F066850B9B002BD4D0F0
:1027E000404609F100411DB0BDE8F08F0D46D3E72A
:1027F000189A3AB135211AA801F0C6FF1899049821
:1028000001F090FB013E042E06D8DFE806F0140329
:102810001E211400DDE91A89E00548BF49F000498E
:1028200029F000431B0D1B05002BD2D100F060FFE7
:1028300022230360CDE7DDE91A83199A23F480137C
:1028400002F2334243EA0259E6E7DFF86C91E3E72C
:102850006FF000494FF0FF38DEE7013517952B7810
:10286000302BFAD0002BB4D04FF0010A00272B46B2
:102870000A21BB460E97184613F8014BA4F130020B
:10288000092A28D901224D4900F0B9FE002833D089
:10289000224600205C46CDE90600652A01D0452A83
:1028A00014D124B95AEA00033FF46AAF0024179EFA
:1028B000731C179372782B2A72D02D2A76D04FF082
:1028C000000CA2F13003092B7ED917960023A0E05B
:1028D0004FF0000ACAE7BBF1080F17930BF1010B89
:1028E000D5BF0E9A01FB074201FB0242A2F130075D
:1028F000DCBF303A0E92BEE7179B5A1C17925A78EB
:10290000BBF1000F34D05C460690A2F13003092BD6
:1029100012D901230793C0E7179B01305A1C179265
:102920005A78302AF8D0A2F13103082B00F2C08483
:1029300006900020179D0446303A00F1010311D0A3
:10294000069920441944234606910A21834203F143
:1029500001040FD1082B18DC0E990A2303FB012375
:102960000E930023179A1846511C17915278CCE702
:102970005846D6E7082B04DC0E9C4C430E940133DA
:10298000E4E7102CD8BF4F43F9E70F2BDCBF0A2335
:1029900003FB0727E5E700210123CDE9061381E7C3
:1029A0004FF0000CB31C1793B2788AE74FF0010C7C
:1029B000F8E700BF549801100000F07F1497011051
:1029C000179B5A1C17925A78302AF9D0A2F131037A
:1029D000082B3FF67BAF179BA2F1300E19460593EB
:1029E0000B460133179319461A78A2F13003092BCD
:1029F0003CD9059BCB1A082B44F61F633CDC9E4553
:102A0000A8BF9E46CDF814E0BCF1000F02D0059B94
:102A10005B420593002C50D15AEA00007FF4D9AEF6
:102A2000079B002B7FF4ACAE692A29D026DC492A0B
:102A300026D04E2A7FF4A4AEA04917A801F070F961
:102A400000283FF49DAE179B1B78282B2FD11AAA84
:102A50009B4917A801F078F9052828D11B9BDDF8C0
:102A6000688043F0FF4949F4E009B2E60A2303FB1A
:102A70000E22A2F1300EB3E70593C5E76E2AD9E71F
:102A8000904917A801F04CF900283FF479AE179B44
:102A900017A88D49013B179301F042F910B9179B14
:102AA00001331793DFF824924FF0000891E688482D
:102AB000FDF762F8804689468BE6DDE90532BBF119
:102AC000000F08BFA346102CA3EB02030E98A246EA
:102AD000A8BF4FF0100A0A93EFF77CFC092C804640
:102AE000894611DC0A9B002B3FF473AE0A9B71DD13
:102AF000162B58DC7749424601EBC3014B46D1E91E
:102B00000001EFF7E1FCD5E7724B03EBCA0353E991
:102B10001223EFF7D9FC804689463846EFF75AFC76
:102B200002460B4640464946EFF718FB0F2C8046FD
:102B30008946D7DDA4EB0A0A0A9B9A44BAF1000F32
:102B400040F397802AF00F061AF00F0A51D1B6F51C
:102B50009A7F5EDC0023361140464946DFF878A1B3
:102B60001F46012E79D10BB1804689465A49A9F1F9
:102B70005479424601EBC7014B46D1E90001EFF71A
:102B8000A3FC524B0A4680460B4054498B4240D826
:102B9000A1F580118B4286BFDFF844914FF0FF38DA
:102BA00002F1547932E0C4F125030A9A9342C1DB61
:102BB000C4F10F04474D42464B4605EBC401D1E931
:102BC0000001EFF781FC0A9B1C1B05EBC405D5E94E
:102BD000002396E71633ADDB40464946DDE9052381
:102BE0009A1A3C4B03EBC203D3E90023EFF796FD9F
:102BF00060E7384942464B4601EBCA01D1E9000182
:102C0000EFF762FC80468946002EA0D1002307938F
:102C1000A0E0002405940E9406942223049ADFF881
:102C2000AC904FF0000813600E9B002B3FF4D1AD29
:102C30001899049801F076F90699049801F072F950
:102C4000DDE9040101F06EF90E99049801F06AF9CA
:102C50002146049801F066F9BBE5F20704D5DAE9EC
:102C60000023EFF731FC0123013776100AF1080A3F
:102C700077E7CBD0CAF1000A4FEA2A161AF00F0AFA
:102C80000DD11F2E2EDD002405940E9406942223D0
:102C9000049A4FF000084FF000091360C4E70D4B91
:102CA0004046494603EBCA03D3E90023EFF736FD5C
:102CB00080468946002EA9D0E3E700BF1F97011088
:102CC0004098011016970110199701100000F07F2D
:102CD00013970110C8990110A09901100000A07C61
:102CE000FFFFEF7F16F0100340464946774F18BFAD
:102CF0006A2307930023F20704D5D7E90023EFF7EF
:102D0000E3FB0123761007F10807F4D10BB18046ED
:102D10008946079BB3B1C9F30A524946C2F16B0316
:102D2000002B0FDD1F2B59DD342B4FF00008DBBFCC
:102D30004FF0FF33C2F14B024FF05C799340D8BFA4
:102D400003EA01090022002340464946EFF724FE2A
:102D5000002898D10E9B5A46294604980093234692
:102D600001F04AF90E9000283FF453AF0024DDE94A
:102D7000052305949B1A0A9A002AA8BF00231293E0
:102D800022EAE27314930E9B0498596801F08CF8C0
:102D9000069000283FF441AF0E9B0C301A6903F1F6
:102DA0000C010232920000F0DEFC1AAB424604989D
:102DB000019319AB00934B46CDE90C8901F05CFC03
:102DC000189000283FF429AF0121049801F0AAF9D6
:102DD0000346059048B9002305931EE74FF0FF32E4
:102DE00002FA03F303EA0808ACE7199D1A9A002DCA
:102DF000A9BF129B149BEF18149EB8BF5E1B079BC4
:102E0000B8BF129FED1A324B1544C2F13602013D94
:102E10009D424EDA5B1B01211F2BA2EB03023CDC1F
:102E200001FA03FA4FF0000BBD18079B1644AF429E
:102E30001E443B46A8BF2B46B342A8BF3346002BD7
:102E4000C2BFED1AF61AFF1A129B002B16DD1A46A6
:102E5000DDE9040101F026FA05900028BBD0014607
:102E6000189A049801F074F90F9000283FF4D5AE39
:102E70001899049801F056F80F9B1893002D1BDC4D
:102E80000A9B002B26DD149A0699049801F00AFA91
:102E90000690F8B900230693BFE6C5F17F4505F516
:102EA0007F0505F57B45E23501FA05FB4FF0010A88
:102EB000BAE74FF0000BF9E72A461899049801F099
:102EC0004DFA18900028DBD1A7E600BF68980110E2
:102ED00002FCFFFF002E07DD32460699049801F040
:102EE0003DFA06900028D5D0002F08DD3A46DDE9EE
:102EF000040101F033FA059000283FF48EAE069AE3
:102F00001899049801F0B2FA044600283FF485AEFF
:102F1000C36805990F930023C36001F08BFA002862
:102F20003CDA0F9B53EA08035ED1C9F313034D4605
:102F3000002B59D129F000431B0D1B05B3F1D66FAF
:102F400052D9636913B92369012B4DDD2146012252
:102F5000049801F003FA0599044601F06BFA002881
:102F600042DDA74B079A2B40002A5FD0B3F1D66F02
:102F70005CD8B3F15C7F7FF68AAEA24B40464946EF
:102F80000022EFF7A1FA9E4B804689460B40002BAA
:102F90007FF44EAE2223049A136049E64D4662D177
:102FA0000F9AC9F3130342B3974A934228D1079B60
:102FB0004146EBB1924B4FF0FF322B40B3F1D46F4F
:102FC00019D81B0DC3F16B0302FA03F3994217D111
:102FD0008E4B9D4202D101313FF41FAE884B4FF022
:102FE00000082B4003F58019079B002BC5D11FE675
:102FF0004FF0FF33EAE71346E8E753EA0803B0D09F
:10300000BBF1000F1BD01BEA050FEDD00F9B404614
:10301000079A4946B3B1FFF767FB02460B46DDE965
:103020000C01EFF79BF880468946DDE7A3F5801396
:103030004FF0FF386FEA13596FEA0959D4E71AEADB
:10304000080FE2E7FFF750FB02460B46DDE90C01F3
:10305000EFF782F80022002380468946EFF79CFCB8
:103060000028C1D013E60599204601F05DFB00223F
:103070004FF0804306460F46EFF7A2FC00286ED0C3
:103080000F9B002B79D1B8F1000F54D1C9F3130372
:10309000002B56D100225E4B30463946EFF786FCB6
:1030A000002857D100225B4B30463946EFF70CFA27
:1030B00082468B460BF10043CDF820A00993504B7C
:1030C0004F4A2B402A401393534B9A42DDE908673D
:1030D00040F0A880A5F154794046494D494601F099
:1030E00061FADDE90823EFF7EFF942464B46EFF7C7
:1030F00035F84A4A0D408046954245D90D9A434BD2
:103100009A4203D10C9B01333FF487ADDFF8FC906A
:103110004FF0FF381899049800F004FF06990498BE
:1031200000F000FFDDE9040100F0FCFE21460498F8
:1031300000F0F8FE27E6B8F1010F02D1002D3FF4B0
:10314000A6AD0022364B4FF0000ADFF8C4B0CDE93F
:103150000823B4E74FF0000ADFF8B8B0AAE72D4B18
:10316000002230463946EFF7AFF90F9B82468B4677
:10317000002B9FD0CDE908ABA1E70022244B92465B
:103180009B46CDE908239AE701F15479079B002B70
:10319000C0D129F00043139A1B0D1B059A42B9D1E7
:1031A0005046594602F01EFAEFF760F902460B4608
:1031B00050465946EEF7D0FFC9F313030F9A06465F
:1031C00043EA08030F46134365D009A3D3E900235C
:1031D000EFF7ECFB00287FF42BAD3046394606A311
:1031E000D3E90023EFF700FC002893D020E500BFCF
:1031F0009535A094FFFFDF3F35E5AF350000E03F98
:103200000000F07F00005039FFFF0F00FFFFEF7F4D
:103210000000F03F0000E03F0000E07FFFFF9F7CE8
:103220000000F0BF079B13B3139BB3F1D46F1ED8FC
:103230005046594624A3D3E90023EFF7C1FB90B1D0
:1032400059465046EFF718FC012838BF0120EFF728
:10325000C1F80F9B82468B46D3B901F10043109011
:103260001193DDE9106707F1D663139A9F1ADDE920
:103270000C0101F097F902460B4630463946EFF74C
:1032800023F9DDE90C23EEF769FF804689467DE7E7
:10329000CDE910ABE5E70EA3D3E90023EFF786FBFA
:1032A000A2E700230B93179B159A1360FFF795BABB
:1032B000652A3FF470AB452A3FF46DAB01230793B9
:1032C000FFF7AABBAFF300800000C0FFFFFFDF41A4
:1032D0009535A094FFFFCF3F0A4601460248034BB5
:1032E0000068FFF725BA00BF20F50120B4F30120E4
:1032F00010B504460448134620B10A460220214670
:10330000AFF3008010BD00BF000000000EB403B595
:1033100003AB0146054853F8042B0068019301F004
:1033200011FC02B05DF804EB03B0704720F50120FA
:103330000FB407B5064904AB086853F8042B81683D
:10334000019301F0FFFB03B05DF804EB04B070479C
:1033500020F50120024B01461868826802F061B82E
:1033600020F50120036A70B505460E4684680BB946
:1033700001F0C4FF636EDB0705D4A389980502D46E
:10338000A06D00F0E0F9A389190702D52369002B8D
:1033900035D12146284600F0BDF880B34FF0FF3507
:1033A000636EDA0705D4A3899B0502D4A06D00F0F3
:1033B000CBF9284670BD002B04DAA269934217DBD3
:1033C0000A2915D023685A1C22601970A36816F8C0
:1033D000011F013BA3600029EDD1002B11DA224629
:1033E0000A21284600F058F80130D7D00A25D7E73F
:1033F0002246284600F050F80130E7D1CEE7013EE2
:10340000E4E723685A1C22600A221A70EEE70000E3
:10341000024B01461868FFF7A5BF00BF20F5012049
:1034200030B514469BB005461A46002C05DA8B23AE
:1034300003604FF0FF301BB030BD4FF402730091BA
:1034400004916946ADF80C304FF00003199314BF96
:1034500004F1FF332346029305934FF6FF73ADF853
:103460000E301E9B01F04AFA431CBCBF8B232B601D
:10347000002CE0D0009B00221A70DCE707B5009317
:1034800013460A46014603480068FFF7C9FF03B028
:103490005DF804FB20F50120F8B50E4614460546FC
:1034A00018B1036A0BB901F029FFA369A360A389CE
:1034B0001A0701D5236943B92146284600F02AF8A6
:1034C00018B14FF0FF373846F8BD2368F6B22269CD
:1034D0003746981A6369834205DC2146284601F085
:1034E00057FE0028EDD1A368013BA36023685A1C56
:1034F00022601E70431C62699A4204D0A389DB07D4
:10350000E1D50A2EDFD12146284601F041FE0028F0
:10351000D9D0D6E738B5284B05460C46186818B1FF
:10352000036A0BB901F0EAFEB4F90C301A0721D492
:10353000D80607D409222A6043F040034FF0FF3039
:10354000A38130E0590712D5616B41B104F1440306
:10355000994202D0284600F013F900236363002249
:10356000B4F90C30626023F024032269226043F036
:103570000803A38122693AB99A0501D5180603D533
:103580002146284601F014FFB4F90C3013F0010273
:103590000AD00022A26062695242A261226942B945
:1035A00013F08000C8D138BD990758BF6269A26086
:1035B000F4E70020F7E700BF20F50120884210B5AE
:1035C00001EB020402D98442234607D8431EA142DC
:1035D00007D011F8012B03F8012FF8E702448242CB
:1035E00000D110BD13F8011D02F8011DF7E70244D8
:1035F0000346934200D1704703F8011BF9E710B569
:103600006AB10139841810F8012B11F8013F9A4270
:1036100003D1A04201D0002AF5D1D01A10BD104626
:10362000FCE70139034610B532B111F8014F013AF8
:1036300003F8014B002CF7D11A440021934200D12A
:1036400010BD03F8011BF9E71F2938B505460C46E4
:1036500004D9162303604FF0FF3038BDC26B12B19E
:1036600052F821304BB9284600F030F82246014686
:103670002846BDE8384000F017B8012B0AD0591C85
:1036800003D1162303600120E7E70021204642F81A
:10369000241098470020E0E7024B01461868FFF726
:1036A000D3BF00BF20F5012038B50023064D0446E6
:1036B000084611462B60EFF75BFF431C02D12B68D5
:1036C00003B1236038BD00BF60FB0120EFF74EBFA0
:1036D00038B50023054D044608462B6002F05EF91C
:1036E000431C02D12B6803B1236038BD60FB01206D
:1036F000014B1868704700BF20F5012070B50D4BD5
:1037000000260D4D5B1B9C10A64209D10B4DF0F716
:10371000A5F80B4B00265B1B9C10A64205D170BD83
:1037200055F8043B01369847EEE755F8043B01365F
:103730009847F2E7989A0110989A0110989A011008
:10374000A09A0110704770477047C9B203460244FF
:1037500010B59342184601D1002003E004780133EC
:103760008C42F6D110BD0A44431E914200D17047ED
:1037700010B511F8014B914203F8014FF9D110BD7A
:1037800038B50546002941D051F8043C0C1F002BE8
:10379000B8BFE418FEF76EFF1D4A136833B96360C3
:1037A00014602846BDE83840FEF76ABFA34208D936
:1037B000206821188B4201BF19685B6809182160D5
:1037C000EDE71A465B680BB1A342FAD911685018AD
:1037D000A0420BD120680144501811608342E0D10F
:1037E00018685B68084453601060DAE702D90C235C
:1037F0002B60D6E7206821188B4202BF19685B68EE
:103800000918636008BF21605460CAE738BD00BF73
:103810001CFA012003694A11B3EB611F2DE9F04343
:1038200000F1140445DD11F01F0104EB830604EBE5
:1038300082050CD100F110072946B14234D39B1AFE
:10384000EA1E9B00964238BF0023234415E054F83B
:103850002270C1F1200805F1040EA146CF40764543
:10386000F44615D89A1A01359200043AAE4238BF90
:103870000022A318A75007B104331A1BA3424FEA32
:10388000A20208BF0023026108BF4361BDE8F083C4
:10389000DCF800C00CFA08FC4CEA070749F8047B86
:1038A0005EF8047BCF40DAE751F804CB47F804CF49
:1038B000C3E72346E1E7A0F13003092B02D8203803
:1038C000C0B27047A0F16103052B01D84738F7E774
:1038D000A0F14103052B01D82738F1E700207047FC
:1038E0002DE9F04F85B08A46904602930B6801900F
:1038F0009C1CA14614F8010B3028FAD0A9EB030355
:10390000A3F1020BFFF7D7FF0546002866D101227D
:103910009E494846FFF773FE0746002865D199F88F
:1039200001002646FFF7C7FF002860D0234618781D
:10393000994601333028FAD0FFF7BDFFB0FA80F581
:103940004FF0010B6D094A46164601323078FFF7F9
:10395000B2FF0028F8D101228C493046FFF74FFE14
:1039600000283ED144B9741C2246164601323078F4
:10397000FFF7A1FF0028F8D1A41BA700337803F0BC
:10398000DF03502B3DD173782B2B32D02D2B33D02E
:10399000711C00240878FFF78EFF431EDBB2182B42
:1039A0002FD8A0F1100211F8010FFFF784FF00F1EA
:1039B000FF3C0A235FFA8CFCBCF1180F1ED904B13E
:1039C00052421744CAF80010EDB1BBF1000F0CBF12
:1039D00006250025284605B0BDE8F08F00252C46B9
:1039E000B1E7002CC8D12746C8E74E462F4601252F
:1039F000C4E70024B11CCDE70124FBE703FB020070
:103A0000CFE73146DEE7A6EB09032946013B072B4A
:103A10000ADC019800F048FA044640B95C4B0246C3
:103A2000E4215C48FEF736FD01315B10EFE700F161
:103A3000140A002355469B46B14537D345F804BBCD
:103A4000A5EB0A055846AD1025616D0100F01EFB7F
:103A5000D8F800602D1AB54254DDAD1B204629462A
:103A600000F0B5FE814678B16B1E4FF00109591187
:103A700003F01F025AF8211009FA02F20A4203D099
:103A80004B4536DC4FF002092F4429462046FFF70C
:103A9000C1FED8F80830BB4242DA2146019800F056
:103AA00041FA00230E9AA325136093E716F8012D1F
:103AB0002E2A12D0202B04D145F804BB4FF0000B66
:103AC0005B4630780393FFF7F6FE039B00F00F0090
:103AD000984004334BEA000BAEE7B145EAD8012227
:103AE0002A4930460393FFF78AFD039B0028E1D162
:103AF000A2E7A91E204600F06AFE0028C2D04FF0BF
:103B00000309C1E709DA751B214601982A467F1B84
:103B100000F024FC044600F1140A4FF00009B8E755
:103B2000D8F80450BD426FDDED1BAE4234DCD8F84E
:103B30000C30022B22D0032B24D0012B15D1AE4206
:103B400013D1012E0BD1D8F804306225029A1360EC
:103B500001232361CAF800300E9B1C603AE7711EF6
:103B6000204600F034FE0028EDD12146019800F0F7
:103B7000D9F900230E9A502513602BE70F9B002BD9
:103B8000F3D1E0E70F9B002BDDD1EEE71497011096
:103B90002A9701103B9701106F1EB9F1000F30D129
:103BA00027B13946204600F012FE81467A110123E2
:103BB00007F01F0729465AF822202046BB40761BF3
:103BC0000225134218BF49F00209FFF723FED8F877
:103BD0000470B9F1000F47D0D8F80C30022B15D083
:103BE000032B17D0012B09D119F0020F06D0DAF8F8
:103BF000003049EA030919F0010F0ED145F0100514
:103C000032E04FF00109D1E70125E2E70F9BC3F154
:103C100001030F930F9B002BF0D0D4F810B004F1E8
:103C200014034FF0000C4FEA8B0A03EB8B0118468C
:103C300053F8042BB2F1FF3F1BD001320260022D7A
:103C400004F114033CD1D8F80020013AB24209D162
:103C50007111012206F01F0653F8213002FA06F610
:103C60001E423AD145F020050E9B1C60029B1F604E
:103C7000B0E6994243F804CCD9D8A3689B4517DB3A
:103C800061680198013100F00FF9814618B91A4BAB
:103C900002468421C5E6226904F10C010C3002328F
:103CA0009200FFF760FD21464C46019800F03AF97A
:103CB00023695A1C04EB8303226101225A61BEE787
:103CC00022695A450BDD01212046FFF7A3FD01378C
:103CD000D8F80830BB42FFF6E0AE0125C2E716F087
:103CE0001F06FAD05344C6F1200653F8040C00F026
:103CF000CDF9B042E7DBF0E72A970110C2F10802E4
:103D0000920070B5C2F120064368046803FA06F514
:103D1000D3402C43046040F8043F8842F4D370BD84
:103D20000368013330B511F8014B14B90360012069
:103D300030BD13F8012BA2F14105192D98BF203297
:103D4000A242F0D00020F3E70B6801682DE9F04FA4
:103D50005E1113F01F034FF0000587B002EB8606DB
:103D600082469046AB4618BF043601930295371F32
:103D700046F8045CB9463C464B1C4A78039342B370
:103D8000104605910492FFF796FD002853D1049A3E
:103D90000599202A18D8029B9B4513DD4C4506D275
:103DA000072D04DC2A4649462046FFF7A7FF444575
:103DB00053D90023A4F10409CDF808B044F8043C19
:103DC0001D464C460399D7E7292A58D10231CAF833
:103DD0000010BBF1000F52D04C4506D2072D04DC79
:103DE0002A4649462046FFF789FF444537D9A8F1BE
:103DF0000402234653F8041B9F4242F8041FF9D2E1
:103E00003B1B033E013408F1040223F003030021AD
:103E1000B44288BF002313441A4604339F42116002
:103E2000FAD23B681BB9474527D101233B600520E7
:103E300007B0BDE8F08F01350BF1010B082D05DD52
:103E40004445BFD90023043C01252360226800F0CB
:103E50000F0040EA02102060B4E70825B2E7019B9A
:103E6000002BDED0C3F120034FF0FF32DA4056F8CA
:103E7000043C134046F8043CD3E7043FD1E7042058
:103E8000D6E782B001B901A942B14BB113780B60FA
:103E90001278101E18BF012002B070471046FBE7D1
:103EA0006FF00100F8E7000070B5C46905460E46E2
:103EB00084B91020FEF72CFB0446E86128B90246BD
:103EC000164B6B211648FEF7E5FA0023C0E90133D3
:103ED0000360C360E36853B9212204212846FEF73A
:103EE00003FBEB69E060DB680BB9002070BD53F8A1
:103EF000260030B1026843F826200023C0E90333CE
:103F0000F4E70121284601FA06F4621D9200FEF74B
:103F1000EBFA0028E9D0C0E90164EEE79C970110B4
:103F2000B397011070B5C66905460C4676B91020E6
:103F3000FEF7EEFA0246E86120B9094B8F210948E5
:103F4000FEF7A8FAC0E901660660C6603CB1EB69FD
:103F50006268DB6853F82210216043F8224070BD8C
:103F60009C970110B39701102DE9F04101F1140C59
:103F700007460C461E460D690020DCF80030013073
:103F800099B2854202FB01614FEA13464FEA1143A1
:103F900089B202FB063301EB03414FEA13464CF8AA
:103FA000041BEADC0EB3A368AB4219DC6168384637
:103FB0000131FFF779FF804628B902460C4BBA2140
:103FC0000C48FEF767FA226904F10C010C3002324A
:103FD0009200FFF7C8FB214644463846FFF7A2FF90
:103FE00004EB850301355E6125612046BDE8F08163
:103FF0002A970110B39701102DE9F84315461F4683
:10400000092208330C460646002193FBF2F30122F5
:104010009A4209DB3046FFF747FF40B90246194B89
:10402000D3211948FEF736FA52000131F0E7089B18
:10403000092D43614FF00103036116DD04F1090806
:104040002C44C14619F8013B01460A223046303B58
:10405000FFF78AFFA145F5D1A844A8F108042D1B5C
:1040600063199F4204DCBDE8F8830A340925F6E7AA
:1040700014F8013B01460A223046303BFFF774FF3B
:10408000EEE700BF2A970110B3970110B0F5803F0B
:10409000034636BF030400201020B3F1807F3CBFED
:1040A0001B020830B3F1805F3CBF1B010430B3F149
:1040B000804F3CBF9B000230002B05DB13F0804F8C
:1040C00000F1010008BF202070470368024613F08A
:1040D00007000BD0D90721D4980747BF5B08012000
:1040E0009B0802204CBF13601360704799B209B956
:1040F0001B0C1020D9B209B908301B0A190704BFDC
:104100001B090430990704BF9B080230D90703D468
:104110005B0800F1010003D0136070470020704776
:104120002020704710B50C460121FFF7BDFE024666
:1041300028B9054B40F245110448FEF7ABF90123BD
:104140004461036110BD00BF2A970110B3970110AD
:104150002DE9F04FD1F8109085B0D2F810A0884624
:104160001446D14504DB53460C46CA469046994650
:104170000AEB0906A3686168B342B8BF0131FFF7D3
:1041800093FE30B90246454B4FF4B1714448FEF7F7
:1041900081F900F11405002205EB86072B46BB428E
:1041A0001FD304F1140C08F114010CEB8A0301EB8A
:1041B000890202921A1B1534153A22F003029C421E
:1041C00088BF00220192029A03918A420CD8002EE5
:1041D00003DD57F8043D002B5DD0066105B0BDE856
:1041E000F08F43F8042BDAE7B1F800A0BAF1000F22
:1041F00024D0E046A9464FF0000E58F8042BD9F819
:1042000000401FFA82FB4345A4B24FEA12420AFB68
:104210000B447444D9F800E04FEA1E4E0AFB02E258
:1042200002EB1442A4B24FEA124E44EA024449F8A7
:10423000044BE2D8019AAA18C2F804E0039A0431A8
:10424000B2F80280B8F1000F23D02A68E646AA46E9
:104250004FF0000B9146BEF8004092B208FB04B448
:1042600004EB194442EA04424AF8042B5EF8042B9A
:10427000DAF800904FEA124B73451FFA89F208FBF7
:104280000B2202EB14424FEA124BE4D8019C2C198A
:104290006260043597E7013E99E700BF2A97011055
:1042A000B39701102DE9F843174612F00302804638
:1042B0000D4607D0013A264C002354F82220FFF780
:1042C00053FE0546BF103FD0D8F81C4094B91020CB
:1042D000FEF71EF90446C8F81C0030B902461D4B13
:1042E00040F2B3111C48FEF7D5F80023C0E90133B2
:1042F0000360C360A66846B940F271214046FFF7EB
:1043000011FF00230646A06003602C464FF0000911
:1043100007F001037F1053B1294632464046FFF7AC
:1043200017FF214605464046FFF7FCFD67B13068A0
:1043300038B9324631464046FFF70AFF3060C0F8D0
:10434000009006462C46E3E72846BDE8F88300BF08
:10435000949901109C970110B39701102DE9F84F23
:104360000C46074615464FEA621A2369496803EB73
:104370006218A36808F101094B450BDB3846FFF7CB
:1043800093FD064648B90246284B4FF4EF71284882
:10439000FEF780F801315B00EEE7002300F1140C1A
:1043A00000F110021946534534DB2AEAEA7A04F197
:1043B0001403226915F01F0E0CEB8A0C03EB82022A
:1043C00061462BD0CEF1200A002518688B460431B7
:1043D00000FA0EF02843CBF8000053F8045B9A4231
:1043E00025FA0AF5F1D8131B04F11501153B23F04A
:1043F00003038A4238BF00239C44CCF8045005B91B
:10440000C14638462146C6F81090FFF78BFD30466E
:10441000BDE8F88F013342F8041FC4E753F8045B8A
:1044200004319A4241F8045CF8D8E9E72A97011070
:10443000B397011003460A690069801A30B50ED19E
:104440001433143103EB820401EB820154F8045D50
:1044500051F8042D954203D005D24FF0FF3030BD06
:10446000A342F3D3FBE70120F9E700002DE9F74F62
:104470008A460646114614465046FFF7DBFF051EE6
:1044800012D129463046FFF70FFD024628B9434BAB
:1044900040F237214248FDF7FDFF0123C0E9043512
:1044A000104603B0BDE8F08FBCBF5346A24630466D
:1044B000B8BF0125DAF80410B4BF1C460025FFF789
:1044C000F3FC024618B9354B40F24521E2E7DAF831
:1044D00010700AF1140904F1140E2669C56000F188
:1044E00014050AF1100309EB87080EEB8606AB46AC
:1044F0004FF0000C0193019B5EF8040B53F804AFDE
:1045000081B2764501931FFA8AF34FEA1040A3EB7C
:104510000103C0EB1A40634400EB23409BB24FEA17
:10452000204C43EA00434BF8043BE4D8331B1534DA
:10453000153B23F00303A64238BF0023E8184B4481
:10454000A5EB09051C1D04302646464506EB050E65
:104550000ED308F103010133091B21F00301984533
:1045600038BF0021014451F8043DA3B1176197E71A
:1045700056F8041BE2461FFA81FC4FEA11495144E8
:10458000D44489B209EB2C4941EA09414FEA294C4C
:10459000CEF80010D9E7013FE5E700BF2A970110E8
:1045A000B39701100E4B0B40A3F15073002B08DCA6
:1045B0005B42B3F1A07F4FEA235204DA4FF40023A9
:1045C0001341002208E0A2F114031E2BD6BF4FF0C6
:1045D00000420122DA40002319461046704700BF0E
:1045E0000000F07FF8B5026900F11407214D07EBD8
:1045F000820252F8044C161F2046FFF747FD03467F
:10460000C0F120000A2B086013DCB742C3F10B0C89
:1046100003F1150334BF52F8082C002224FA0CFED3
:1046200004FA03F322FA0CF24EEA05011A4310468B
:10463000F8BDB74236BFA2F10806002252F8082C96
:104640000B3B14D0C3F120059C40BE4222FA05F179
:1046500002FA03F244EA010444F07F518CBF56F899
:10466000044C002441F44011EC402243DFE744EACB
:104670000501DCE70000F03F2DE97343012190467E
:104680009946089EFFF710FC044630B90246244BB9
:1046900040F20F312348FDF7FDFEC9F30A55C9F377
:1046A00013030DB143F480130193B8F1000324D038
:1046B00068460093FFF709FD0099E0B1019AC0F147
:1046C000200302FA03F3C2400B4301926361019B92
:1046D000002BA3610CBF012202222261ADB1A5F221
:1046E00033450544C0F135003560099B186020460C
:1046F00002B0BDE870836161E9E701A8FFF7E5FC5E
:10470000019B203001226361E7E7A0F2324004EB15
:10471000820330601869FFF7B9FCC0EB4210E4E790
:104720002A970110B39701102DE9F04F85B0CDE91C
:10473000001002A9FFF756FF8B4606460F46009869
:1047400003A9FFF74FFF019B89460D4619690446EF
:10475000009B30461B69C91ADDE902329B1A03EB44
:104760004113002BDBBFC3EB03332A463A4602EB6F
:104770000359C8BF02EB035B22464B465946EDF78F
:10478000CDFF05B0BDE8F08F013902F114034911E6
:1047900070B501311469051F00EB810103EB84043E
:1047A000A3420CD3A31A1132113B23F0030394420A
:1047B00038BF002318440023884205D370BD53F846
:1047C000046B45F8046FEBE740F8043BF4E700F1B5
:1047D00014024B110069984210B511DB0ADD11F08B
:1047E0001F0107D052F8234024FA01F000FA01F12A
:1047F0008C420BD102EB8303934203D8002010BDFF
:104800000346F7E753F8041D0029F5D00120F6E729
:1048100051F8043C181F002BBCBF0B58C018704740
:104820000346084641B1FF2A04D98A224FF0FF30DF
:104830001A60704701200A7070472DE9F0471F4643
:104840008E6882460C46BE429046334653D8B1F934
:104850000C0010F4906F2BD065692368096905EB93
:104860004505A3EB010905EBD5757B1C6D104B4489
:104870002A46AB4284BF1D462A46430527D511462A
:104880005046FDF777FE064658B34A462169FEF7C3
:104890006AFFA38923F4906343F08003A381266118
:1048A0004E4465613B46A5EB090526603E46A56082
:1048B0001F463A4641462068FEF780FEA368002066
:1048C0009B1BA36023683B442360BDE8F0875046F0
:1048D000FDF7DCFE06460028E1D121695046FEF7CF
:1048E0004FFF0C234FF0FF30CAF80030A38943F08C
:1048F0004003A381E9E73E46DBE700002DE9F04FE6
:1049000098468B899DB007461B060D46144610D568
:104910000B6973B94021FDF72DFE2860286130B97D
:104920000C233B604FF0FF301DB0BDE8F08F4023FB
:104930006B610023CDF80C804FF00109DFF8A081F6
:10494000099320238DF8293030238DF82A3023460F
:104950009A4613F8012B0AB1252AF9D1BAEB040BB8
:104960000BD05B46224629463846FFF766FF0130EA
:1049700000F0A780099A5A4409929AF80030002B57
:1049800000F09F8000234FF0FF320AF1010A0493E8
:1049900007938DF853301A93CDE905235446052229
:1049A0004F4814F8011BFEF7D0FE049AD8B9D00680
:1049B00044BF20238DF85330110744BF2B238DF8BB
:1049C00053309AF800302A2B15D0079A544600200D
:1049D0004FF00A0C214611F8013B303B092B4BD913
:1049E000B0B1079214E0A0EB0803A24609FA03F362
:1049F00013430493D2E7039B191D1B68002B0391FB
:104A0000BBBF5B4242F0020207930793B8BF049218
:104A100023782E2B0AD163782A2B32D1039B0234C0
:104A20001A1D1B6843EAE37303920593DFF8B4A0F1
:104A3000032221785046FEF788FE38B1A0EB0A0029
:104A40004022049B013482401343049314F8011B59
:104A5000062225488DF82810FEF777FE002836D06C
:104A6000224B1BBB039B073323F00703083303933D
:104A7000099B334409936AE70CFB02320C46012080
:104A8000A8E7002301344FF00A0C1946059320468D
:104A900010F8012B303A092A03D9002BC6D0059112
:104AA000C4E70CFB012104460123F0E703AB2A46CF
:104AB00004A9384600930E4BAFF30080421C064613
:104AC000D6D1AB895B063FF52DAF09982CE703AB38
:104AD0002A4604A938460093054B00F0BDF9EDE7DE
:104AE0000D98011013980110179801100000000094
:104AF0003B4801109368013B002B10B4936007DA28
:104B00009469A34201DB0A2902D110BCFEF7C4BCA0
:104B10001368581C10600846197010BC7047F8B52F
:104B200006460F461446D518AC4201D1002007E0D6
:104B30003A4614F8011B3046FFF7DCFF431CF3D163
:104B4000F8BD00002DE9F04F0D469DB01446984683
:104B5000064618B1036A0BB900F0D0FB6B6ED9079B
:104B600005D4AB899A0502D4A86DFEF7ECFDAB899C
:104B70001B0701D52B699BB929463046FEF7CAFCB5
:104B800070B16B6EDC0704D54FF0FF301DB0BDE88F
:104B9000F08FAB899805F7D4A86DFEF7D5FDF3E744
:104BA0000023CDF80C804FF00109DFF8B4810993A0
:104BB00020238DF8293030238DF82A3023469A4659
:104BC00013F8012B0AB1252AF9D1BAEB040B0BD04B
:104BD0005B46224629463046FFF7A1FF013000F030
:104BE000A780099A5A4409929AF80030002B00F0E5
:104BF0009F8000234FF0FF320AF1010A04930793CC
:104C00008DF853301A93CDE90523544605225448B4
:104C100014F8011BFEF799FD049AD8B9D10644BFD8
:104C200020238DF85330130744BF2B238DF85330C6
:104C30009AF800302A2B15D0079A544600204FF0DE
:104C40000A0C214611F8013B303B092B4BD9B0B17E
:104C5000079214E0A0EB0803A24609FA03F31343FA
:104C60000493D2E7039B191D1B68002B0391BBBF64
:104C70005B4242F0020207930793B8BF0492237885
:104C80002E2B0AD163782A2B32D1039B02341A1DB2
:104C90001B6843EAE37303920593DFF8C8A003227D
:104CA00021785046FEF751FD38B1A0EB0A004022B2
:104CB000049B013482401343049314F8011B062221
:104CC00029488DF82810FEF740FD00283FD0274BDB
:104CD0001BBB039B073323F0070308330393099B94
:104CE0003B4409936AE70CFB02320C460120A8E71B
:104CF000002301344FF00A0C19460593204610F8A2
:104D0000012B303A092A03D9002BC6D00591C4E7FC
:104D10000CFB012104460123F0E703AB2A4604A95A
:104D200030460093124BAFF300800746781CD6D173
:104D30006B6ED90705D4AB899A0502D4A86DFEF72E
:104D400003FDAB895B063FF51FAF09981EE703AB78
:104D50002A4604A930460093054B00F07DF8E4E7AD
:104D60000D98011013980110179801100000000011
:104D70001F4B01102DE9F047164698468A680746F2
:104D80000B690C46DDF820909342B8BF13463360A0
:104D900091F843200AB1013333602368990642BF7A
:104DA000336802333360256815F0060506D104F137
:104DB000190AE36832689B1AAB422BDC94F8433043
:104DC0002268003B18BF0123920630D404F143024D
:104DD00041463846C847013023D023681A3454F876
:104DE0000A2C03F00603042B0ABF54F80E5C0025BE
:104DF00033684FF0000608BFED1A54F8123C08BFA4
:104E000025EAE5759342C4BF9B1AED18B5421AD145
:104E1000002008E00123524641463846C847013089
:104E200003D14FF0FF30BDE8F0870135C1E7E1184D
:104E30005A1C30200233224481F8430094F8451074
:104E400082F84310C2E70123224641463846C8474C
:104E50000130E6D00136D9E72DE9FF470F7E9146B4
:104E600080460C46782F9A460C9E01F1430207D8E3
:104E7000622F0AD8002F00F0D280582F00F0B780A0
:104E800004F1420684F842703AE0A7F16303152B5F
:104E9000F6D801A151F823F0F14E0110054F011091
:104EA000814E0110814E0110814E0110814E011082
:104EB000054F0110814E0110814E0110814E0110ED
:104EC000814E0110055001102F4F0110BB4F0110F2
:104ED000814E0110814E011027500110814E0110AA
:104EE0002F4F0110814E0110814E0110C34F011050
:104EF00033681A1D1B68326004F1420684F84230A0
:104F000001239DE033682068191D3160060601D534
:104F10001D6803E04506FBD5B3F90050002D03DA08
:104F20002D236D4284F8433059480A2310E021684C
:104F30003368080653F8045B02D4490648BFADB293
:104F40006F2F5348336059D10823002184F8431050
:104F50006668002EA66005DB21682E4321F004015F
:104F600021604DD01646B5FBF3F103FB1157C75D29
:104F700006F8017D2F460D46BB42F4D9082B0BD114
:104F80002368DF0708D5236961689942DEBF3023B3
:104F900006F8013C06F1FF36921B22614B4603AA3C
:104FA00021464046CDF800A0FFF7E4FE01304CD189
:104FB0004FF0FF3004B0BDE8F087236843F02003D2
:104FC000236078273348236884F845701F063168CA
:104FD00051F8045B02D45F0648BFADB23160D90717
:104FE00044BF43F0200323601DB11023ADE72848E0
:104FF000E9E7236823F020032360F6E70A23A4E708
:105000001646BBE733682568181D616930602E06B7
:105010001B6801D5196002E06806FBD519800023E2
:1050200016462361BAE7336800211A1D32601E68F4
:1050300062683046FEF789FB08B1801B60606368D8
:105040002361002384F84330A8E7236932464946A8
:105050004046D0470130ABD023689B0713D4E068AB
:10506000039B9842B8BF1846A4E70123324649463D
:105070004046D04701309BD00135E36803995B1A65
:10508000AB42F2DCEBE7002504F11906F5E700BFBF
:105090001E9801102F980110B1F90C20F8B51607D1
:1050A00005460C4651D44B68002B02DC0B6C002BE0
:1050B00049DDE66A002E46D0002312F480522F68A4
:1050C0002B6031D0626DA389590705D56368D21A68
:1050D000636B0BB1236CD21A0023E66A216A28465F
:1050E000B047421CB4F90C3006D129681D2944D8B8
:1050F000264ACA40D60740D50022D90462602269F8
:10510000226004D5421C01D12B6803B96065616B34
:105110002F60C1B104F14403994202D02846FEF742
:105120002FFB002363630EE00123216A2846B0476A
:105130000246501CC7D12B68002BC4D01D2B01D0B8
:10514000162B18D12F6000201CE00F69002FFAD019
:1051500093070E680F600CBF4B690023F61B8B6032
:10516000002EF0DD33463A46216A2846D4F828C09E
:10517000E047002807DCB4F90C3043F040034FF05F
:10518000FF30A381F8BD0744361AE9E7010040204B
:1051900038B50B6905460C4613B90025284638BDBD
:1051A00018B1036A0BB900F0A9F8B4F90C30002B60
:1051B000F3D0626ED00704D4990502D4A06DFEF737
:1051C000C2FA28462146FFF767FF636E0546DA07F5
:1051D000E4D4A3899B05E1D4A06DFEF7B5FADDE721
:1051E000002310B504468360818119464366C2815D
:1051F00008228361C0E90033C0E904335C30FEF764
:10520000F6F90D4B246263620C4BA3620C4BE36214
:105210000C4B23630C4B9C4206D003F16802944272
:1052200002D0D0339C4205D104F15800BDE81040B3
:10523000FEF788BA10BD00BF8B540110AD540110A9
:10524000E55401100B55011024FA0120024A0349CC
:10525000034800F06BB800BF70F5012091510110B8
:1052600024F5012041680C4B994210B5044601D049
:10527000FFF78EFFA168094B994202D02046FFF745
:1052800087FFE168064B994204D02046BDE81040F4
:10529000FFF77EBF10BD00BF24FA01208CFA012069
:1052A000F4FA01200C4B04210C4A0D4810B51A6089
:1052B0000022FFF795FF0A4B012209211C4603F14A
:1052C0006800FFF78DFF022204F1D0001221BDE833
:1052D0001040FFF785BF00BF5CFB01204D5201105D
:1052E00024FA01200148FEF72EBA00BF21FA01205E
:1052F0000148FEF729BA00BF21FA012010B5044683
:10530000FFF7F0FF236A1BB1BDE81040FFF7F0BFC5
:10531000044B2362044B1B68002BF5D1FFF7C2FF3F
:10532000F2E700BF655201105CFB01202DE9F84354
:105330000746884614460026D4E90195B9F10109CB
:1053400005D52468002CF7D13046BDE8F883AB8939
:10535000012B07D9B5F90E30013303D02946384661
:10536000C04706436835E9E770B50C46B1F90E1041
:1053700096B0154600291E460ADAA18911F080016F
:1053800013D14FF48062002031602A6016B070BDE6
:105390006A4600F0CFF80028EFDB019901F4704174
:1053A000A1F5005359425941EBE700214022EAE7B9
:1053B0008B8973B59E0705460C4607D504F1470354
:1053C000236023610123636102B070BD01AB6A46B3
:1053D000FFF7CAFF009E28463146FDF7CBF8B4F927
:1053E0000C3038B99A05EFD423F0030343F00203DD
:1053F000A381E3E743F080032060A381019BC4E91C
:105400000406002BE0D0B4F90E10284600F0A4F8F2
:105410000028D9D0A38923F0030343F00103A3811B
:10542000D2E770B50D461446064618B1036A0BB9AB
:10543000FFF764FF636ED80705D4A389990502D4EA
:10544000A06DFEF780F9A368013B002BA36005DA8D
:10545000A269934212DBEBB20A2B0FD023685A1CCD
:1054600022601D70EDB2636EDA0705D4A3899B0537
:1054700002D4A06DFEF768F9284670BD2946224681
:105480003046FEF709F80546EDE710B50C46B1F9D0
:105490000E1000F083F80028ABBF636DA3891B18C2
:1054A00023F48053ACBF6365A38110BD2DE9F041A7
:1054B0001F468B8905460C46DB05164605D502239B
:1054C0000022B1F90E1000F057F8A3893246B4F962
:1054D0000E10284623F48053A3813B46BDE8F041DB
:1054E00000F06EB810B50C46B1F90E1000F044F89B
:1054F000421CB4F90C3015BF606523F4805343F4AB
:105500008053A38118BFA38110BDB1F90E1000F024
:1055100001B8000038B50023054D044608462B604D
:10552000EEF716F8431C02D12B6803B1236038BD97
:1055300060FB012038B50023064D0446084611469D
:105540002B60EEF70BF8431C02D12B6803B12360EC
:1055500038BD00BF60FB012038B50023054D04466F
:1055600008462B60EDF7F2FF431C02D12B6803B114
:10557000236038BD60FB012038B50446064D08465F
:10558000114600222A601A46EDF7E6FF431C02D1BD
:105590002B6803B1236038BD60FB012038B5044699
:1055A000064D0846114600222A601A46EDF7DCFF38
:1055B000431C02D12B6803B1236038BD60FB01207E
:1055C00038B50446064D0846114600222A601A46A0
:1055D000EDF778FF431C02D12B6803B1236038BD7F
:1055E00060FB012038B50022002304460D46EDF78C
:1055F000DDF928B920462946BDE8384000F00AB850
:10560000204605F1004100F005F8404261EB410100
:1056100038BD00BFD0B500220B4B06460F46ECF755
:1056200053FFEDF729FA0446ECF7D4FE0022074BAE
:10563000ECF74AFF02460B4630463946ECF78CFD44
:10564000EDF71AFA2146D0BD0000F03D0000F04110
:105650002DE9F04F8C46099E04460F46002B48D199
:105660008A4215465ED9B2FA82F33BB1C3F12002F9
:105670009F409D409C4020FA02F217434FEA154E8E
:105680001FFA85FC220CB7FBFEF10EFB117701FB24
:105690000CF042EA0742904207D9AA1801F1FF37FD
:1056A00002D2904200F258813946121AA4B2B2FBDB
:1056B000FEF00EFB102200FB0CFC44EA0244A44561
:1056C0000BD92C1900F1FF322CBF01270027A4456C
:1056D00002D9002F00F04381104640EA0140A4EBBC
:1056E0000C0400211EB1DC400023C6E90043BDE8E4
:1056F000F08F8B4206D90EB1C6E9000100210846A1
:10570000BDE8F08FB3FA83F1002951D16345C0F0B1
:105710001681824240F213810846002EE7D0C6E986
:105720000047E4E7002A00F0AF80B2FA82F3002BD2
:1057300040F0C2808A1A4FEA154EAFB20121200C08
:10574000B2FBFEFC0EFB1C2240EA024207FB0CF0FF
:1057500090420ED9AA180CF1FF382CBF4FF0010966
:105760004FF00009904203D9B9F1000F00F0F0802A
:10577000C446121AA4B2B2FBFEF00EFB102200FBCC
:1057800007F744EA0244A7420ED92C1900F1FF3270
:105790002CBF4FF0010E4FF0000EA74203D9BEF10F
:1057A000000F00F0D2801046E41B40EA0C4099E75D
:1057B000C1F120058B400CFA01F400FA01F922FA3C
:1057C00005F72CFA05FC8A401F4320FA05F3380C34
:1057D00023431FFA87FE1C0CBCFBF0F800FB18CC1F
:1057E00044EA0C4408FB0EFCA4450ED93C1908F110
:1057F000FF3A2CBF4FF0010B4FF0000BA44503D92B
:10580000BBF1000F00F0B880D046A4EB0C041FFAE7
:1058100083FCB4FBF0F300FB134403FB0EFE4CEAE5
:105820000444A6450ED93C1903F1FF302CBF4FF0BC
:10583000010C4FF0000CA64503D9BCF1000F00F09D
:105840009F80034643EA0840A4EB0E04A0FB02EC51
:1058500064457346E04602D307D1F14505D2BEEB5D
:1058600002036CEB070C0138E0465EB1B9EB0302B2
:1058700064EB080404FA05F522FA01F3CC401D4359
:10588000C6E90054002132E742082F464B08AC46D7
:1058900042EAC172AE46C407110C92B241EA03411A
:1058A00042EA0142B1FBF5F1B3FBF5F01F23A2EB95
:1058B0000C0241EA004142E79D40C3F120029940B9
:1058C0009C402CFA02FC4FEA154E20FA02F2AFB2CD
:1058D000BCFBFEF80A430EFB18CC110C41EA0C414C
:1058E00008FB07FC8C4550D9691808F1FF302CBF24
:1058F0004FF001094FF000098C4502D9B9F1000FB2
:1059000030D0A1EB0C01B1FBFEF808FB07FC0EFB4D
:10591000181192B242EA0142624534D2AA1808F143
:10592000FF312CBF4FF001094FF000096245BED294
:10593000B9F1000FBBD1A8F102012A44B7E7841ADC
:105940006CEB030201201746E7E62C4402382BE7F4
:10595000ACF1020C2A440CE702392A44A5E62C4497
:105960000238BAE6A5EB0C0CA8F102006144B1FBC9
:10597000FEF808FB07FCCAE7A8F102083C4444E72C
:10598000023B3C445EE7414691E7A1EB0C014046F7
:10599000B1FBFEF808FB07FCB9E700BF054A034668
:1059A000106810B103441360704703480344136048
:1059B000704700BF64FB012068FB0120FEE700BFC9
:1059C0005FF800F07DDF00005FF800F0019B000051
:1059D0005FF800F059AE00005FF800F0B9C30000B6
:1059E0005FF800F0F19600005FF800F05DA30000A2
:1059F0005FF800F0D17A00005FF800F0215C000051
:105A00005FF800F09D9800005FF800F059800000FA
:105A10005FF800F011C300005FF800F0B1AB0000C8
:105A20005FF800F091A100005FF800F09D9C00007D
:105A30005FF800F07D7900005FF800F0FDAD000038
:105A40005FF800F0C58200005FF800F0F9970000F1
:105A50005FF800F0719600005FF800F01D82000012
:105A60005FF800F0655900005FF800F02198000031
:105A70005FF800F069AE00005FF800F0295D0000FB
:105A80005FF800F065DE00005FF800F0AD80000018
:105A90005FF800F0714700005FF800F02DA30000F0
:105AA0005FF800F07DAD00005FF800F00D870000AA
:105AB0005FF800F0A9AD00005FF800F0158100006C
:105AC0005FF800F0814700005FF800F011A20000CD
:105AD0005FF800F031F800005FF800F0819A0000F4
:105AE0005FF800F0198500005FF800F079C1000050
:105AF0005FF800F07D9C00005FF800F0857A000000
:085B00005FF800F035810000A0
:105B08004E4D495F48616E646C65723A20253038A5
:105B1800582C20253038582C20253038580A0000B9
:105B28005B486172644661756C745F48616E646C51
:105B380065725D43757272656E74206D73703A207C
:105B48003078253038580A004F63637572656420D1
:105B5800696E207461736B2E000000004F636375DB
:105B680072656420696E20696E74657272757074EE
:105B78002E0000005573696E6720753332507370BC
:105B88002E0000005573696E67207533324D7370AF
:105B98002E000000537461636B206672616D653A74
:105BA80000000000523020203A2030782530385844
:105BB8000A000000523120203A2030782530385829
:105BC8000A000000523220203A2030782530385818
:105BD8000A000000523320203A2030782530385807
:105BE8000A000000523132203A20307825303858E7
:105BF8000A0000004C5220203A20307825303858CE
:105C08000A000000504320203A20307825303858C8
:105C18000A000000785053523A203078253038581E
:105C28000A000000566563746F72204661756C74D3
:105C38000D0000004465627567204576656E742026
:105C48004661756C740D0000436F6E666967757206
:105C580061626C65204661756C740D004D656D4D13
:105C6800616E616765204661756C740D0000000007
:105C78005B4941434356494F4C5D546865207072F7
:105C88006F636573736F7220617474656D7074658A
:105C98006420616E20696E737472756374696F6EC7
:105CA8002066657463682066726F6D2061206C6F72
:105CB800636174696F6E207468617420646F6573C2
:105CC800206E6F74207065726D69742065786563E5
:105CD8007574696F6E2C205043203A203078253037
:105CE80038780D0A000000005B4441434356494F91
:105CF8004C5D205468652070726F636573736F72B2
:105D080020617474656D707465642061206C6F61C6
:105D180064206F722073746F726520617420612033
:105D28006C6F636174696F6E207468617420646F4E
:105D38006573206E6F74207065726D697420746865
:105D480065206F7065726174696F6E2C20504320F6
:105D58003A203078253038780D0A00004154203A2E
:105D68003078253038780D0A000000005B4D554E1C
:105D780053544B4552525D556E737461636B206684
:105D88006F7220616E20657863657074696F6E202C
:105D980072657475726E20686173206361757365CE
:105DA80064206F6E65206F72206D6F72652061636D
:105DB800636573732076696F6C6174696F6E730DB8
:105DC800000000005B4D53544B4552525D537461C3
:105DD800636B696E6720666F7220616E20657863F9
:105DE800657074696F6E20656E747279206861736E
:105DF80020636175736564206F6E65206F72206D16
:105E08006F7265206163636573732076696F6C6177
:105E180074696F6E730D00005B4D4C5350455252C0
:105E28005D41204D656D4D616E61676520666175E8
:105E38006C74206F6363757272656420647572692F
:105E48006E6720666C6F6174696E672D706F696E1E
:105E580074206C617A79207374617465207072653E
:105E6800736572766174696F6E0D000042757320F8
:105E78004661756C740D00005B494255534552529A
:105E88005D696E737472756374696F6E2062757381
:105E9800206572726F7220686173206F6363757218
:105EA8007265640D000000005B505245434953453C
:105EB80052525D206461746120627573206572724C
:105EC8006F7220686173206F636375727265642CEA
:105ED800205043203A203078253038780D0A0000C9
:105EE8005B494D5052454349534552525D496D7087
:105EF80072656369736520646174612061636365B9
:105F08007373206572726F7220686173206F6363A8
:105F180075727265640D00005B554E53544B4552C3
:105F2800525D556E737461636B20666F7220616E8B
:105F380020657863657074696F6E20726574757218
:105F48006E2068617320636175736564206F6E6588
:105F5800206F72206D6F7265204275734661756C93
:105F680074730D005B53544B4552525D5374616317
:105F78006B696E6720666F7220616E206578636555
:105F88007074696F6E20656E747279206861732011
:105F9800636175736564206F6E65206F72206D6F25
:105FA8007265204275734661756C74730D0000004C
:105FB8005B4C53504552525D4120627573206661B7
:105FC800756C74206F636375727265642064757292
:105FD800696E6720666C6F6174696E672D706F6992
:105FE8006E74206C617A79207374617465207072A4
:105FF80065736572766174696F6E0D0055736167BC
:1060080065204661756C740D000000005B554E44B8
:106018004546494E5354525D616E20756E646566FF
:10602800696E656420696E737472756374696F6EE6
:10603800206572726F7220686173206F6363757276
:106048007265640D000000005B494E56535441547C
:10605800455D20616E20455053522E54206F7220AA
:10606800455053522E49542076616C69646974799D
:10607800206572726F7220686173206F6363757236
:106088007265640D000000005B494E5650435D6127
:106098006E20696E746567726974792063686563D8
:1060A8006B206572726F7220686173206F6363750D
:1060B800727265640D0000005B4E4F43505D6120B5
:1060C800636F70726F636573736F72206469736155
:1060D800626C6564206F72206E6F742070726573D5
:1060E800656E74206572726F7220686173206F63C9
:1060F8006375727265640D005B53544B4F465D6166
:1061080020737461636B206F766572666C6F77209D
:106118006572726F7220686173206F636375727243
:1061280065640D005B554E414C49474E45445D61E1
:106138006E20756E616C69676E6564206163636566
:106148007373206572726F7220686173206F636366
:1061580075727265640D00005B44495642595A4590
:10616800524F5D616E20696E74656765722064695F
:10617800766973696F6E206279207A65726F20651F
:1061880072726F7220686173206F636375727265D3
:10619800640D000070747200766F6964207B616E14
:1061A8006F6E796D6F75737D3A3A65695F616C6979
:1061B800676E65645F6672656528766F69642A290B
:1061C80000000000433A2F55736572732F636F7296
:1061D8006E392F417070446174612F4C6F63616C2C
:1061E8002F41726D2F5061636B732F45646765494A
:1061F8006D70756C73652F45492D53444B2F312EA7
:1062080039332E32362F65646765696D70756C7326
:10621800652F656467652D696D70756C73652D7381
:10622800646B2F636C61737369666965722F656946
:106238005F616C69676E65645F6D616C6C6F632E1E
:10624800680000004552523A2043616E6E6F742018
:1062580068616E646C6520696E70757420747970FD
:106268006520282564290A004552523A20696E7033
:1062780075742074656E736F72206861732073691A
:106288007A652025642062797465732C20627574A0
:1062980020696E707574206D617472697820686108
:1062A80073206861732073697A6520256420627998
:1062B8007465730A000000004552523A206F7574E5
:1062C8007075742074656E736F72206861732073C3
:1062D800697A652025642C2062757420696E707552
:1062E80074206D61747269782068617320686173C5
:1062F8002073697A652025640A0000004552523AE5
:106308002043616E6E6F742068616E646C65206FE7
:106318007574707574207479706520282564290A4D
:10632800000000006D65616E733A20006178697342
:106338003A2025690A000000256620004661696C3C
:10634800656420746F20696E697469616C697A6527
:1063580020746865206D6F64656C20286572726FA3
:106368007220636F6465202564290A002573000084
:10637800766563746F723A3A5F4D5F7265616C6CF3
:106388006F635F617070656E6400000063616E6EBC
:106398006F7420637265617465207374643A3A7629
:1063A8006563746F72206C617267657220746861CE
:1063B8006E206D61785F73697A6528290000000096
:1063C800766563746F723A3A7265736572766500C2
:1063D8007374617469632065695F766563746F724D
:1063E8003C696E743E2065693A3A737065637472ED
:1063F800616C3A3A666561747572653A3A676574B4
:106408005F726174696F5F636F6D626F28696E7424
:1064180029000000433A2F55736572732F636F721A
:106428006E392F417070446174612F4C6F63616CD9
:106438002F41726D2F5061636B732F4564676549F7
:106448006D70756C73652F45492D53444B2F312E54
:1064580039332E32362F65646765696D70756C73D4
:10646800652F656467652D696D70756C73652D732F
:10647800646B2F6473702F737065637472616C2F13
:10648800666561747572652E6870700072617469F2
:106498006F203D3D2033207C7C20726174696F2021
:1064A8003D3D2031300000007374617469632073CE
:1064B800697A655F742065693A3A737065637472C6
:1064C800616C3A3A666561747572653A3A5F6465FB
:1064D80063696D6174652865693A3A6D61747269BA
:1064E800785F742A2C2065693A3A6D61747269780C
:1064F8005F742A2C2073697A655F74290000000094
:106508006F75747075745F73697A65203E3D206598
:10651800787065637465645F73697A65000000006C
:1065280073746174696320766F69642065693A3AA7
:106538007369676E616C3A3A646563696D61746525
:106548005F73696D706C6528636F6E737420666C19
:106558006F61742A2C2073697A655F742C20666CCD
:106568006F61742A2C2073697A655F742C207369B3
:106578007A655F742C20736F7366696C74262900C2
:10658800433A2F55736572732F636F726E392F41BB
:106598007070446174612F4C6F63616C2F41726D30
:1065A8002F5061636B732F45646765496D70756C17
:1065B80073652F45492D53444B2F312E39332E32D5
:1065C800362F65646765696D70756C73652F6564D2
:1065D80067652D696D70756C73652D73646B2F64B9
:1065E80073702F737065637472616C2F7369676E53
:1065F800616C2E6870700000494E464F0000000024
:1066080025733A200000000048572052464654207F
:106618006661696C65642C2066616C6C696E6720C4
:106628006261636B20746F205357000048572052F3
:10663800464654206661696C65642C2046465420A1
:1066480073697A65206E6F7420737570706F7274D9
:1066580065642E204D757374206265206120706F0B
:10666800776572206F662032206265747765656E83
:1066780020256420616E642025642C202873697AA3
:1066880065207761732025642900000028616C6902
:10669800676E20262028616C69676E202D203129BD
:1066A80029203D3D20300000766F69642A207B61F7
:1066B8006E6F6E796D6F75737D3A3A65695F616C5F
:1066C80069676E65645F63616C6C6F632873697A70
:1066D800655F742C2073697A655F74290000000077
:1066E800477261797363616C650000004E756C6C6C
:1066F80020636865636B206661696C65640A0000E5
:106708004552520041524D20434D53495320457242
:10671800726F723A202564004552523A20466169E8
:106728006C656420746F2072756E2044535020701D
:10673800726F6365737320282564290A00000000BE
:10674800466561747572657320282564206D732E03
:10675800293A20004552523A204F7574206F66201E
:106768006D656D6F72792C2063616E277420616C82
:106778006C6F636174652066656174757265730A10
:10678800000000004552523A204F7574206F662071
:106798006D656D6F72792C2063616E277420616C52
:1067A8006C6F63617465206D61747269785F707471
:1067B80072735B256C755D0A000000004552523A01
:1067C80020576F756C64207772697465206F7574D3
:1067D80073696465206665617475726520627566A3
:1067E8006665720A00000000496D70756C7365205B
:1067F8006D61696E7461696E732073746174652E5E
:106808002043616C6C2072756E5F636C6173736991
:10681800666965725F696E6974282920746F2072D1
:10682800657365742073746174652028652E672EFE
:1068380020696620646174612073747265616D20DB
:10684800697320696E7465727275707465642E2937
:106858000A00000052756E6E696E6720696D70756A
:106868006C73652E2E2E0A006C6F77006869676856
:10687800000000004564676520496D70756C73659C
:1068880020736C6964696E672D77696E646F772011
:10689800696E666572656E63696E6720737461728E
:1068A800740D0A0057696E646F772073616D706CA0
:1068B80065733A2025750D0A00000000486F7020A6
:1068C80073616D706C65733A2025750D0A000000C0
:1068D8004F7665726C61703A20373525250D0A00B0
:1068E800436F6C6C656374696E6720696E6974695F
:1068F800616C2077696E646F772E2E2E0D0A00006A
:106908004C534D3644533320726561642066616987
:106918006C65643A2025640D0A000000496E6974AC
:1069280069616C2077696E646F7720636F6C6C6542
:106938006374696F6E206661696C65640D0A000096
:10694800496E697469616C2077696E646F7720722B
:10695800656164790D0A000072756E5F636C61731E
:10696800736966696572206661696C65643A202599
:10697800640D0A000D0A50726564696374696F6E6C
:10698800733A0D0A00000000536C6964696E672051
:1069980077696E646F7720757064617465206661CD
:1069A800696C65640D0A00004552523A20466169D7
:1069B8006C656420746F207363616C65207369670C
:1069C8006E616C20282564290A0000004552523A5D
:1069D800204661696C656420746F207472616E73FF
:1069E800706F7365206D6174726978202825642939
:1069F8000A0000004552523A204661696C656420DD
:106A0800746F2063616C63756C6174652073706565
:106A1800637472616C206665617475726573202891
:106A28002564290A00000000766563746F723A3A9B
:106A38005F4D5F64656661756C745F617070656EEB
:106A4800640000006E68203C3D203230202626205D
:106A58006E68203E2030202626206E78203E20308A
:106A68000000000073746174696320766F696420A4
:106A780065693A3A737065637472616C3A3A776122
:106A880076656C65743A3A64777428636F6E7374CC
:106A980020666C6F61742A2C2073697A655F742C88
:106AA80020636F6E737420666C6F61742A2C206388
:106AB8006F6E737420666C6F61742A2C2073697A08
:106AC800655F742C2065693A3A7370656374726106
:106AD8006C3A3A66766563262C2065693A3A737093
:106AE80065637472616C3A3A6676656326290000BC
:106AF800433A2F55736572732F636F726E392F4146
:106B08007070446174612F4C6F63616C2F41726DBA
:106B18002F5061636B732F45646765496D70756CA1
:106B280073652F45492D53444B2F312E39332E325F
:106B3800362F65646765696D70756C73652F65645C
:106B480067652D696D70756C73652D73646B2F6443
:106B580073702F737065637472616C2F77617665DB
:106B68006C65742E6870700062696F72312E330024
:106B780062696F72312E350062696F72322E32008F
:106B880062696F72322E340062696F72322E36007B
:106B980062696F72322E380062696F72332E31006B
:106BA80062696F72332E330062696F72332E35005B
:106BB80062696F72332E370062696F72332E390043
:106BC80062696F72342E340062696F72352E350037
:106BD80062696F72362E3800636F69663100000093
:106BE800636F696632000000636F696633000000F6
:106BF80064623200646233006462340064623500A7
:106C08006462360064623700646238006462390086
:106C180064623130000000006861617200000000A9
:106C28007262696F312E33007262696F312E3500DE
:106C38007262696F322E32007262696F322E3400CE
:106C48007262696F322E36007262696F322E3800B6
:106C58007262696F332E31007262696F332E3300AE
:106C68007262696F332E35007262696F332E370096
:106C78007262696F332E39007262696F342E340084
:106C88007262696F352E35007262696F362E380070
:106C980073796D320000000073796D3300000000D5
:106CA80073796D340000000073796D3500000000C1
:106CB80073796D360000000073796D3700000000AD
:106CC80073796D380000000073796D390000000099
:106CD80073796D31300000007374617469632076D4
:106CE8006F69642065693A3A737065637472616CA0
:106CF8003A3A776176656C65743A3A66696E645FAC
:106D080066696C74657228636F6E7374206368615A
:106D1800722A2C2065693A3A737065637472616CE3
:106D28003A3A66766563262C2065693A3A73706547
:106D3800637472616C3A3A667665632629000000CE
:106D48006C6576656C203E2030202626206C6576A2
:106D5800656C203C20380000737461746963207688
:106D68006F69642065693A3A737065637472616C1F
:106D78003A3A776176656C65743A3A776176656414
:106D880065635F666561747572657328636F6E739A
:106D98007420666C6F61742A2C20696E742C2063D1
:106DA8006F6E737420636861722A2C20696E742C6C
:106DB8002065693A3A737065637472616C3A3A6631
:106DC80076656326290000006C6576656C203C3D7D
:106DD8002037000073746174696320696E742065DC
:106DE800693A3A737065637472616C3A3A7761769E
:106DF800656C65743A3A6477745F66656174757238
:106E0800657328636F6E737420666C6F61742A2CC7
:106E180020696E742C20636F6E73742063686172CE
:106E28002A2C20696E742C2065693A3A7370656360
:106E38007472616C3A3A6676656326290000000030
:106E48006E756D5F6665617475726573203D3D2072
:106E58006F75747075745F6D61747269782D3E63B7
:106E68006F6C73202F20696E7075745F6D6174721A
:106E780069782D3E726F7773000000007374617437
:106E8800696320696E742065693A3A737065637442
:106E980072616C3A3A776176656C65743A3A6578EE
:106EA80074726163745F776176656C65745F66653B
:106EB8006174757265732865693A3A6D61747269AF
:106EC800785F742A2C2065693A3A6D617472697822
:106ED8005F742A2C2065695F6473705F636F6E66E8
:106EE80069675F737065637472616C5F616E616C12
:106EF800797369735F742A2C20666C6F617429003A
:106F0800576176656C657400464654007969207946
:106F1800696E67206368656E0000000070696E70B6
:106F28006F6E0000496D70756C7365202331000029
:106F38006778202B206779202B20677A202B206107
:106F4800636378202B2061636379202B206163635E
:106F58007A0000006E6F6E6500000000302E312C44
:106F680020302E352C20312E302C20322E302C2063
:106F7800352E30006261636B68616E64000000004A
:106F8800666F726568616E640000000025303258D3
:106F980020000000727820646F6E650074782064A9
:106FA8006F6E65004C534D3644533320436F6E6EFD
:106FB800656374204661696C65642E0D00000000ED
:106FC800464654206C656E677468206D757374202E
:106FD8006265206576656E0A000000006B69737350
:106FE80020666674207573616765206572726F72BA
:106FF8003A20696D70726F70657220616C6C6F6396
:107008000A000000556E6B6E6F776E20747970659C
:10701800000000004E4F545950450000464C4F4167
:1070280054333200494E54333200000055494E540F
:1070380038000000494E5436340000005354524979
:107048004E470000424F4F4C00000000494E54315B
:1070580036000000434F4D504C4558363400000070
:10706800494E543800000000464C4F415431360018
:10707800464C4F4154363400434F4D504C455831DF
:107088003238000055494E54363400005245534FAB
:10709800555243450000000056415249414E5400A4
:1070A80055494E543332000055494E54313600008C
:1070B800494E543400000000433A2F5573657273EB
:1070C8002F636F726E392F417070446174612F4C59
:1070D8006F63616C2F41726D2F5061636B732F4525
:1070E800646765496D70756C73652F45492D534408
:1070F8004B2F312E39332E32362F65646765696D13
:1071080070756C73652F656467652D696D70756C36
:1071180073652D73646B2F74656E736F72666C6F15
:10712800772F6C6974652F6B65726E656C732F6B46
:1071380065726E656C5F7574696C5F6C6974652ED9
:107148006370700025733A25642025732077617376
:10715800206E6F7420747275652E00007363616C05
:10716800655F64696666202F206F75747075745F3B
:107178007363616C65203C3D20302E303200000086
:10718800696E7075745F70726F647563745F736332
:10719800616C65203E3D20300000000066616C7324
:1071A800650000006E6F5F696E74656765725F6F7A
:1071B800766572666C6F775F66726F6D5F71756109
:1071C8006E74697A6174696F6E000000433A2F55D6
:1071D800736572732F636F726E392F4170704461DB
:1071E80074612F4C6F63616C2F41726D2F50616316
:1071F8006B732F45646765496D70756C73652F45B2
:10720800492D53444B2F312E39332E32362F656496
:107218006765696D70756C73652F656467652D6941
:107228006D70756C73652D73646B2F74656E736FF9
:1072380072666C6F772F6C6974652F6D6963726FF6
:107248002F6B65726E656C732F66756C6C795F63F6
:107258006F6E6E65637465642E6370700000000065
:1072680025733A256420257320213D202573202885
:10727800256420213D2025642900000041524D5FEE
:10728800434D5349535F4E4E5F5355434345535304
:107298000000000061726D5F66756C6C795F636FEA
:1072A8006E6E65637465645F73382820266374782E
:1072B8002C202666635F706172616D732C202671C5
:1072C80075616E745F706172616D732C2026696ED2
:1072D8007075745F64696D732C2074666C6974656D
:1072E8003A3A6D6963726F3A3A47657454656E73DA
:1072F8006F72446174613C696E74385F743E2869CA
:107308006E707574292C202666696C7465725F64CA
:10731800696D732C2074666C6974653A3A6D69639B
:10732800726F3A3A47657454656E736F724461744C
:10733800613C696E74385F743E2866696C74657266
:10734800292C2026626961735F64696D732C206241
:107358006961735F646174612C20266F7574707540
:10736800745F64696D732C2074666C6974653A3A4D
:107378006D6963726F3A3A47657454656E736F72DC
:10738800446174613C696E74385F743E286F75742B
:107398007075742929000000696E70757420213D8C
:1073A800206E756C6C7074720000000066696C74F5
:1073B800657220213D206E756C6C7074720000003F
:1073C8006F757470757420213D206E756C6C7074C7
:1073D8007200000025733A256420257320213D2082
:1073E80025732028257320213D20257329000000BE
:1073F8006F75747075742D3E7479706500000000A7
:10740800696E7075742D3E7479706500433A2F5516
:10741800736572732F636F726E392F417070446198
:1074280074612F4C6F63616C2F41726D2F506163D3
:107438006B732F45646765496D70756C73652F456F
:10744800492D53444B2F312E39332E32362F656454
:107458006765696D70756C73652F656467652D69FF
:107468006D70756C73652D73646B2F74656E736FB7
:1074780072666C6F772F6C6974652F6D6963726FB4
:107488002F6B65726E656C732F736F66746D6178A0
:107498002E637070000000004E756D496E70757433
:1074A80073286E6F646529004E756D4F757470751D
:1074B8007473286E6F646529000000004E756D4472
:1074C800696D656E73696F6E7328696E707574295E
:1074D800203E3D20310000006E6F64652D3E7573BF
:1074E80065725F6461746120213D206E756C6C70FB
:1074F800747200005479706520257320282564294A
:10750800206E6F7420737570706F727465642E00CE
:10751800433A2F55736572732F636F726E392F411B
:107528007070446174612F4C6F63616C2F41726D90
:107538002F5061636B732F45646765496D70756C77
:1075480073652F45492D53444B2F312E39332E3235
:10755800362F65646765696D70756C73652F656432
:1075680067652D696D70756C73652D73646B2F7409
:10757800656E736F72666C6F772F6C6974652F6DAB
:107588006963726F2F6B65726E656C732F736F66AC
:10759800746D61785F636F6D6D6F6E2E63707000D0
:1075A8002D333237363800006F75747075742D3E80
:1075B800706172616D732E7A65726F5F706F696E3C
:1075C8007400000025733A2564202573206E6F74BB
:1075D800206E6561722025732028256620213D20B4
:1075E80025662900312E66202F20363535333600A2
:1075F8006F75747075742D3E706172616D732E7342
:1076080063616C65000000006B54664C69746549E1
:107618006E7438002D313238000000006F757470B8
:1076280075742D3E706172616D732E7363616C6544
:10763800203D3D20312E66202F20323536000000B7
:107648004552523A2047657454656E736F722063D1
:10765800616C6C6564206265796F6E64204D415879
:107668005F54464C5F4556414C5F434F554E54203E
:10767800282564290A0000004552523A20476574BB
:1076880054656E736F722063616C6C65642062650B
:10769800796F6E64204D41585F54464C5F54454E97
:1076A800534F525F434F554E5420282564290A00F2
:1076B8004552523A204661696C656420746F2061B6
:1076C8006C6C6F636174652070657273697374653F
:1076D8006E7420627566666572206F662073697ABB
:1076E800652025642C20646F6573206E6F74206696
:1076F800697420696E2074656E736F72206172659B
:107708006E6120616E6420726561636865642045FE
:10771800495F4D41585F4F564552464C4F575F425F
:1077280055464645525F434F554E540A00000000E7
:107738004552523A204661696C656420746F206135
:107748006C6C6F63617465207065727369737465BE
:107758006E7420627566666572206F662073697A3A
:10776800652025640A0000004552523A20466169A6
:107778006C656420746F20616C6C6F636174652044
:107788007363726174636820627566666572206FE0
:10779800662073697A652025642C207265616368A8
:1077A80065642045495F4D41585F534352415443F6
:1077B800485F4255464645525F434F554E540A006E
:1077C8004552523A204661696C656420746F2061A5
:1077D8006C6C6F6361746520736372617463682095
:1077E800627566666572206F662073697A65202502
:1077F800640A00004552523A206661696C6564204B
:10780800746F20616C6C6F636174652074656E734E
:107818006F72206172656E610A0000004552523A2B
:107828002074656E736F72206172656E6120697372
:1078380020746F6F20736D616C6C2C20646F65739E
:10784800206E6F7420666974206D6F64656C202DDE
:10785800206576656E20776974686F757420736328
:10786800726174636820627566666572730A0000E7
:107878000A0000000A0000000A0000000A000000D8
:107888000A000000030000000A00000003000000D6
:10789800010000000000000000000000BD390010D9
:1078A8000000000070F00120030000000300000049
:1078B8009957001078F0012000000000CC780110E2
:1078C80001000000020000000000000001000000AC
:1078D80039F00010E1F200104DF3001015F200101D
:1078E80079F200108DE4493A668EC8383C940DBC94
:1078F8001512C0BA331E3C3D6D373E3C785223BE4C
:10790800D02991BD7081F13E9CFE443FF184C43E74
:10791800F98E11BD020803BD87C74C3D96E7BC3BF5
:1079280067BFA6BC9DDB52BA5582963B073A6F38B3
:1079380027D2F0B927D2F039073A6F38558296BB6B
:107948009DDB52BA67BFA63C96E7BC3B87C74CBDD8
:10795800020803BDF98E113DF184C43E9CFE44BF6C
:107968007081F13ED029913D785223BE6D373EBCDF
:10797800331E3C3D1512C03A3C940DBC668EC8B807
:107988008DE4493AED9EB73ACB78223AAB7259BCAE
:10799800D1E03CBC2A9AF73C86F3183AB3835FBD22
:1079A800BE7D743E1AC8373FE5091E3FE279103D97
:1079B800E72544BEFD5E95BC48457E3D7626113CD4
:1079C8009B2A28BCB911F8B9212E8C3A212E8CBAE1
:1079D800B911F8B99B2A283C7626113C48457EBD4A
:1079E800FD5E95BCE725443EE279103DE5091EBFE2
:1079F8001AC8373FBE7D74BEB3835FBD86F318BA1D
:107A08002A9AF73CD1E03C3CAB7259BCCB7822BAFD
:107A1800ED9EB73A86AB5DBBE31D0EBAB5D2013D0C
:107A28003B48F93BBABB12BEC6F97ABDC674F63EEE
:107A3800A5F5463F2198BA3E29C554BD71FADEBC6A
:107A48001144493D419C793B51FA74BC4ED19EB9D1
:107A580036B8F73A36B8F7BA4ED19EB951FA743CEF
:107A6800419C793B114449BD71FADEBC29C5543D9E
:107A78002198BA3EA5F546BFC674F63EC6F97A3DCA
:107A8800BABB12BE3B48F9BBB5D2013DE31D0E3A65
:107A980086AB5DBB62C12F3B684889BA7F084FBC83
:107AA800ABFBF93C530B8B3DEAF74ABDF7E08E3C44
:107AB800FA3D093F348C443F43C7933E8B680FBE61
:107AC80091CADCBD5F68833BDB3B283CDB3B28BCC1
:107AD8005F68833B91CADC3D8B680FBE43C793BE8A
:107AE800348C443FFA3D09BFF7E08E3CEAF74A3D43
:107AF800530B8B3DABFBF9BC7F084FBC6848893AF8
:107B080062C12F3B84617C3C6EC4643BCDA4F1BD53
:107B180089E245BDAF6BFB3EDAA2493F1605AD3E93
:107B2800FBC294BDA286ACBC7531373D91B2E73A31
:107B3800169DFFBB169DFF3B91B2E73A753137BDE5
:107B4800A286ACBCFBC2943D1605AD3EDAA249BF85
:107B5800AF6BFB3E89E2453DCDA4F1BD6EC464BB6D
:107B680084617C3C99E9DF3CDCD2F13C3C4B20BD94
:107B7800DE2E4C3E3F31393F724C223F2401883C77
:107B8800358933BEC1DDACBC0210A03C0210A0BCDC
:107B9800C1DDACBC3589333E2401883C724C22BF20
:107BA8003F31393FDE2E4CBE3C4B20BDDCD2F1BC10
:107BB80099E9DF3C0E2B9BBD35C6F2BCE0C7FE3E03
:107BC800D3C14D3FD180983E9E33CBBDDF804EBCA4
:107BD8005FFC033D5FFC03BDDF804EBC9E33CB3DA5
:107BE800D180983ED3C14DBFE0C7FE3E35C6F23CBA
:107BF8000E2B9BBD000000000000000000000000EC
:107C080000000000375C6C3C1D096D3C0039A1BDCB
:107C1800E55825BD52F0D53EC747423F52F0D53E04
:107C2800E55825BD0039A1BD1D096D3C375C6C3C8C
:107C3800000000000000000000000000C431FABA93
:107C4800C9E8FABAF42F8B3C3289433CBBB44BBD2C
:107C5800283C9EBD1DA2C03D9C72D73EB16F53BF4C
:107C68009C72D73E1DA2C03D283C9EBDBBB44BBDF7
:107C78003289433CF42F8B3CC9E8FABAC431FABACA
:107C8800000000000000000088795C3C0B9E30BBBF
:107C9800D0FC0BBE647FBFBD8F1FF43E0846663F15
:107CA8008F1FF43E647FBFBDD0FC0BBE0B9E30BB64
:107CB80088795C3C00000080EE8E223DC93802BC09
:107CC8006C155FBD2DF3B0BEC3953C3F2DF3B0BE20
:107CD8006C155FBDC93802BCEE8E223D00000080E5
:107CE800000000000000000000000000F62C84BD29
:107CF800F2A926BD3110D63E31DA493F3110D63EC1
:107D0800F2A926BDF62C84BD0000000003F21ABDBE
:107D1800F45FC3BC0C8FE23DF23AC13E764A5ABFCB
:107D2800F23AC13E0C8FE23DF45FC3BC03F21ABDC8
:107D3800000000000000000000000000000000003B
:107D4800000000000000000000000000000000002B
:107D580000000000F304353EB6C3073FB6C3073F33
:107D6800F304353E000000000000000000000000A1
:107D780000000000000000000000000000000000FB
:107D880000000000DF30323AA8A4053B09D1A5BBAA
:107D9800FEE8A8BC5339673C2D07CB3D838649BC18
:107DA80034F0A3BEAD5906BB262F713F262F71BFF5
:107DB800AD59063B34F0A33E8386493C2D07CBBD25
:107DC800533967BCFEE8A83C09D1A53BA8A405BB6C
:107DD800DF3032BA000000000000000000000000A0
:107DE800000000000000000000000000F304353E21
:107DF800B6C3073FB6C3073FF304353E0000000093
:107E0800000000000000000000000000000000006A
:107E1800000000006AFD45BB107E14BCC5E2893C29
:107E28006EE9983D025700BD87319ABEF014D93CDF
:107E3800D19E733FD19E73BFF014D9BC87319A3E4F
:107E48000257003D6EE998BDC5E289BC107E143C1E
:107E58006AFD453B00000000000000000000000033
:107E680000000000F304353EB6C3073FB6C3073F22
:107E7800F304353E00000000000000000000000090
:107E8800000000003046623CA4B4293DE1F556BD2F
:107E9800C02D89BE0614933DC57C773FC57C77BF4E
:107EA800061493BDC02D893EE1F5563DA4B429BD05
:107EB800304662BC0000000000000000F304353EBC
:107EC800B6C3073FB6C3073FF304353E00000000C2
:107ED80000000000B6C387BD92A54BBE55641E3E88
:107EE800F68E7E3FF68E7EBF55641EBE92A54B3E33
:107EF800B6C3873DF304353EB6C3073FB6C3073F55
:107F0800F304353EF304B53EB6C3873FB6C387BF17
:107F1800F304B5BE000000000000000000000000EF
:107F28000000000000000000000000000000000049
:107F380000000000F304B53EF304353FF304B53EFA
:107F48000000000000000000000000000000000029
:107F58000000000000000000000000006AFDC5BA33
:107F68006AFD45BBCD21543C7AE1EC3CF01459BD87
:107F7800A7260ABED6C2273E2AD6EC3ED19E73BF9C
:107F88002AD6EC3ED6C2273EA7260ABEF01459BD13
:107F98007AE1EC3CCD21543C6AFD45BB6AFDC5BA8B
:107FA80000000000000000000000000000000000C9
:107FB800000000000000000000000000F304B53ECF
:107FC800F304353FF304B53E000000000000000054
:107FD8000000000000000000000000003046E23B06
:107FE8003046623C425540BD089EDCBDC2F22D3E83
:107FF800441AE53EC57C77BF441AE53EC2F22D3EE1
:10800800089EDCBD425540BD3046623C3046E23BEE
:108018000000000000000000000000000000000058
:1080280000000000F304B53EF304353FF304B53E09
:10803800000000000000000000000000B6C307BDFB
:10804800B6C387BDF304353EE1F5D63EF68E7EBF56
:10805800E1F5D63EF304353EB6C387BDB6C307BDCA
:10806800000000000000000000000000F304B53E1E
:10807800F304353FF304B53E00000000F304353E39
:10808800F304B53EB6C387BFF304B53EF304353EEB
:1080980000000000000000000000000000000000D8
:1080A80000000000F304353FF304353F00000000F2
:1080B800000000000000000000000000B6C387BCFC
:1080C800B6C387BCCEE6F83DCEE6F83DF30435BF2F
:1080D800F304353FCEE6F8BDCEE6F8BDB6C3873C1F
:1080E800B6C3873C0000000000000000F304353FE1
:1080F800F304353F0000000000000000F304B53D24
:10810800F304B53DF30435BFF304353FF304B5BDBF
:10811800F304B5BD51895EB70945C438AB3FF4B81F
:1081280010CB33BA0493023B3CE4B63A33DA2FBCA3
:10813800EE5B6C3B030A083DEF50F1BC183792BD6B
:10814800DC94BE3D1C6D023E24A648BEBED77FBE51
:10815800D2F58F3EDA3E303FA8F6063F6BB1403E7F
:108168002A7BDA3C2A7BDABC6BB1403EA8F606BF14
:10817800DA3E303FD2F58FBEBED77FBE24A6483E3A
:108188001C6D023EDC94BEBD183792BDEF50F13C29
:10819800030A083DEE5B6CBB33DA2FBC3CE4B6BA8D
:1081A8000493023B10CB333AAB3FF4B80945C4B84B
:1081B80051895EB7DD082538ED1984B9B593713951
:1081C800BE2CF23ADB4B8CBB1DC59ABBCE2FB73CFD
:1081D8008D91833915838ABD6DB4FB3C111B183E04
:1081E8007654C6BDFB2796BEE564083E0844283F82
:1081F800B0D51A3FCCAF793E9FF71B3D9FF71BBD0B
:10820800CCAF793EB0D51ABF0844283FE56408BE14
:10821800FB2796BE7654C63D111B183E6DB4FBBCB9
:1082280015838ABD8D9183B9CE2FB73C1DC59A3B66
:10823800DB4B8CBBBE2CF2BAB5937139ED1984397E
:10824800DD082538DE5DF6B8A410313A8162CDB973
:108258007B979FBBC74B0F3CAE10653CE39534BD85
:10826800104A8EBC5ED6033ECEB7F7397C6A91BE03
:108278000AAC81BCCED9153F23F62C3FB530A03EC1
:1082880025E35E3D25E35EBDB530A03E23F62CBF59
:10829800CED9153F0AAC813C7C6A91BECEB7F7B9FE
:1082A8005ED6033E104A8E3CE39534BDAE1065BCE5
:1082B800C74B0F3C7B979F3B8162CDB9A41031BA65
:1082C800DE5DF6B8AA72B9390825ECBAFB38E1398F
:1082D800B4A24D3C55C787BC47C51BBD3918A53D41
:1082E800910A923DBE6965BE185C13BE4E87F03E8A
:1082F80067A83A3F3407CB3EE6709F3DE6709FBDC6
:108308003407CB3E67A83ABF4E87F03E185C133E51
:10831800BE6965BE910A92BD3918A53D47C51B3D8A
:1083280055C787BCB4A24DBCFB38E1390825EC3AE7
:10833800AA72B9393A348DBA8A8A9C3BB92F113A54
:108348002B5C01BDA277E13CECAEC73D9BE104BECE
:10835800EFB167BE7E68A13E504A403F583FFD3EA0
:10836800796FE43D796FE4BD583FFD3E504A40BF08
:108378007E68A13EEFB1673E9BE104BEECAEC7BD8F
:10838800A277E13C2B5C013DB92F113A8A8A9CBB4C
:108398003A348DBA2F9C5A3B801F4EBC6A85CCBBA1
:1083A800CEDD9E3D321304BD271C78BE1CC00D3E99
:1083B800496C393F8E941A3FE2F1233EE2F123BE25
:1083C8008E941A3F496C39BF1CC00D3E271C783E5D
:1083D800321304BDCEDD9EBD6A85CCBB801F4E3CEA
:1083E8002F9C5A3BBAA02DBC56B0063D11A7FC3CA9
:1083F8000E863FBE383EE5BC6781213F2F00373FE0
:1084080029E86B3E29E86BBE2F00373F678121BF03
:10841800383EE5BC0E863F3E11A7FC3C56B006BD73
:10842800BAA02DBC7249103DD6FBAEBD54400ABE61
:108438001075EB3E71904E3FCB53AA3ECB53AABE6C
:1084480071904E3F1075EBBE54400ABED6FBAE3D50
:108458007249103DEE8304BEF885653EEF25563F10
:10846800EA46F73EEA46F7BEEF25563FF88565BE71
:10847800EE8304BE391F11B8DFDC94B8956EF43969
:10848800B579923A3DB928BB319613BCEB17823CBB
:1084980093890D3DEA8DA8BDC90B93BD3062DB3EC3
:1084A800FC344B3F5973CF3E855C7ABD6CB386BDB7
:1084B800DE1FC03C2705FF3B969C78BB969C783B0B
:1084C8002705FF3BDE1FC0BC6CB386BD855C7A3DCB
:1084D8005973CF3EFC344BBF3062DB3EC90B933D32
:1084E800EA8DA8BD93890DBDEB17823C3196133CEC
:1084F8003DB928BBB57992BA956EF439DFDC94386A
:10850800391F11B841E33CBABDF8EEBA21E0B73BD8
:10851800ECFCC13C817173BD0EA69CBDB481D53EF7
:10852800A80E503F38B0C53E9FFA89BD23D729BD54
:10853800BC3E863CBC3E86BC23D729BD9FFA893DFC
:1085480038B0C53EA80E50BFB481D53E0EA69C3D9E
:10855800817173BDECFCC1BC21E0B73BBDF8EE3ABC
:1085680041E33CBA714080BCD7F494BD010DC53ECF
:1085780029425A3FEC00AD3ED7F494BDD7F4943D60
:10858800EC00AD3E29425ABF010DC53ED7F4943DDB
:10859800714080BC00000000C431FA3AC9E8FABA58
:1085A800F42F8BBC3289433CBBB44B3D283C9EBD69
:1085B8001DA2C0BD9C72D73EB16F533F9C72D73E7F
:1085C8001DA2C0BD283C9EBDBBB44B3D3289433C77
:1085D800F42F8BBCC9E8FABAC431FA3A000000801B
:1085E8000000000000000080375C6C3C1D096DBC79
:1085F8000039A1BDE558253D52F0D53EC74742BFD9
:1086080052F0D53EE558253D0039A1BD1D096DBC88
:10861800375C6C3C00000080000000000000008017
:10862800000000000000000000000000EE8E223D67
:10863800C938023C6C155FBD2DF3B03EC3953C3F75
:108648002DF3B03E6C155FBDC938023CEE8E223D5D
:108658000000000088795CBC0B9E30BBD0FC0B3E50
:10866800647FBFBD8F1FF4BE0846663F8F1FF4BEF0
:10867800647FBFBDD0FC0B3E0B9E30BB88795CBCD1
:10868800000000000000000003F21A3DF45FC3BCC4
:108698000C8FE2BDF23AC13E764A5A3FF23AC13EE9
:1086A8000C8FE2BDF45FC3BC03F21A3D00000080EA
:1086B800F62C84BDF2A9263D3110D63E31DA49BFE9
:1086C8003110D63EF2A9263DF62C84BD000000806C
:1086D80000000000DF3032BAA8A4053B09D1A53B51
:1086E800FEE8A8BC533967BC2D07CB3D8386493CBF
:1086F80034F0A3BEAD59063B262F713F262F713F9C
:10870800AD59063B34F0A3BE8386493C2D07CB3DCB
:10871800533967BCFEE8A8BC09D1A53BA8A4053B12
:10872800DF3032BA00000080000000000000008046
:108738000000000000000080000000000000008031
:1087480000000000F30435BEB6C3073FB6C307BF39
:10875800F304353E000000800000000000000080A7
:108768000000000000000080000000000000008001
:10877800000000006AFD453B107E14BCC5E289BCC0
:108788006EE9983D0257003D87319ABEF014D9BC76
:10879800D19E733FD19E733FF014D9BC87319ABEE6
:1087A8000257003D6EE9983DC5E289BC107E14BCB5
:1087B8006AFD453B000000800000000000000080CA
:1087C800000000000000008000000000F30435BE37
:1087D800B6C3073FB6C307BFF304353E00000080A9
:1087E8000000000000000080000000000000008081
:1087F80000000000304662BCA4B4293DE1F5563DB6
:10880800C02D89BE061493BDC57C773FC57C773FD4
:10881800061493BDC02D89BEE1F5563DA4B4293D8B
:10882800304662BC000000800000000000000080AC
:1088380000000000F30435BEB6C3073FB6C307BF48
:10884800F304353E000000800000000000000080B6
:1088580000000000B6C3873D92A54BBE55641EBEFE
:10886800F68E7E3FF68E7E3F55641EBE92A54BBEA9
:10887800B6C3873D0000008000000000F30435BE49
:10888800B6C3073FB6C307BFF304353E00000080F8
:1088980000000000F304B5BEB6C3873FB6C3873FE8
:1088A800F304B5BEF30435BEB6C3073FB6C307BF6E
:1088B800F304353E000000006AFDC53A6AFD45BB79
:1088C800CD2154BC7AE1EC3CF014593DA7260ABEF0
:1088D800D6C227BE2AD6EC3ED19E733F2AD6EC3E9E
:1088E800D6C227BEA7260ABEF014593D7AE1EC3C51
:1088F800CD2154BC6AFD45BB6AFDC53A0000008025
:10890800000000000000008000000000000000805F
:108918000000000000000080F304B53EF30435BFFA
:10892800F304B53E00000080000000000000008055
:10893800000000000000008000000000000000802F
:1089480000000000000000003046E2BB3046623CF8
:108958004255403D089EDCBDC2F22DBE441AE53E9C
:10896800C57C773F441AE53EC2F22DBE089EDCBDA9
:108978004255403D3046623C3046E2BB0000008034
:1089880000000000000000800000000000000080DF
:10899800F304B53EF30435BFF304B53E0000008090
:1089A80000000000000000800000000000000080BF
:1089B8000000000000000000B6C3073DB6C387BD35
:1089C800F30435BEE1F5D63EF68E7E3FE1F5D63EA0
:1089D800F30435BEB6C387BDB6C3073D00000080AB
:1089E8000000000000000080F304B53EF30435BF2A
:1089F800F304B53E00000080000000000000008085
:108A08000000000000000000F30435BEF304B53E8A
:108A1800B6C3873FF304B53EF30435BE00000080BB
:108A2800F304B53EF30435BFF304B53E00000080FF
:108A380000000000B6C3873CB6C387BCCEE6F8BDCD
:108A4800CEE6F83DF304353FF304353FCEE6F83D76
:108A5800CEE6F8BDB6C387BCB6C3873C000000802D
:108A6800000000000000008000000000F30435BF93
:108A7800F304353F00000080000000000000008083
:108A880000000000F304B5BDF304B53DF304353F21
:108A9800F304353FF304B53DF304B5BD0000008091
:108AA80000000000F30435BFF304353F00000080E8
:108AB800000000001C700110247001102C700110BF
:108AC800347001103C700110447001104C7001109A
:108AD800547001105C700110687001107070011002
:108AE80078700110807001108C7001109470011062
:108AF800A0700110A8700110B0700110B8700110BA
:108B0800000000000200000001000000000000005A
:108B180000000000000000005DEB0010B1EB001049
:108B280061EB0010C1EB001069EB001071EB001055
:108B380075EC001021EC0010CDEB001091EB00104B
:108B480099EB00100000000000000000B5EF0010D5
:108B5800C9EF0010ADEF0010E5EF001095ED001023
:108B6800BDEE001075EC001021EC0010CDEB0010EC
:108B7800B1ED001045EE0010000000000B000000F1
:108B880000000001010000000A00000001000000D0
:108B9800090000000000803F0100000009000000FB
:108BA80003000000080000000200000001000000AF
:108BB80000000000010000000800000003000000A1
:108BC800070000000400000003000000010000008E
:108BD8000100000007000000030000000000000082
:108BE800060000000500000001000000008C0110D4
:108BF800CC94011000000000010000000000803B40
:108C0800148C0110CC940110000000000100000039
:108C18007A5BD24002000000010000000200000060
:108C2800348C0110CC9401100000000001000000F9
:108C380005200A4202000000010000000A000000AE
:108C4800548C0110CC9401100000000001000000B9
:108C5800D8152C420200000001000000140000009A
:108C6800748C0110A09401100000000001000000A5
:108C7800132E053B02000000140000004E00000007
:108C88000000000000000000FFEFE563223A22B375
:108C980028A0FC2B96B2E66A1E57C6C667E1641583
:108CA800924CC6C5AD941D25489D8F34B556F5B276
:108CB80036F5A6DC9863D669B2AAEB902FE69B4CF2
:108CC800715976462DD00DABEDAC022665F01D9A94
:108CD800B6E0E7BE53388AF8620FDD142624356EF5
:108CE800B332101649C05D3B79B8ECF463E93D3AFC
:108CF800EB57E3A8ED70677452DAA0F51FCACEBE31
:108D0800755445E159AD0A0092F204D3F0878E5F9D
:108D180064A0EB52D0EBE2015A8942E06CBC48F8FF
:108D28001162DABC48EB95A538BC45606EF1A00F1E
:108D3800A436B54E224CFD2E738B3E9D0ADD6E3552
:108D4800BFA4C84A39A5E4D494F4419F383A8AF0BC
:108D580026E4BD9B26DC39E0E7F93999120C09DADB
:108D68006AD2E810DA4112BADDDDF5860461E794CB
:108D7800963D9C3FC047F646F4743C9A62603A4A76
:108D880034E5A4C6284CB131B2D3493DAA47644E54
:108D9800CB3264CB490F758C17529D49015D73A383
:108DA800FBB34737B1FCE8871DA4998ACFF26C2939
:108DB8007256B0944498B49245C1BFAA1A29E27970
:108DC800651E18B99CAA69E7CB4BE11AB9CEB14523
:108DD8004A4AFAE8F773ECF1DE095B57989931B61D
:108DE8006FAEDEC9DF951E4911289BD047B95C4C90
:108DF800EC55505BA6E5E37847616D4A9DA3717316
:108E08000A48D27E82DE9C24572E363CDCE3E060A2
:108E18001A00D3A5107CD61F94D98D3B1902981D32
:108E2800DF0EA7A1F9C85CE525F5CD71E4F861BBB3
:108E3800209456BE356D5832B2DB198EABB4015151
:108E48006EF32BD33A4C23F5480D239253A6E30433
:108E5800DA66623175CE57AC8DB7F6F237D8D1B92C
:108E6800BA86D451D106F7F3FD432BE9CBC8725922
:108E7800C313C64ACCF074965B25568CFDED9E4212
:108E88008E2D9B75EE16F20AC09470BBF0E2AC5FB3
:108E9800954623EE10603DD1B10852B3351B8E467E
:108EA800ADC41067D8341F44345B5C8F266C6427CC
:108EB8002535DE69EA78D932B590DCBAB37468B77B
:108EC800C402E977E32694E815731E9BD994EF252D
:108ED80056DAEF267E6F2EF81D9EBD3FB2E4ED17E1
:108EE800DEB99257548DB3DD42AD442523D4C27404
:108EF800BB19ED35021AD8493F6E44E79D47EEB5D8
:108F0800F2E9044642D10FC82DCD73156B4E682D7A
:108F1800474952EF5D9D488AEAFA99DA9362AC08AC
:108F2800BDBE8ED59320D2EDBD208D8675B03A3565
:108F38001535F0CF49E162CC0389625051C7C9D7D2
:108F4800109BD790A5C69B3699F8BA4892FFBE8663
:108F580099AD87E1B35EF34755B3E74C1871795182
:108F68000624FD37CBDEA8FC5525525BEF121B33D8
:108F7800BE1DCD874E3168A23E728C8EB816440D48
:108F8800922594BEAC5B01E48FDEAD32B450690328
:108F9800EAA46FDE741C378CA1D04614F928A424E7
:108FA80020A239BAFEFF2B1A9938915E64EAC6DA14
:108FB80056528CA0A1E6796ADEA2A1222EF106DA29
:108FC800D854088E472FDBB5E8F8566AB1CD1BEDAB
:108FD8001F294E511E8B933537215E0DE5CFFE6B51
:108FE80021B4F32E6FE19F997CD55DE86C735171C4
:108FF800D83BD3D07108E9EA7809293450417F2B4E
:10900800F1EB09D325E9B12324443A5B6EE9C5DFC6
:109018001F3C9CFAAA56282D734A37EE12A36045C6
:1090280001E35A4C55E7E4DFA708C0BC652639655B
:10903800C98D01D94998B88B9E3AE4901E40D659FB
:109048000FD764DF3844B44B3CDA08C665E0CD1D61
:109058008B6C4A4B61B09AB5F1139EC587D06F44AB
:10906800EE7850958716B089AE25E935D8A9A45071
:10907800131E502D0A53FFC7374E2189D05C1D8718
:10908800BEF96C759A70EF1C17206B20E9AA87EC63
:109098009ED3A3A0FAD9CC87AE68EC09258BA68B02
:1090A800EF1D36F761DB703B63A965C5FA44784963
:1090B8002738A7C66ED115543DEB01D7ECA34F5DF9
:1090C800625F17729BE94CE939A8BFC871A0C31C3D
:1090D80004BCCE2D3D2C788C9C778DD5990A48A45C
:1090E8006979C75B92BCF2A365D874C2CD4EF1B45E
:1090F800A41F64938D669049F14DD7B68FD0EC3993
:109108002AEEA9B667E66CBF0B36BB7115706D51B8
:10911800E43A10BA70D36C3DD122FC61A289941C48
:10912800ED0F2724F42AB83534590F3B26438D61B7
:10913800993117FCC6CEE3C325D2D03BF215FB8C80
:109148001A6740C21EAE50B18FDDA34F2EF1526296
:109158002CB66E31A460FFB012C70F2D0CB210539D
:10916800935E5D642D52C817FEADCCF266DFD3A4C2
:10917800289192D61838D2289CC930D596B629C8D5
:109188002ED4E656A55D31FB5AB3D7BC1F94C60151
:10919800FAE7105CEE9B5A8DF3CC05ECE7A3EB895C
:1091A800F3E34AA7AE64B503A733FCCC047898E38D
:1091B800BD64563BC31CE33B66505ED4CB5F23EAD9
:1091C800CF6FCF4FA3D2A52469B83AC7A171B99C74
:1091D800BD26F3BFF59EFE1805716DB94F948CD767
:1091E80074E11EAA056D9E35C2B4693A1EA05F904F
:1091F800DFC01E9C346CE13AF1FE2CE356CE476882
:10920800321798A09AE1408A3A0AB1F5FDD590D272
:1092180099AAA6C108B8BE2EC464BE5FCC97FBDE6F
:1092280094AC38CCB393776022AFA3D7A818B73ED5
:1092380003ED791BA091079936BB4DABB1B4DF574D
:10924800DAC1B05F3CC1699E066A4B425BC98E2594
:109258006C16FC5B06C5EBD824F057529E6053FF92
:10926800FECEFD9BC021D2915FA1F803B2CD2B6049
:10927800AC1266B50A2A921A07F1B1AC2044019ED5
:109288008F20F4041F389A2938C2409BAF65A25139
:10929800A72BA5F3EDAEA9B88C50DCEFE6299B8986
:1092A800B4920110A0940110000000000100000019
:1092B80064050E3E010000001400000000000000DC
:1092C8000000000000000000000000000000000096
:1092D8000000000000000000000000000000000086
:1092E8000000000000000000000000000000000076
:1092F8000000000000000000000000000000000066
:109308000000000000000000000000000000000055
:1093180000000000000000002C930110A094011030
:109328000000000001000000475E663B02000000EC
:109338000A000000140000002CACB90E6F137E90D8
:10934800FBC91917457C3DA802E5B31BC3844749EF
:1093580038D1C5959914C7C445184A5FC723D0DFCB
:10936800E797FD73CBC0D916D3F42337E9A2F2B43B
:109378005C9693A8400F6904BA56C3D0E3506D3782
:10938800B09AFED1E5C7735CCF4195D1A24AD71CEC
:109398009A43623DEA361997CA6C4F3FA04CB437DE
:1093A800DF81F95581CD5441C944E6B6D843B604A6
:1093B8006433C2AB5A580FDEE503442FB2D30CEF27
:1093C80044EEEEDAF0633043F15C5D857BDFC07913
:1093D80048E391345B040F5B442C3E2D62268CE6F7
:1093E800E10D671AFB8EDD6AA44FCCDC30B2F1FECA
:1093F8005A70ED0E569BBF37AFC53FEEEE62035471
:1094080014940110A0940110000000000100000055
:1094180000DB1A3E010000000A0000000000000006
:109428000000000000000000000000000000000034
:109438000000000000000000000000000000000024
:109448000000000000000000000000000000000014
:1094580064940110A09401100000000001000000B5
:10946800921CB13B02000000020000000A0000004C
:1094780000000000000000004E994A707FAED493AF
:109488000C5D460DE9E79D0085379D24A8940110E1
:10949800A09401100000000001000000000000007E
:1094A800010000001B1F3F3E0100000002000000F9
:1094B8000000000000000000D4940110CC940110BA
:1094C800000000000100000080FFFFFF0100000015
:1094D800497F884202000000010000004E000000A1
:1094E80059F3F8C21F6EA501000000000000F03F0C
:1094F8006042A20D0000803FFB21F93FFB2109409B
:109508007CD91240FB2119407A6A1F407CD922403D
:10951800BBFD2540FB2129403A462C407A6A2F4062
:109528005C4731407CD932409C6B3440BBFD3540B0
:10953800DB8F3740FB2139401BB43A403A463C4068
:109548005AD83D407A6A3F404C7E40405C47414093
:109558006C1042407CD942408CA243409C6B4440F2
:10956800AC344540BBFD4540CBC64640DB8F474049
:10957800EB584840FB21494083F9A200444E6E0055
:10958800FC291500D1572700DD34F50062DBC00047
:109598003C999500419043006351FE00BBDEAB004F
:1095A800B761C5003A6E2400D24D42004906E0007A
:1095B80009EA2E001C92D100EB1DFE0029B11C0007
:1095C800E83EA700F535820044BB2E009CE98400E4
:1095D800B4267000417E5F00D6913900538339006C
:1095E8009CF439008B5F840028F9BD00F81F3B000C
:1095F800DEFF97000F980500112FEF000A5A8B0025
:109608006D1F6D00CF7E360009CB2700464FB7008F
:109618009E663F002DEA5F00BA277500E5EBC7009C
:109628003D7BF100F739070092528A00FB6BEA0094
:109638001FB15F00085D8D00300356007BFC4600BB
:10964800F0AB6B0020BCCF0036F49A00E3A91D00F4
:109658005E619100081BE60085996500A0145F0013
:109668008D40680080D8FF0027734D000606310042
:10967800CA561500C9A873007BE260006B8CC00055
:1096880000000040FB21F93F000000002D44743E1B
:10969800000000809846F83C0000006051CC783B00
:1096A80000000080831BF0390000004020257A3834
:1096B800000000802282E336000000001DF36935B7
:1096C8000200000003000000040000000600000083
:1096D8002C2066756E6374696F6E3A20006173732F
:1096E800657274696F6E2022257322206661696C29
:1096F80065643A2066696C6520222573222C206CEB
:10970800696E65202564257325730A002E006E6630
:1097180000696E69747900616E004300504F5349C7
:10972800580042616C6C6F63207375636365656490
:109738006564002F646174612F6A656E6B696E736E
:109748002F776F726B73706163652F474E552D7459
:109758006F6F6C636861696E2F61726D2D31342F84
:109768007372632F6E65776C69622D6379677769A9
:109778006E2F6E65776C69622F6C6962632F7374E4
:10978800646C69622F6764746F612D6765746865BE
:10979800782E63005245454E54206D616C6C6F63A2
:1097A80020737563636565646564002F6461746123
:1097B8002F6A656E6B696E732F776F726B7370614A
:1097C80063652F474E552D746F6F6C636861696EC2
:1097D8002F61726D2D31342F7372632F6E65776C24
:1097E80069622D63796777696E2F6E65776C696238
:1097F8002F6C6962632F7374646C69622F6D707269
:1098080065632E6300232D302B2000686C4C0065A7
:109818006667454647003031323334353637383994
:1098280041424344454600303132333435363738C7
:10983800396162636465660034000000CEFBFFFF97
:10984800CB0300000100000000000000350000000C
:10985800CEFBFFFFCB03000001000000000000006A
:10986800BC89D897B2D29C3C33A7A8D523F64939EE
:109878003DA7F444FD0FA5329D978CCF08BA5B2510
:10988800436FAC6428066811002020202020202087
:109898002020282828282820202020202020202098
:1098A80020202020202020202088101010101010A8
:1098B80010101010101010101004040404040404F4
:1098C800040404101010101010104141414141418E
:1098D8000101010101010101010101010101010170
:1098E8000101010110101010101042424242424280
:1098F8000202020202020202020202020202020240
:1099080002020202101010102000000000000000E7
:10991800000000000000000000000000000000003F
:10992800000000000000000000000000000000002F
:10993800000000000000000000000000000000001F
:10994800000000000000000000000000000000000F
:1099580000000000000000000000000000000000FF
:1099680000000000000000000000000000000000EF
:1099780000000000000000000000000000000000DF
:1099880000000000000000000000000005000000CA
:10999800190000007D0000000080E03779C34143D2
:1099A800176E05B5B5B89346F5F93FE9034F384D3D
:1099B800321D30F94877825A3CBF737FDD4F1575E9
:1099C800000000000000F03F0000000000002440FC
:1099D80000000000000059400000000000408F40D7
:1099E800000000000088C34000000000006AF84042
:1099F8000000000080842E4100000000D012634166
:109A08000000000084D797410000000065CDCD41DB
:109A1800000000205FA00242000000E876483742BC
:109A2800000000A2941A6D42000040E59C30A2425A
:109A38000000901EC4BCD64200003426F56B0C43CF
:109A48000080E03779C3414300A0D8855734764376
:109A580000C84E676DC1AB43003D9160E458E143D7
:109A6800408CB5781DAF154450EFE2D6E41A4B444C
:109A780092D54D06CFF08044F64AE1C7022DB54491
:089A8800B49DD9794378EA444A
:089A90009C86FE7F010000002E
:089A980079B400108DF30010F9
:109AA00000700120BD310020C5310020D5310020DB
:109AB00000000000000000000000000000000000A6
:109AC0000000000000000000000000001905010077
:109AD00000000000000000009D050100A905010034
:109AE000E5310020E731002061350020EB31002016
:109AF000ED310020EF310020F1310020F331002062
:109B0000F5310020F7310020F9310020FB31002031
:109B1000FD310020FF3100200132002003320020FF
:109B20000532002007320020093200200B320020CD
:109B30000D3200200F32002011320020A535002008
:109B40001532002017320020193200201B3200206D
:109B50001D3200201F32002021320020C535002098
:109B60000348854600F006F800480047E14C002015
:109B7000007001201CB50948009009480190054675
:109B80000126009C05E0E36807CC33430C3C984772
:109B90001034AC42F7D3FFF7E7FF00002431002078
:109BA0003431002002E008C8121F08C1002AFAD18F
:109BB00070477047002001E001C1121F002AFBD14D
:109BC00070470000988B0020988B0020BC75000027
:109BD0001431002070B51D4E3078002834D0EFF3DA
:109BE0001085EFF3108072B619480068002802D083
:109BF0008047002813D03078811E032912D2012417
:109C00002046214604F0B6FB1248016804220A43AC
:109C1000026030BF0021204604F0ACFB0AE085F36F
:109C2000108870BD012805D10A48016804229143BB
:109C3000016030BF08480068002803D0317802294D
:109C400000D1804785F3108870BDC046E4CC002069
:109C5000B4F8002010ED00E0B0F80020194880476B
:109C6000194800477046EFF30881EFF30982174B5C
:109C70009847FEE77046EFF30881EFF30982144B33
:109C80009847FEE7FEE7FEE7FEE7FEE7FEE7FEE7B2
:109C9000FEE7FEE7FEE7FEE7FEE7FEE7FEE7FEE79C
:109CA000FEE7FEE7FEE7FEE7FEE7FEE7FEE7FEE78C
:109CB000FEE7FEE7FEE7FEE7FEE7FEE7FEE7FEE77C
:109CC000FEE7FEE7C9360020C130002069350020DC
:109CD00069330020F0B51FB40646002082B0054667
:109CE0004024019100901BE0019922460F46304626
:109CF00000F079F8049A059B801A994110D3104618
:109D00001946224600F05FF8361A8F410197224625
:109D100001200021009F00F056F838184D410090B6
:109D20002046641E0028DFDC019B0098294632464D
:109D300007B0F0BD30B5434351435C18010C130C20
:109D40000D465D432C1980B292B2054655435143EE
:109D50000A0C09044D1962415843010C00044019D2
:109D6000514130BD03460B439B0703D009E008C9AE
:109D7000121F08C0042AFAD203E00B780370401CBB
:109D8000491C521EF9D2704770B50446002903D011
:109D900000202022012310E0002801D00020C04331
:109DA000C046C0460DE02546D5408D4205D30D4640
:109DB0009540641B1D46954040191546521E002DC6
:109DC000F1DC214670BD10B5202A04DB0146203AA3
:109DD0009140002010BD914020239C1A0346E3408F
:109DE0001943904010BD10B5202A04DB0846203AE4
:109DF000D040002110BD0B46D340D0402024A21AF1
:109E000091400843194610BD82B001920F460646A4
:109E100000F038FAEFF30881414804F0A9FF082464
:109E2000344001D0404800E03E4805F0EBF90425FD
:109E3000354001D03EA000E03C4805F0E3F940A0E9
:109E400005F0E0F9002D009700D0019F396840A08F
:109E500004F08EFF796842A004F08AFFB96844A03C
:109E600004F086FFF96846A004F082FF396948A033
:109E700004F07EFF79694AA004F07AFFB9694CA02A
:109E800004F076FFF9694EA004F072FF00F0CEF9FD
:109E900002F0E4F8EFF308810120C00304F070FA47
:109EA0004B48314604F06CFA4A48009904F068FACD
:109EB0004948019904F064FA484E002C01D0F01C86
:109EC00000E0301D80B204F061FA002D01D0701D59
:109ED00000E0B01D80B204F059FA3968404804F03F
:109EE0004FFA79683F4804F04BFAB9683E4804F0ED
:109EF00047FAF9683D4804F043FA39693C4804F0F0
:109F00003FFA79693B4804F03BFAB9693A4804F0F2
:109F100037FAF969394804F033FA02F09FF8FEE79E
:109F200066880020AD8800208E8800209F88002051
:109F30005573696E67207533325073702E000000C0
:109F4000537461636B206672616D653A00000000B6
:109F5000523020203A203078253038580A0000004E
:109F6000523120203A203078253038580A0000003D
:109F7000523220203A203078253038580A0000002C
:109F8000523320203A203078253038580A0000001B
:109F9000523132203A203078253038580A000000FB
:109FA0004C5220203A203078253038580A000000E2
:109FB000504320203A203078253038580A000000DD
:109FC000785053523A203078253038580A00000033
:109FD0000180000002800000038000000180FFFF7C
:109FE00008800000098000000A8000000B8000004B
:109FF0000C8000000D8000000E8000000F8000002B
:10A0000080B504F0C9F980BD14460D46064600F03F
:10A0100039F904A031462A46234604F0A9FE00F08F
:10A0200005F9FEE74E4D495F48616E646C65723A12
:10A0300020253038582C20253038582C2025303811
:10A04000580A000010B582B001AC204604F0AAF90D
:10A05000019804F0ADF96078000601D501F06AF9C5
:10A0600002B010BDF0B585B0002503953B4C04AEA1
:10A070002046314604F0A2F9308808210140012031
:10A080000190C607002907D0204604F09DF96420FE
:10A0900004F0A0F932480660032103AA204604F028
:10A0A0009FF93048046803E004F0C8F82C480660C3
:10A0B000002C25D02046A46A017D0029F4D1417DE1
:10A0C0000129F1D0817D0229F2D102A90746234856
:10A0D00004F08CF93846BA68FB6802999A4204D2B7
:10A0E0009142E5D3994204D3E2E7994201D39142E8
:10A0F000DED3C1690029D7D0006A88473846D3E744
:10A10000009618480668002E18D00021029A0D46C5
:10A11000124804E01D461148B66A002E10D0B37DE7
:10A12000022BF9D1B368CC0705D0AC1A9F1AA7420D
:10A13000F0D32B46EEE71D460199EDE72946074887
:10A14000C90709D003998D4206D003212A4604F09D
:10A1500053F900980249086005B0F0BD0030056071
:10A1600000E200E090CD0020014802490160704704
:10A1700008ED00E00030002070B55D4D29685B4EB1
:10A1800030680024224604F03DF9306829682246F0
:10A1900004F03EF954480168C348814201D02D20A3
:10A1A00000E02C2003225207914200D12B2004F022
:10A1B00035F970BD70B5032465071024AA4205D097
:10A1C000104DAA4202D0B84DAA4219D180250543AC
:10A1D0000D4EB54214D1049C274D2C60002C04D0A8
:10A1E000274C00252580254C2580404C20603E488A
:10A1F00002603F4801604048036000F043F80446B5
:10A20000204670BD0008006080B004601C480088D3
:10A2100080B21A49098889B2081A41424141164858
:10A2200002685042504108437047C046F0B581B0C3
:10A23000114C2068002805D0104D2888104E318818
:10A24000884201D101B0F0BD274F04E0288081B2DF
:10A2500032889142F6D080B221680968095C38687A
:10A2600004F0E2F8206881882888401C82B28A4283
:10A27000ECD30020EAE7C046F4CC00209CCD0020BF
:10A280009ACD0020F0B583B0174D28680321490707
:10A29000884205D08449884205D108242C2004E056
:10A2A00004242B2001E00C242D2004F0C3F80F4ED1
:10A2B00030680F4F3968224604F0C2F8002801D0F8
:10A2C00003B0F0BD39683068022204F0A1F800281C
:10A2D000F6D108480290084800680190286801A952
:10A2E00004F0B4F803B0F0BDFCCC0020F8CC0020A2
:10A2F000A4CD002021300101A8CD0020F0B58DB003
:10A30000282004F097F80A2004F094F80B2004F0B9
:10A3100091F80C2004F08EF80D2004F08BF80E203C
:10A3200004F088F80F2004F085F8102004F082F87B
:10A33000352004F07FF8112004F07CF812200390FF
:10A3400004F078F8002420462146224604F084F8E0
:10A3500004F088F804F08CF800F05AF901200103A9
:10A36000074602904D4881804D4A026000904D4D55
:10A3700028468030E122D6024B4A3346FFF71AFFC7
:10A380004AA057A159A204F0F3FC032040077A0722
:10A390002946334601F088FF574803F0F7FF574836
:10A3A000574F394604F06AF85648574E314603F085
:10A3B000E7FF56483422039904F066F85448554D97
:10A3C00039462A4604F066F85348544A314604F0A8
:10A3D00067F85348534A314604F068F85248562209
:10A3E0007823394604F068F85048514B39462A46DC
:10A3F00004F068F84F48AB22CD23314604F068F8EA
:10A400004D484E4A4E4B314604F068F804A990205E
:10A4100008714C4804904C48052204F065F801F09E
:10A4200005F900F035FF00F0E3FD01F011F847A059
:10A430000399224600F0F6FD00F0FAFA01F0BCF8AC
:10A4400001F02AF91721204604F054F80298C005BB
:10A4500043490860FF210906424A13688B43136091
:10A460004149086002204149414A01F06FF9C82082
:10A4700004F046F83FA004AA114668C868C168C83D
:10A4800068C168C868C14448214604F03FF804F038
:10A4900043F804F047F80DB0F0BDC04608CD0020E9
:10A4A00018D7002000B00460000400605B25732012
:10A4B000542025735D626C652070657269706865F3
:10A4C00072616C2070726F6A6563742863702920F2
:10A4D000737461727420746F20776F726B2E0A0030
:10A4E00053657020313220323032360031343A3107
:10A4F000363A333700000000C0800000C180000001
:10A5000034120000C280000078563412C38000006C
:10A51000C480000078560000C58000002143000080
:10A52000C680000021436587C7800000C880000006
:10A53000CDAB0000C9800000CA800000BBAA0000AB
:10A54000DDCC000012345678CB8000005375706566
:10A55000725F536D6172745F5261636B657400006A
:10A5600080E200E014E400E000E100E0854C00201F
:10A57000754C00206C8B0020000000006CF800205F
:10A5800044000000B0D100200004000018000000CA
:10A590000100000000000000954A0020B0B503460D
:10A5A0001020002B22D0012920D8EFF31084EFF3E4
:10A5B000108572B69D7D002D02D084F31088B0BD49
:10A5C00000209862DA611976012199752D490A688F
:10A5D000002A02D10B600021D9622B490A68002AA7
:10A5E00001D09362DA620B6084F31088B0BDC0467C
:10A5F00001461020002909D08A7D002A06D00122B8
:10A600004A750020C875D107374A11607047C046A7
:10A61000F0B581B0052003F00DFF2A4D0024284637
:10A62000214603F085FF0127F80713490860FF263C
:10A630003106124A13688B430321890759181160A8
:10A640000F4908601F21204603F054FF7902284675
:10A6500003F074FF0821284603F076FF28463146B0
:10A6600003F078FF284603F07BFF064804600648A5
:10A670000460204601B0F0BD80E200E01CE400E090
:10A6800000E100E090CD002094CD002010B5102313
:10A69000002815D0847D002C12D042624160014612
:10A6A0001031084A0446104603F0A0FE0220E0756F
:10A6B000FF200230A0820120C0070B490860002360
:10A6C000184610BD0030056001461020002909D051
:10A6D0008A7D002A06D001204875C875C007024946
:10A6E000086000207047C04600E200E084B0104CD3
:10A6F000104D04E0621C81B2104603F0BFFE2868D2
:10A700000022D34301A903F031FF0028F2D101A8B0
:10A7100003F032FF02990029F1D00398002802D0FB
:10A7200003F030FFEBE7204603F030FEE7E7C046DA
:10A7300002600000148C002080B50A460021FFF75B
:10A740002DFF4142484180BD80B5FFF751FF414296
:10A75000484180BD80B5FFF799FF4142484180BD27
:10A7600080B5FFF7B1FF4142484180BDF0B593B0DD
:10A770007E48012103F00CFF0026002800D1D9E01B
:10A780007B4803F00BFF002800D1D3E0794803F0A9
:10A790000BFF002800D1CDE077480124214603F0CB
:10A7A00009FF002800D1C5E0042000907348744AD6
:10A7B00010210B4603F004FF002800D1BAE07148D5
:10A7C000062103F003FF002800D1B3E06E48022108
:10A7D00003F002FF002800D1ACE0250200206B4905
:10A7E0006B4A131859601D8149191C307028F8D123
:10A7F00000206849684A1318596028261E812831AC
:10A800001C307028F7D165480D9064A041688268BB
:10A81000C06810900F920E910DA803F0E3FE00287F
:10A8200000D186E001940020604A614B1918CA608B
:10A830000D8241218900521830303028F6D003951E
:10A84000BF20C5435B4F28465B4A1418CC22A75053
:10A85000D023E6522C373030F6D102920024574FE5
:10A8600057480019C7600A46039901821146BF186C
:10A870003034302CF4D05349534C029A6019815033
:10A88000C6522C313035F9D150A104A8024678C9FE
:10A8900078C278C978C203F0ABFE0028039C48D088
:10A8A00000205249524A13189C819960091920309E
:10A8B0002028F8D04E480222214603F09FFE0028AF
:10A8C00037D000204B494C4A115013189C8009196D
:10A8D00010301028F8D048480222214603F094FE98
:10A8E0000026002826D045480DAA114638C838C190
:10A8F00038C838C14020082103F08CFE4049086068
:10A9000000281AD03F4804AA114638C838C138C8B0
:10A9100038C138C838C13C480026314603F0F6FD3E
:10A9200007463A480760002F0BD0394803F078FEFD
:10A930000AE00026304613B0F0BD384804F062FC4F
:10A94000F8E7344804F05EFC019C002FF2D003F0DD
:10A950006DFE0398F43003F06FFE7D2040012E4918
:10A9600003F070FE03F074FE2646E3E7509F0020DC
:10A9700020A20020E8A00020C09A002098A4002077
:10A98000A8A40020A8A6002038A40020D8AA00204F
:10A9900008A30020E8B60020B8A4002008A30020E7
:10A9A00000010400B8A4002028000400E0B000204A
:10A9B000D8A3002038B80020E8A50020D8AE002099
:10A9C00078A3002088B7002028A50020D8A3002065
:10A9D00000010200E8A500202800040078A3002060
:10A9E0000001020028A5002028000400D8A60020AD
:10A9F0007C9A0020D8A80020309F0020B887002033
:10AA00007CB9002094870020294C002044B9002004
:10AA100085760020F9880020AC0D0000E288002037
:10AA20005A480088081A41424141C8007047C04650
:10AA3000F0B583B03B4900253B4B28462A4601F040
:10AA400045FF002867D00095019581204300374CD1
:10AA5000284621462A4601F0CDFE00285BD04B490E
:10AA600008800D20019032480090611C00200223D4
:10AA7000024601F0BFFE00284DD00E2601962D485B
:10AA80000090A11C0025022328462A4601F0B2FEB0
:10AA9000002840D01227019727480090E11C029619
:10AAA000022628462A46334601F0A4FE0197234891
:10AAB0000090211D28462A46334601F09BFE01974F
:10AAC0001F480090611D28462A46334601F092FE39
:10AAD00001971C480090A11D28462A46334601F0E4
:10AAE00089FE0298019018480090E11D28462A46E8
:10AAF000334601F07FFE07200190144800902D346A
:10AB0000284621462A46334601F074FE01F0A4FE91
:10AB100003F0A4FD03E00E4804F074FB0125284671
:10AB200003B0F0BD0A180000D0870020232A0000DF
:10AB30003488002044880020F88700200C880020FA
:10AB40005488002020880020E8870020848B002083
:10AB5000C388002010B50D480088814214D1082018
:10AB6000002B10D00A490A68496819711A700C0E36
:10AB7000DC710C0C9C71090A5971110ED970110C01
:10AB80009970110A597010BD002010BDA0CD002091
:10AB9000D8F7002070B5401E622800D9A6E14D1CF0
:10ABA0004000C04678448088400087446200DA0054
:10ABB0009D0022014801B800EE0003017001570119
:10ABC0009F019F019F019F019F019F019F019F0185
:10ABD0009F019F019F019F019F019F019F019F0175
:10ABE0009F019F019F019F019F018200C8008B0070
:10ABF00079009F011301190188019F019F019F01A5
:10AC00009F019F019F019F019F019F019F019F0144
:10AC10009F019F019F019F019F019F019F019F0134
:10AC20009F019F019F019F019F017F019F019F0144
:10AC300073009A009501760088007F00D7007C00A1
:10AC40009B019F0198019F019F019F019F019F010F
:10AC50009F019F019F019F019F019F0185009F010F
:10AC60009F019F019F019F019F019F019F01B500CF
:10AC70001F018878CA7812021218DB480C46114668
:10AC800003F0FCFBA078E17809020918D74804F02A
:10AC90006FF870BD09789F4826E109789A4823E14A
:10ACA0000988A34820E1097893481DE10978944870
:10ACB0001AE10988A14817E10978974814E1097851
:10ACC000904811E1881C00220C46114603F0CCFC90
:10ACD00001462078627812021218964803F0E0FBD1
:10ACE00070BD09788A48FFE008794A791202141881
:10ACF000CB782A78B4480E46214603F0DDFB307944
:10AD000071790902091828786A7812021218F37802
:10AD1000AE4804F02DF870BD09788048E4E028784A
:10AD2000697809020918A878EA7812021218A87935
:10AD3000EB791B021B18944803F0C4FB70BD881C00
:10AD400000220C46114603F08FFC01462078627801
:10AD500012021218784803F0A3FB70BD0978674807
:10AD6000C2E0CA782B789E480C46194603F08CFB4B
:10AD70002878697809020918E2789A4803F0F8FF00
:10AD80000020012103F076FC70BD8878CA78120299
:10AD900014184B790A797A480D46214603F08CFB4A
:10ADA000A878E978090209186B792A79754803F0BF
:10ADB000DFFF70BDCA782B7887480C46194603F030
:10ADC00063FB2878697809020918E278834803F060
:10ADD000CFFF70BD0878497809020918534883E00D
:10ADE0008A780978504803F04FFB70BD09785448C1
:10ADF0007AE008794A791202121866480C46114620
:10AE000003F03CFB211D6448082203F06DFB207910
:10AE1000617909020818A1790904E279120651182A
:10AE20000A18207A617A09020818A17A0904E37ADB
:10AE30001B0659180B1859A003F09AFF70BD0B8917
:10AE4000CA888C8851480D46214603F03BFB2B896C
:10AE5000EA88A9884E4803F08BFF70BD08784A78CD
:10AE6000120213188878CA781202121835480C4654
:10AE7000194603F00FFB2078617809020918A078C1
:10AE8000E2781202121830A003F072FF70BD287829
:10AE90006978090209184E4803F0F0FA28786978B1
:10AEA000090209184B4803F063FF70BD0B78C8789E
:10AEB0004042C2B21A48194603F0E6FA70BD08785B
:10AEC0004A7812021318887AC97A09020A181548B2
:10AED000194603F0DFFA70BD09780C4804E00978E0
:10AEE000034801E00978034803F0C8FA70BDC04682
:10AEF0002BA000002AA0000029A0000028A000002C
:10AF000027A0000026A0000025A0000024A000002B
:10AF100023A0000022A000002CA0000033A000000D
:10AF200021A0000016A0000015A0000014A0000041
:10AF300013A0000012A0000011A0000010A000004B
:10AF400034A000000FA000005B4D53475F424C450A
:10AF50005F4D54555F45584348414E4745445F490E
:10AF60004E445D2048616E646C65203D203078253C
:10AF7000582C206D7475203D2025640A00000000C7
:10AF80000EA00000798900200DA000000CA0000098
:10AF9000CC8A00200AA000000BA000005B4D5347A4
:10AFA0005F424C455F4C4C5F464541545255455FAE
:10AFB000494E445D2048616E646C65203D203078C8
:10AFC000254C580A0000000009A00000418A00201A
:10AFD00008A00000128A002007A00000C8890020F5
:10AFE00005A00000938A002003A000003B8B0020F6
:10AFF00080B5024803F044FB80BDC046F540002008
:10B000002F480088411A4842484170472C48008820
:10B01000884205D10120002B01D000211970704712
:10B0200000207047F0B583B014460D460146202D30
:10B0300000D320251F4F38462A46FEF793FE200AEC
:10B040001D4E707034700320C10200201B4B02465D
:10B0500001F03CFC0124002828D000970195152020
:10B06000450200200227294602463B4601F0C2FB6A
:10B0700000281BD000960197691C002630463246F6
:10B080003B4601F0B7FB002810D000960196A6358C
:10B090008120430030462946324601F0ABFB0028B0
:10B0A00004D00749088001F0D7FB3446204603B09E
:10B0B000F0BDC046C4CC0020C0CC0020DC870020FE
:10B0C00098CD002000207047F0B597B00124A10270
:10B0D0004548464A10252B4601F056FC44A00BA9D2
:10B0E0004CC84CC14CC84CC147A002AA1146C8C8A4
:10B0F000C8C1C8C8C8C12421284603F0C7FA4849B6
:10B100000860002812D047A011AA114668C868C17B
:10B1100068C868C10820802103F0B8FA4749086070
:10B12000002807D103204003401C01E00320400316
:10B1300003F02CF940200C210BAA03F06BFA4049D4
:10B14000086000281CD03FA002AA114668C868C148
:10B1500068C868C168C868C14348002103F0D6F9CF
:10B1600042490860411E05468D41002833D08020A9
:10B1700003F092FA3E4803F095FA002D03D127E040
:10B180000025002D24D02602009610212822082315
:10B19000204603F08DFA68363648314603F08EFAC1
:10B1A00033208101344803F08FFA344802213022E1
:10B1B00003F090FA03F094FA314803F097FA31481B
:10B1C00003F09AFA304803F09DFA304803F0A0FAF1
:10B1D000284617B0F0BD03204003093003F0D6F82D
:10B1E000002DD0D1F4E7C04618E7002010CD002094
:10B1F0002489002000000000E08B002034000000C3
:10B20000188C0020000600005E890020000000006D
:10B21000E0F700202400000080CA00204002000067
:10B22000F0CC0020378900200000000004F8002046
:10B230002400000080C6002000040000ECCC0020A8
:10B24000148C00205189002001000000988B002000
:10B2500044000000189200200008000020000000B8
:10B2600000000000000000004D3C0020DC8B0020AE
:10B27000AD750020B0D5002018EB0020189A0020F2
:10B28000993C0020B53C0020C13C0020A93C002096
:10B2900010B502F087FD00240221204603F02AF9B0
:10B2A000124804220260FF20000411490B68834306
:10B2B0000B60104802600F200321072303F02EFAD1
:10B2C00000F03CF8FFF752FA002807D0FFF7FCFE29
:10B2D000002805D001F03CFA204610BD06A000E091
:10B2E0000CA003F08FFF012010BDC04680E200E0FB
:10B2F00000E400E000E100E0626C655F636F6E7483
:10B30000726F6C6C65725F696E6974206572726FC2
:10B31000722E0000626C655F686F73745F696E699E
:10B3200074206572726F722E0000000080B503F009
:10B33000FBF980BD80B503F0FDF980BD10B52B4849
:10B3400003F0FEF92A4803F001FA2A4803F004FA50
:10B35000294803F007FA294803F00AFA284803F0BD
:10B360000DFA284803F010FA274803F013FA27488B
:10B3700003F016FA264803F019FA264803F01CFADF
:10B38000254803F01FFA254803F022FA244803F069
:10B3900025FA244803F028FA234803F02BFA23481F
:10B3A00003F02EFA224803F031FA224803F034FA6F
:10B3B000214803F037FA214803F03AFA204803F015
:10B3C0003DFA204803F040FA1F4803F043FA1F48B3
:10B3D00003F046FA0020C4432046214603F046FA13
:10B3E0002046214603F048FA10BDC046D3BC0200F7
:10B3F000B3BC0200BBBC0200CBBC0200C3BC020059
:10B40000B9550100695601006127020001270200B9
:10B4100015270200710B02005D2402003126020094
:10B420009D2502008D260200F9250200C526020096
:10B430007D270200752702007D0B0200D9E9030079
:10B4400001E803003DE70300C5EA03009DEA0300AD
:10B45000F0B58DB0022003F015FA092401AE0625DF
:10B46000204631462A4603F013FA317870780A46AE
:10B470000243120605D10BA82649818026480B906D
:10B4800012E0C2B20BA8C27001AA5379437193783B
:10B4900083700B090901C9180171D1783F23194044
:10B4A00041701179194001700BA803F0F7F91B489E
:10B4B00007A90A46C8C8C8C203881380807890705C
:10B4C0000026304603F0F0F906A98D708120400077
:10B4D0000880032530462A4603F0ECF901AF7C7062
:10B4E00013203870B81C0EA11222FEF73BFC142268
:10B4F0003046394603F0E4F9304603F0E7F9052118
:10B500001022284603F0E8F90121304603F0B2F892
:10B510000DB0F0BD03BA000055404D0384870020F4
:10B5200053757065725F536D6172745F5261636BC6
:10B5300065740000F0B581B0F720400069460880CE
:10B54000114D124E124C06E001206946022200F015
:10B5500021F8B74215D12F68B742F5D1002029183C
:10B56000097C2154401C1828F9D1BFF35F8F0120BA
:10B570001822214600F00EF8C82002F0C1FFB742A1
:10B58000E9D001B0F0BDC046005C012044524853F0
:10B59000B800012010B504460120002C0AD0134643
:10B5A0000A46002906D0002B04D01E4801882046F8
:10B5B00003F098F910BDC04670B582B00124E102D5
:10B5C0001448154A102301F0DFF9144E0025144BDE
:10B5D000284631462A4601F079F9002816D0009510
:10B5E000019511200301701C81B228462A4601F002
:10B5F00001F900280AD00B49088003F079F90A49BB
:10B600000880002802D001F027F92C46204602B01D
:10B6100070BDC046B8F80020D0000120F0FF000047
:10B620008C8B002052010120500101200348044965
:10B6300001600448044901607047C046300B002097
:10B64000ED7600202C0B0020E958002010B582B0C8
:10B650000E490A68002A0CD00D490B881468E05482
:10B6600094885A1C93B2A34200D300220A8002B0ED
:10B6700010BD01A90870074A136801220446184644
:10B6800003F03CF9204602B010BDC046F4CC0020C7
:10B690009ACD0020FCCC002001480249016070478F
:10B6A000280B0020094C002080B5FEF7BFFD7D204F
:10B6B000800002F08FFE00F013FE962002F08AFE5A
:10B6C000FEF788FA80BD000082B00A4D0AA403E0AC
:10B6D0000146204603F04CFB28680022D34369460C
:10B6E00002F044FF0028F3D10199009803F00CF90F
:10B6F000F2E7C0467CB900206C6C635F7461736BC9
:10B7000020676574206D7367206661696C65643AB3
:10B7100025750A0080B5FEF7B5FD00F0EDFD03F0DC
:10B72000F9F880BD10B50024FFF700FE00280AD00C
:10B73000FEF76CFD002806D0FEF71EFD00F09AFD16
:10B7400003F0EEF80124204610BD000010B5094BAF
:10B750001960094908700948026001200024214647
:10B7600002F008FE03210A220523204602F0D6FF3C
:10B7700010BDC046B4F80020E4CC0020B0F8002092
:10B780008AB009A001AC21462CC82CC12CC82CC100
:10B790002CC82CC103F0CAF80C480021224602F044
:10B7A000B5FE03F0C9F8FEE7638B0020010000003E
:10B7B00028F8002044000000B0CD00200004000064
:10B7C0001800000000000000000000005D380020AC
:10B7D000F0B583B0EFF31083EFF3108172B6E14957
:10B7E0000D88E14AE14C2188A94202D3AD186D1AB7
:10B7F00001E0CE43AD19ADB2052D0FD92688B61D97
:10B8000026802688964203D92688D94FF6192680A5
:10B8100083F31088062D05D203B0F0BD83F31088A2
:10B82000062DF9D301AB00245C711C71D870C624BD
:10B830005C70FE241C70000A9870501A401C84B280
:10B84000062C0BD2CB4D681801AE31462246FEF7CE
:10B8500089FA31190620021B284603E0C548401822
:10B8600001A90622FEF77EFA03B0F0BDF0B583B061
:10B87000EFF31084EFF3108272B6BA4A1688BA4B0F
:10B88000BA4D2A88B24202D3F618B61A01E0D7435D
:10B89000F619B6B2052E10D92F88BF1D2F802F881C
:10B8A0009F4204D92F88E84BFB182B80E44B84F38C
:10B8B0001088062E05D203B0F0BD84F31088062E42
:10B8C000F9D31D4601AB5971D870C6245C70FE24B3
:10B8D0001C70090A1971000A9870A81A401C84B2D9
:10B8E000062C0BD2DA4DA81801AE31462246FEF7DF
:10B8F00039FA31190620021B284603E0D448801883
:10B9000001A90622FEF72EFA03B0F0BDF0B587B00C
:10B9100002910390EFF31081EFF3108372B6C74BDF
:10B920001F88C74CC74E3388BB4203D325463C19FA
:10B93000E71A02E02546DC433F19BFB2072F11D9B1
:10B940003488083434803488AC4205D9308801907A
:10B95000F14C01980419348081F31088082F05D226
:10B9600007B0F0BD81F31088082FF9D32E4604AC40
:10B97000E271029961710398E070B44D2580120A5A
:10B98000A271090A2171000AA070F01A401C84B249
:10B99000082C0ED2E24DE81804AE31462246FEF7DE
:10B9A000E1F931190820021B2846FEF7DBF907B040
:10B9B000F0BDDB480499C154C018059A130EC37139
:10B9C000130C8371130A437102710A0EC2700A0CC0
:10B9D0008270090A417007B0F0BDC046F0B587B06B
:10B9E000019202910390EFF31082EFF3108472B68C
:10B9F000C64C2488C64DC74F3E88A64202D3641960
:10BA0000A41B03E02846F54364190546A4B2092C9B
:10BA100014D928463D880A353D803D888542054633
:10BA200006D939880091F44D00994D193D8005469D
:10BA300082F310880A2C05D207B0F0BD82F310887B
:10BA40000A2CF9D304A84372019AC2710299417178
:10BA50002F46039DC570B14C04801B0A0372120A65
:10BA60008271090A0171290A8170B81B401C84B2D5
:10BA70000A2C0BD2E14DA81904AE31462246FEF73E
:10BA800071F931190A20021B284603E0DB488019AE
:10BA900004A90A22FEF766F907B0F0BDF0B585B03B
:10BAA00000930192EFF31082EFF3108472B6CF4C43
:10BAB0002488CF4BCF4F3E88A64202D3E418A41B64
:10BAC00001E0F5436419A4B2072C10D93D8808356C
:10BAD0003D803D889D4204D93B88FD4D5B193B80EC
:10BAE000F94B82F31088082C05D205B0F0BD82F323
:10BAF0001088082CF9D302AA009CD471019C94717F
:10BB00005171D0701C46514B1380090A1171000A03
:10BB10009070A01B401C84B2082C0ED2EE4DA819C8
:10BB200002AE31462246FEF71DF931190820021BEC
:10BB30002846FEF717F905B0F0BDE7480299815590
:10BB40008019039A130EC371130C8371130A437186
:10BB500002710A0EC2700A0C8270090A417005B0A7
:10BB6000F0BDC046E8B80020FF030000EAB800209E
:10BB700000FCFFFFE8B20020F0B583B0EFF31084C3
:10BB8000EFF3108272B6CF4A1688CF4BCF4D2A887A
:10BB9000B24202D3F618B61A01E0D743F619B6B28C
:10BBA000072E10D92F8808372F802F889F4204D95D
:10BBB0002F88F74BFB182B80F44B84F31088082E4A
:10BBC00005D203B0F0BD84F31088082EF9D31D46CA
:10BBD0006B46D971D8701D4C1C800C0A9C710C0CE2
:10BBE0005C71090E1971000A9870A81A401C84B281
:10BBF000082C0ED2E84DA8186E4631462246FEF7B4
:10BC0000B1F831190820021B2846FEF7ABF803B043
:10BC1000F0BDE148009981548018019A130EC37158
:10BC2000130C8371130A437102710A0EC2700A0C5D
:10BC30008270090A417003B0F0BDC046E8B8002028
:10BC4000FF030000EAB8002000FCFFFFFEC8000070
:10BC5000E8B20020F0B587B002920390EFF31082B3
:10BC6000EFF3108372B6F94B1F88F94CF94E338805
:10BC7000BB4203D325463C19E71A02E02546DC43C4
:10BC80003F19BFB2092F11D934880A34348034885F
:10BC9000AC4205D930880190EF4C019804193480EA
:10BCA00082F310880A2F05D207B0F0BD82F3108806
:10BCB0000A2FF9D32E4604AC029A6272E1710398FE
:10BCC000E070B44D2580120A22720A0AA2710A0C91
:10BCD0006271090E2171000AA070F01A401C84B232
:10BCE0000A2C0BD2EE4DE81804AE31462246FEF780
:10BCF00039F831190A20021B284603E0E848C01829
:10BD000004A90A22FEF72EF807B0F0BDE8B800201B
:10BD1000FF030000EAB8002000FCFFFFFECA00009D
:10BD2000E8B20020F0B587B0019302920390EFF3E0
:10BD30001083EFF3108472B6D74C2488C44DD74FCC
:10BD40003E88A64202D36419A41B03E02846F543AB
:10BD500064190546A4B20B2C14D928463D880C352D
:10BD60003D803D888542054606D93A880092BA4D05
:10BD7000009A55193D80054683F310880C2C05D296
:10BD800007B0F0BD83F310880C2CF9D304AC019BF1
:10BD9000E372029F6772E1712A46039DE5704D4888
:10BDA0002080180AA072380A2072080AA071080CB4
:10BDB0006071080E2071280AA070901B401C84B28C
:10BDC0000C2C0BD2B64DA81904AE31462246FDF715
:10BDD000C9FF31190C20021B284603E0B048801926
:10BDE00004A90C22FDF7BEFF07B0F0BDE8B80020A3
:10BDF000FF030000EAB8002000FCFFFFE8B20020CB
:10BE0000F0B585B00190EFF31080EFF3108372B6B8
:10BE1000A14B1F888E4CA14E3388BB4203D32546CD
:10BE20003C19E71A02E02546DC433F19BFB20B2F4D
:10BE300013D934880C3434803488AC422C4606D96B
:10BE400034880094844C009D2C193480804C80F3FD
:10BE500010880C2F06D205B0F0BD80F310882C4658
:10BE60000C2FF8D302ADEA72E9710198E87026460A
:10BE7000184C2C80140AAC72140C6C72120E2A72BC
:10BE80000A0AAA710A0C6A71090E2971000AA870BF
:10BE9000F01A401C84B20C2C0BD2F54DE81802AEFF
:10BEA00031462246FDF75EFF31190C20021B284661
:10BEB00003E0EF48C01802A90C22FDF753FF05B0BC
:10BEC000F0BDC046E8B80020FF030000EAB800203B
:10BED00000FCFFFFFECC0000E8B20020F0B585B00A
:10BEE00000930192EFF31082EFF3108472B6DC4CF2
:10BEF0002488DC4BDC4F3E88A64202D3E418A41B06
:10BF000001E0F5436419A4B2092C10D93D880A3523
:10BF10003D803D889D4204D93B88D44D5B193B80D0
:10BF2000D04B82F310880A2C05D205B0F0BD82F305
:10BF300010880A2CF9D302AA009C5472019C147236
:10BF4000D171D0701C46134B13800B0A93710B0CEC
:10BF50005371090E1171000A9070A01B401C84B22D
:10BF60000A2C0BD2C24DA81902AE31462246FDF76B
:10BF7000F9FE31190A20021B284603E0BC4880194B
:10BF800002A90A22FDF7EEFE05B0F0BDFF03000096
:10BF900000FCFFFFFECA0000E8B20020704700006E
:10BFA000F0B585B001920291EFF31082EFF31083A8
:10BFB00072B6AB4B1F88AB4CAB4E3388BB4203D33E
:10BFC00025463C19E71A02E02546DC433F19BFB27B
:10BFD000052F11D93488A41D34803488AC4205D98A
:10BFE00031880091A14C00990C19348082F310889B
:10BFF000062F05D205B0F0BD82F31088062FF9D3C5
:10C0000003AC0199617102992171E070C6216170E0
:10C01000FE212170000AA070E81A401C84B2062C90
:10C020000BD2934DE81803AE31462246FDF79AFE37
:10C0300031190620021B284603E08D48C01803A9C9
:10C040000622FDF78FFE05B0F0BDC046E8B800201F
:10C05000FF030000EAB8002000FCFFFFB0B5284D48
:10C060002A68002A16D07E4801887F4B1C888C42A3
:10C0700010D004807E4840188C4202D9611A89B2DF
:10C0800007E001239B02591A89B290472A68784831
:10C0900021469047B0BDC046E8B80020EAB800206D
:10C0A000E8B200201449154A0A601549086015488D
:10C0B0001549016015481649016016481649016086
:10C0C0001648174901601748174901601748184971
:10C0D0000160184818490160184819490160194859
:10C0E0001949016019481A4901601A481A49016042
:10C0F0001A481B4901607047C40D0020314D0020D3
:10C10000789A0020C80D0020CD4D0020D80D0020C9
:10C11000D9500020EC0D0020FD540020F00D00202F
:10C1200001550020CC0D00206D4E0020DC0D0020BC
:10C13000B5510020E40D002061530020D40D0020F3
:10C14000FD4F0020D00D00203D4F0020E80D0020C5
:10C150003D540020E00D002085520020F40D002009
:10C16000C5560020F0B583B0144601910090EFF35E
:10C170001080EFF3108372B6394B1D88394A3A4B61
:10C180001E88AE4202D3AD18AD1B01E0F743ED1996
:10C19000AFB2142C00D31424651C3E222A40151D76
:10C1A000AF4205D280F31088AF4210D203B0F0BD89
:10C1B0001A8852191A801A882A498A4203D919887A
:10C1C0002A4A8A181A8080F31088AF42EED302A957
:10C1D0000098C870FE220A70000A8870C0200543CB
:10C1E0004D70204FB81B401C85B22148042D0DD244
:10C1F000801902AF39462A46FDF7B4FD7919194F67
:10C200000420421B1A48FDF7ADFD08E00299815554
:10C2100080190A0EC2700A0C8270090A4170321D20
:10C2200090B2B84202D911483018021D90B2B91A22
:10C23000491C8DB2A5420AD20D4E3018019F3946D5
:10C240002A46FDF78FFD7919621B304603E0084945
:10C25000081801992246FDF785FD03B0F0BDC046E0
:10C26000E8B80020FF030000EAB8002000FCFFFF50
:10C27000E8B2002010B500242046FFF713FF3E4827
:10C2800001683C480068224602F0BCF803204007E1
:10C2900037490968814203D02C2002F0BFF810BD55
:10C2A0002B2002F0BBF810BD10B503246407A04298
:10C2B00005D0094CA04202D0084CA0420AD1304C13
:10C2C00023602D4B1A602A4A10602A48016000F052
:10C2D00013F810BD002010BD0008006000040060CD
:10C2E00080B5FFF7BBFE80BD80B50A4601462048F9
:10C2F000006802F003FB80BDF0B583B00320450762
:10C300001B4C2668AE4201D02C2000E02B2002F00E
:10C3100091F8AE4201D0082200E00422154E3068A8
:10C32000154F396802F08CF801460120002901D030
:10C3300003B0F0BD054639683068022202F068F8A3
:10C34000002802D0284603B0F0BD0C4802900C48EB
:10C3500000680190206801A902F078F8002802D056
:10C36000002003B0F0BD0748FFF79CFEEAE7C04697
:10C3700004CD002000CD0020E8CC002021300101B8
:10C38000ACCD0020495800200C460546FDF77AFF49
:10C390000EA002F037FF11A0294602F0E9FC14A01C
:10C3A000214602F0E5FCFDF741FFFFF757FE154877
:10C3B00001F0ECFF1448294601F0E2FF1348214642
:10C3C00001F0DEFFFFF74AFEFEE7C0466F7320650F
:10C3D0007272206F6363757273000000636F64652F
:10C3E00020202020203A203078253038580A0000BC
:10C3F0006F626A6563745F69643A2030782530380B
:10C40000580A000010800000118000001280000017
:10C41000F0B583B01C4616460F46029009891348B2
:10C42000089D2A4602F036F8F888C00513D4029415
:10C430003C8A0E48401C2146324602F02BF8A01BD5
:10C4400081B2A94200D80546AAB27869811902983A
:10C45000FDF788FC07E039890095029832462346AB
:10C4600000F0E4FD0546A8B203B0F0BD1551000090
:10C47000F0B585B01D4616460F46012101701478AF
:10C48000384602F05FFA002800D16EE0009701956F
:10C490000746C8379D490546481C214601F0EEFF76
:10C4A000D8350295601E512800D9D9E04000C04619
:10C4B000784480884000874451005D006F009500FB
:10C4C0009A00A100A700AE00B400BB00C000C700E6
:10C4D000CC00D300D300D900DF00E600EC00D3008D
:10C4E000D300F300F90000010501D3000C01D300D3
:10C4F00013011A01D300D300D300D300D300D3001B
:10C50000D300D300D300D300D300D300D300D30093
:10C51000D300D300D300D300D300D300D300D30083
:10C52000D300D300D300D300D300D300D300D30073
:10C53000D300D300D300D300D300D300D300D30063
:10C54000D300D300D300D300D300D300D300D30053
:10C55000D300D300D300D300D3001E01029C204699
:10C560003146019A02F0F4F9CBE0684801F00EFF81
:10C5700005B0F0BD3846314602F0F0F90028029CC3
:10C5800000D0BEE004A900980880388848800A20BE
:10C59000042202F0E9F9B4E00121304602F0EAF9A0
:10C5A0007A889042014600D311463A88914202D2DD
:10C5B000172900D339803A7854498B1CC1B21846E8
:10C5C00001F062FF0220B8713988009C204602F019
:10C5D000D7F903A90C80388848800A20042202F089
:10C5E000C3F98DE03846314602F0D0F988E0029C6C
:10C5F00020463146019A02F0CFF982E038463146B2
:10C60000019A02F0CFF97BE0029C20463146019A64
:10C6100002F0CEF975E038463146019A00F0ECFAA6
:10C620006EE0029C20463146019A02F0C7F968E0AC
:10C630003846314600F0D6FB62E0029C2046314687
:10C64000019A02F0C1F95CE03846314600F066FA22
:10C6500056E0029C20463146019A02F0BBF950E0B8
:10C6600006223846214602F0BBF949E038463146F9
:10C67000019A02F0BBF943E0029C20463146019A40
:10C6800002F0BAF93DE038463146019A00F042FC2A
:10C6900036E0029C20463146019A02F0B3F930E0C0
:10C6A00038463146019A00F0D1F929E0029C204633
:10C6B0003146019A02F0ACF923E03846314600F0E9
:10C6C00093F91DE0029C20463146019A02F0A6F93A
:10C6D00017E0029C20463146019A02F0A5F910E0CD
:10C6E000029C20463146019A02F0A4F909E038463E
:10C6F00000F0D4FB04E038463146019A00F0DDFB3F
:10C70000029C204602F09CF905B0F0BD14520000D6
:10C710000148024941607047BC0A0020D1590020FD
:10C7200010B50C46C988C90503D5218900F066FCFF
:10C73000208210BD01480249016170476409002050
:10C74000A55C00200121017000487047FFFF000038
:10C7500080B5114802F036F8104802F039F8104858
:10C7600002F03CF80F4802F03FF80F4802F042F8A0
:10C7700001F01AFA01F04AF801F032F800F09CFCDE
:10C7800001F034F801F012F800F09CFCFFF7D2FF42
:10C79000FFF7BEFF80BDC04621710020ED71002073
:10C7A0005971002049720020B5710020B0B50146D2
:10C7B0008B4A1088002810D013888A4A14680022F7
:10C7C00004E00834521C9A42184608D225888D424B
:10C7D000F7D865888D42F4D302E0002200E01846C5
:10C7E000D100804B1B6859184968002900D01046B9
:10C7F000B0BDC046F0B581B01C4617460D46154980
:10C80000079B069A00280DD00D46002F1BD03846F6
:10C81000214602F01BF90646681C1022394601F039
:10C8200063FE0AE028460F46214602F015F9064647
:10C83000B81C294601F022FE3D46E81C314622463E
:10C8400001F028FE03E0284601F0A0FD0026304656
:10C8500001B0F0BDA5520000F0B581B0604801887C
:10C86000002912D002885F480368002004E00833E2
:10C87000401C9042114606D25C88002CF7D11C88DF
:10C88000002CF4D002E0114600E000200E4C88425B
:10C8900006D181B2204601F0F1FD002001B0F0BDCB
:10C8A000C60002F0DFF805464E4F38688019458013
:10C8B00002F0DEF80246601C294601F0EBFD386804
:10C8C0008019408801B0F0BDA3520000F0B583B0DC
:10C8D00001920E46424D29880024002902930FD070
:10C8E000404A12681788002F0AD02988083201238D
:10C8F0001C468B4204D2631C17880832002FF7D1E4
:10C900008C4205D1A1B21F4801F0B8FD002735E0E7
:10C910001C4D002813D02E46019D002D2AD0052045
:10C92000C102284602F0AAF80746B01C1022294688
:10C93000354601F0D9FD002F0DD100271EE005205E
:10C94000C102304602F0A0F80746E81C314601F06B
:10C9500095FD002FF1D0E000224909680F52081818
:10C960000299416000214180281DA2B2394601F0A0
:10C9700091FD03E0701C01F009FD0027384603B06B
:10C98000F0BDC04699520000F0B581B0134D0028AB
:10C990001FD0002A1DD00C4600291AD0002B18D019
:10C9A0000F490B800F490A6000210F460E46FF0019
:10C9B000D151761CF7B29F42F9D300220092214652
:10C9C000134602F067F8681C214601F057FD01B0DC
:10C9D000F0BD284601F0DAFC01B0F0BD975200002E
:10C9E000ECB80020F0B8002070B582B00E460446C6
:10C9F000102002F055F800280AD005466189A08869
:10CA00007278002300930193012A06D0032205E0E7
:10CA10000D4801F0BBFC02B070BD022200F026FB05
:10CA2000010607D0C3B218210022284602F03EF8C2
:10CA3000024602E0192028700122A088294602F04F
:10CA40003BF802B070BDC04623510000F0B58BB07A
:10CA500004920C4605460121204601F08BFF074653
:10CA60000321204601F086FF03902E462888001DF2
:10CA700080B202F015F8002813D0054605A8394603
:10CA800002F020F8002811D005A8C088010701D5C0
:10CA9000C00512D4162128463A4602F019F802467B
:10CAA00028E01D4801F072FC0BB0F0BD16212846AD
:10CAB0003A4602F013F802461CE005A9304602F09F
:10CAC00013F8002801D003460EE0B0880499491FEE
:10CAD00089B2621D0092019101223946039B00F048
:10CAE000C5FA01060CD0C3B2162128463A4601F019
:10CAF000DDFF0246B088294601F0DEFF0BB0F0BD35
:10CB000028462146049C2246FDF72CF91720287060
:10CB100077812246EEE7C04622510000F0B589B089
:10CB20000D4604460121284601F024FF0646032154
:10CB3000284601F01FFF029003A8314601F0C2FF12
:10CB400007462088001D80B201F0AAFF00280CD003
:10CB50000546002F0ED003A8C088800710D40C21F2
:10CB60002846324601F0C6FF3BE0224801F00EFCA9
:10CB700009B0F0BD0C212846324601F0AFFF30E08D
:10CB800003A9204601F0B0FF002806D003460C217F
:10CB90002846324601F08AFF23E0A08803AF3946D9
:10CBA000FFF7BEFD388A029A824205D90C21284639
:10CBB000324601F0A5FF14E0801A411C2088814212
:10CBC00003DD1018401E03A908820798801A81B25D
:10CBD000A08800916B1C03A9FFF71AFC0D21297096
:10CBE000401CA18882B20846294601F065FF09B0C1
:10CBF000F0BDC0461F510000F0B591B014460E467E
:10CC0000074601213046099101F0B4FE0546032193
:10CC1000304601F0AFFE024671480A9529460546A6
:10CC2000089201F037FC7279681C214601F032FC51
:10CC300007973888001D80B201F032FF002804D029
:10CC40000746082C06D3102005E0A81C01F09EFB27
:10CC500011B0F0BD022006900A9A0899501E80B2C9
:10CC600088420AD2701D05900BA801F04FFF0026E4
:10CC700003960296099804900FE00821384601F0C7
:10CC80002DFF9EE00BA9079C204601F02DFF0028F8
:10CC900034D00390099C002C75D10BA801F03CFF07
:10CCA000002870D00BAC204601F03CFF2289A188FF
:10CCB000E81C01F0EFFB0E98017840780002401864
:10CCC00082B2E188281D01F0E5FB20890028E1D02F
:10CCD00000240A998842DED308998842DAD80BA842
:10CCE0000599069A01F024FF0028D4D00BA8C0882B
:10CCF0008007C7D43004CED10D9ECCE7A0880BA905
:10CD0000FFF70EFD0F98801C049989B20022039250
:10CD1000022904D382B2029B9BB29342BAD1012969
:10CD200003D17870049B5B1C01E0049B0298029085
:10CD300080B299B20A1820888242049306D9022947
:10CD4000A8D8001F0BAA1082801C78700BAC228917
:10CD5000384601F0F3FE07988088218A00910499F3
:10CD6000891C049189B27B18002203922146FFF7A7
:10CD70004FFB0446681D214601F080FB04982018F3
:10CD80000490039C87E7049988B2022802D3092003
:10CD9000387017E00399080606D0CBB20821384650
:10CDA0000A9A01F083FE0CE0300405D0B2B20821EB
:10CDB000384601F09FFE04E0082138460A9A01F047
:10CDC000C3FE0146A81D8CB2214601F057FB07980F
:10CDD00080883946224601F06FFE11B0F0BDC04692
:10CDE00017510000F0B587B00A46044601211046ED
:10CDF00001F0C0FD064601A8314601F063FE07467A
:10CE00002088001D80B201F04BFE00280CD00546A2
:10CE1000002F0ED001A8C088800710D40A21284610
:10CE2000324601F067FE2EE01B4801F0AFFA07B072
:10CE3000F0BD0A212846324601F050FE23E001A948
:10CE4000204601F051FE002806D003460A2128465C
:10CE5000324601F02BFE16E0A08801AE3146FFF706
:10CE60005FFC2088318A814202D3401E01A90882DA
:10CE7000A08801A90A8A00926B1C0022FFF7C8FA59
:10CE80000B212970401CA18882B20846294601F076
:10CE900013FE07B0F0BDC0461E51000080B582B041
:10CEA0000189002907D00023038180880093019322
:10CEB000042200F0DBF802B080BDF0B589B0154661
:10CEC0000C4607460121204601F054FD064603A802
:10CED000314601F0F7FD00280CD04120800003A965
:10CEE000C9880140814205D103A9384601F0FCFD03
:10CEF000002801D009B0F0BDB888E91E89B2E21C53
:10CF00000092019100223146134600F0AFF809B0BB
:10CF1000F0BD0000F0B58BB003920C460746012629
:10CF20000846314601F026FD014605A8049101F0AE
:10CF3000C9FD0546102001F0B3FD00280CD0002DDE
:10CF40000FD005A9CA8811073D4613D41221044603
:10CF5000049A01F0BDFD1AE0274801F017FA0BB062
:10CF6000F0BD12210446049A01F0B8FD21460646A0
:10CF70003D460EE005A9D20511D4098AC91C039BC0
:10CF800099420CD212210446049A01F0E3FD214695
:10CF90000646A888324601F08FFD0BB0F0BD002A8E
:10CFA000D4D5074605A9284601F09EFD002805D0E6
:10CFB000034612213C463846049A13E0A888039998
:10CFC000C91E89B2E21C009201910022049C2146F4
:10CFD000134600F04BF8010609D0C3B212212246D5
:10CFE0003C46384601F062FD39460646D1E713203B
:10CFF00039463870CDE7C04621510000B0B50C4627
:10D0000005460846FFF7D2FB014629480288002062
:10D0100091420AD0C900274A1268511849680A6823
:10D02000002A02D0284621469047B0BDF0B581B015
:10D030001C4615460E4607460846FFF7B7FB014655
:10D040001B480288002091420ED02346C900194A8D
:10D050001268511849684C68002C05D00698009059
:10D06000384631462A46A04701B0F0BDF0B583B03E
:10D070001C4615460E4607460846FFF797FB014635
:10D080000B4802880020914210D02346C900094A6B
:10D090001268511849688C68002C07D009980899C3
:10D0A00000910190384631462A46A04703B0F0BDB2
:10D0B000ECB80020F0B8002008480149C16470476E
:10D0C000496A0020092040010449054A0A50E24803
:10D0D0000021044A026041607047C046500B0020A6
:10D0E00085720020ED490000F0B587B00546D848AC
:10D0F0002E184520000128180290F8482B5C039157
:10D10000497B9768D0682C4650340278002B45D074
:10D11000002965D0092A00D0B1E0FF2109020F40A3
:10D12000092109028F4200D0FCE0027A04A90A72A8
:10D13000027943791B029A188379C5792D02EB187D
:10D140001B049A180592027843781B029A18837878
:10D15000C0780002C018000480180490481C01F038
:10D16000FFFC07460D46012030700026039A967298
:10D1700010208143B9482F303840029B03C3517BB4
:10D18000B448401C01F07AF9B64A3A405120854330
:10D19000218830462B4601F0E9FC55E1002970D08A
:10D1A000092A00D1CAE0072A00D008E1FF231B02A8
:10D1B0001F40012673029F4200D015E140780E28DF
:10D1C00000D041E1002603988672A248401D01F07C
:10D1D00055F921881A203246334601F0C7FC33E165
:10D1E0000E2A00D09CE0FF210902394009231B02CE
:10D1F000994200D0E7E0027A04A90A7202794379E1
:10D200001B029A188379C4792402E3181B049A1824
:10D210000592027843781B029A188378C07800023E
:10D22000C018000480180490481C01F099FC01917A
:10D23000894A0ACA894A0090084011402F240440B4
:10D240000A191027BB43284601F096FC002800D19C
:10D25000F7E00246F8430121317081499161039959
:10D26000D161019B034000987C4E304004430298FA
:10D2700004604360284601F085FC0026E4E00126B6
:10D28000E2E0082A00D09CE0FF210902394009238E
:10D290001B02994200D0C1E0027A04A90A72027905
:10D2A00043791B029A188379C4792402E3181B047A
:10D2B0009A180592027843781B029A188378C078EE
:10D2C0000002C018000480180490481C01F048FCBB
:10D2D0000191614A0ACA614A0090084011402F2416
:10D2E00004400A191027BB43284601F045FC0028DA
:10D2F00000D1A8E00246F8430121317058499161FC
:10D300000399D161019B03400098544E304004437F
:10D31000029804604360284601F034FC002693E044
:10D32000012691E02846039C214601F031FC0026AD
:10D33000A672617B474801F0A1F885E0FF21090250
:10D340000F4009210902434B8F425AD1027A04A9A6
:10D350000A72027943791B029A188379C5792D02E2
:10D36000EB181B049A180592027843781B029A184E
:10D370008378C0780002C018000480180490481C0C
:10D3800001F0EEFB07460D46012030700026039A9F
:10D3900096721020814331482F303840029B03C3DE
:10D3A000517B2C48C01D01F069F82E4A3A405120AB
:10D3B0008543218830462B4601F0D8FB44E0012606
:10D3C00042E0012640E02846039D294601F0E0FBAB
:10D3D000204CA01C394600F0D3FF0026AE72697BBA
:10D3E000E01C01F04BF82FE02846039C214601F099
:10D3F000CFFB0026A672617B1648001D01F03EF8A7
:10D4000022E02846039C21461D4601F0C1FB002670
:10D41000A672617BA81D01F031F815E02846039C37
:10D42000214601F0B5FB0B4D28460830394600F087
:10D43000A7FF0026A672617B0935284601F01EF879
:10D4400002E0022600E00226304607B0F0BDC046EA
:10D4500049040000CE360000F8B8002000CF87F75E
:10D46000A98002002FCF87F770B5002810D00D4695
:10D4700000290DD0002A0BD0D168097800240E298C
:10D480000FD0082927D11549405C002823D10CE092
:10D490001620492100242246234601F07FFB204626
:10D4A00070BD0E49405C002815D001242C73002665
:10D4B000EE72FF2004302881304601F075FB03C571
:10D4C0000748EE806E716E61AE61E861AC70054830
:10D4D000314600F0D3FF204670BDC0465103000026
:10D4E00049660020CD36000010B5044600F026FD48
:10D4F000002802D00C21012006E000F0F9FC0028F1
:10D5000001D1014600E00C212070084610BD00004A
:10D5100010B50A46002911D00446906B00280DD0A2
:10D52000107C072811D0062816D005281DD11048D8
:10D530000068D060104600F023FD13E08520C10094
:10D540001C20002301F02AFB10BD09480068D060B0
:10D55000104600F019FD05E005480068D06010464F
:10D5600000F018FD0120207010BD0020207010BDBB
:10D5700050080020B0B50D4600290FD00446A86B16
:10D5800000280BD0287C07280FD0062812D00528A9
:10D5900017D12846114600F0F4FC0FE01C200A4980
:10D5A00000232A4601F0FAFAB0BD2846114600F0E1
:10D5B000EEFC03E02846114600F0F6FC0120207046
:10D5C000B0BD00202070B0BD8D04000010B50A462B
:10D5D000002918D00446906B002814D0107C07282E
:10D5E00017D0062823D0052831D140480178D068CB
:10D5F000484318490968884200D80146D16010465E
:10D6000000F0C0FC20E01C201349002301F0C6FA02
:10D6100010BD36480178D06848430E4909688842F1
:10D6200000D80146D160104600F0B2FC0CE02F4853
:10D630000178D068484307490968884200D8014604
:10D64000D160104600F0CFFC0120207010BD0020FA
:10D65000207010BD5408002053040000B0B50D46E2
:10D66000002919D00446A86B002815D0287C07286B
:10D6700019D0062826D0052835D1E8681B49097835
:10D68000FCF782FB1A490968884200D30146E96029
:10D69000284600F078FC23E01C20164900232A4687
:10D6A00001F07CFAB0BDE86810490978FCF76CFB22
:10D6B0000F490968884200D30146E960284600F016
:10D6C00068FC0DE0E86809490978FCF75DFB08494A
:10D6D0000968884200D30146E960284600F096FCBC
:10D6E00001202070B0BD00202070B0BD5C0800207B
:10D6F00058080020B5040000B0B50446012500F02C
:10D7000085FB002801D0284608E000F017FC00281F
:10D7100001D0012002E000F0EBFB05462070284616
:10D72000B0BD70B504460C26012500F0A3FB00280F
:10D730000BD100F010FC002807D100F0E6FB0546F5
:10D74000002801D12E4600E00C262570304670BD21
:10D7500070B504460C26012500F08CFB00280BD187
:10D7600000F0F9FB002807D100F0CFFB05460028A8
:10D7700001D12E4600E00C262570304670BD10B554
:10D78000044600F077FB002803D100F0E4FB0028FA
:10D7900003D0002020700C2010BD00F0B6FB00214B
:10D7A0002170002800D00C2010BD000015200001C1
:10D7B0001249074A0A5053208000064A0A5029207D
:10D7C000C000054A0A5051208000044A0A507047A0
:10D7D000BD6B0020D56A00202D6B0020716A0020EF
:10D7E0000648014901667047596C00200348044906
:10D7F000044A054B8363C26301647047500B0020E9
:10D80000DF6C0020836C0020B16C002070470000AA
:10D81000B0B584B0002808D004468168022001F029
:10D82000C9F9002804D004B0B0BD042004B0B0BDD4
:10D83000E389A289607C014601F0C2F90028F2D197
:10D840006269A369217C607C0125009501900290AA
:10D850000025284601F0BAF90028E4D1206A01F039
:10D86000BBF90028DFD1A18B606A01F0BBF9002869
:10D87000D9D106480570627C03CC01F0B9F90028C3
:10D88000D1D101F0BBF9284604B0B0BD0C0D002089
:10D8900070B501260670274800780024002801D0C2
:10D8A000204670BDEFF31085EFF3108072B601F0E3
:10D8B000ABF900280CD0344C2078002804D11F4844
:10D8C00001F0A8F90120207085F31088012070BDB7
:10D8D0002F490846683800682B4A1278002A1DD064
:10D8E00030401BD0052208680B68984204D0531EB4
:10D8F00012061A46F7D1FF22110613D023490968F0
:10D90000814213D90C4A128885F31088081A5109EC
:10D91000884200D800263446204670BD85F3108822
:10D92000204670BD85F31088204670BD85F31088B1
:10D93000204670BD5F09002022080020FFFFFF1F66
:10D94000B0B501210170EFF31084EFF3108072B6CF
:10D950000D4D2878002813D00C4800680C49096840
:10D96000814205D2491D814204D201F059F905E0F6
:10D97000642001E04B20800000F02CFD0020287086
:10D9800084F31088B0BDC0465B09002080000040D1
:10D99000E8010040B0B584B0002808D00446816892
:10D9A000042001F007F9002804D004B0B0BD042021
:10D9B00004B0B0BDE389A289607C014601F000F9A2
:10D9C0000028F2D16269A369217C607C0125009561
:10D9D000019002900025284601F0F8F80028E4D1D3
:10D9E000206A01F0F9F80028DFD1A18B606A01F00C
:10D9F000F9F80028D9D103CC627A01F017F9002890
:10DA0000D3D10348057001F017F9284604B0B0BD22
:10DA10009C0D002070B584B0002808D004468168B1
:10DA2000062001F0C7F8002804D004B070BD04201F
:10DA300004B070BDE389A289A17C607C01F0C0F8CC
:10DA40000028F2D16269A369217C607CA57C012653
:10DA50000096019002950025284601F0B7F80028AD
:10DA6000E3D1206A01F0B8F80028DED1A18B606A0A
:10DA700001F0B8F80028D8D103CC627A01F0B8F8E8
:10DA80000028D2D10348057001F0DCF8284604B024
:10DA900070BDC0469D0D0020B0B584B0002808D0F0
:10DAA00004468168032001F085F8002804D004B002
:10DAB000B0BD042004B0B0BDE389A289607C0146FA
:10DAC00001F07EF80028F2D16269A369217C607CB4
:10DAD00001250095019002900025284601F076F876
:10DAE0000028E4D1206A01F077F80028DFD1A18B6B
:10DAF000606A01F077F80028D9D103CC627A01F08E
:10DB000095F80028D3D10348057001F0A1F8284604
:10DB100004B0B0BDBC0D002070B584B0002808D0A2
:10DB200004468168052001F045F8002804D004B0BF
:10DB300070BD042004B070BD638A228AA17D607D1F
:10DB400001F03EF80028F2D1A17DE06801F086F8EE
:10DB50000028ECD1A269E369217D607DA57D0126C5
:10DB60000096019002950025284601F02FF8002824
:10DB7000DDD1606A01F030F80028D8D1218CA06A8C
:10DB800001F030F80028D2D103CCA27B01F04EF88E
:10DB90000028CCD10348057001F066F8284604B08F
:10DBA00070BDC046BD0D0020024803498164034991
:10DBB00041657047200D0020A16E0020F16D00200E
:10DBC00070B50546554E3068002801D0012070BD63
:10DBD00001F050F82846FFF71BFE0446002801D04C
:10DBE000204670BD0348306003CD01F049F820465F
:10DBF00070BDC04684270200F0B581B00446474F8F
:10DC00003868002801D001261EE001F033F803CC6B
:10DC1000637A00252A46083C01F038F803C42068DE
:10DC2000627A2946083C01F037F8A0602046FFF7E9
:10DC3000B1FE0646284601F035F8002E04D104480E
:10DC4000386003CC01F01CF8304601B0F0BDC0468E
:10DC5000D427020070B50546304E3068002801D048
:10DC6000012070BD01F006F82846FFF7D3FE0446F8
:10DC7000002801D0204670BD0348306003CD00F07D
:10DC8000FFFF204670BDC046E4270200F0B581B01A
:10DC90000446224F3868002801D001261EE000F01B
:10DCA000E9FF03CC637A00252A46083C00F0EEFF2A
:10DCB00003C42068627A2946083C00F0EDFFA060AA
:10DCC0002046FFF7E9FE0646284600F0EBFF002E4F
:10DCD00004D10448386003CC00F0D2FF304601B0D4
:10DCE000F0BDC046F427020070B505460B4E306803
:10DCF000002801D0012070BD00F0BCFF2846FFF7CE
:10DD00000BFF0446002801D0204670BD0448306057
:10DD100003CD00F0B5FF204670BDC046C00D002009
:10DD200004280200B0B501230370D06804780020F5
:10DD3000162C35D87123DB00CB18C0467C442479DF
:10DD40006400A744151A2D0B2D2D2D2D102D0B2DF4
:10DD50001F2D102D2D2D2D2D242D2900084619465F
:10DD600000F0A6FFB0BD08461946FFF77DFBB0BD29
:10DD70000846194600F0A2FFB0BD0846194600F05B
:10DD8000A3FFB0BD0846194600F0A4FFB0BD084689
:10DD9000194600F0A5FFB0BD0846194600F0A6FFE1
:10DDA000B0BD000080B500F0A7FF00F0ABFF00F0B1
:10DDB000AFFF002800D080BD00F0B0FF054800F0A4
:10DDC000B3FF022000F05EFD0B2000F0B3FF002047
:10DDD00080BDC04620F50100084909680A4A12784A
:10DDE000824203D80020002907D105E03522D20065
:10DDF00042438818002900D10846704710A200202D
:10DE0000014800787047C046EEB80020F0B581B0F8
:10DE1000FFF7F6FF002827D0044600250126E8B2C8
:10DE2000FFF7DAFF00280FD099300178002907D0DA
:10DE30004078002804D00020374600280FD114E095
:10DE4000304600280BD110E0912001011E202A4607
:10DE5000234600F0A3FE00273846002805D06D1C9D
:10DE6000AC42DCD1002700E000270120384001B09F
:10DE7000F0BD0000F0B581B0FFF7C2FF002828D048
:10DE8000044600250126E8B2FFF7A6FF00280DD0C2
:10DE90008D30017B002905D0417B002902D000781C
:10DEA000002811D0304600280AD115E01E200C4968
:10DEB0002A46234600F072FE0027384600280BD081
:10DEC0006D1CAC42DFD106E0002037460028F7D1B8
:10DED00002E0002700E000270120384001B0F0BD3B
:10DEE00026090000014800687047C04614A20020BF
:10DEF00080B5FFF7F7FF002805D03321C900405C4B
:10DF0000411E884180BD002080BD80B5FFF7EAFF3B
:10DF10000146002000290AD03322D2008A18127844
:10DF2000002A04D091310878411E4842484180BD02
:10DF3000014800687047C04618A2002080B5FFF76E
:10DF4000F7FF002805D047218900405C411E884129
:10DF500080BD002080BD80B5FFF7EAFF01460020AC
:10DF600000290CD0472292008A181278002A06D085
:10DF7000A531097802220A43032A00D1012080BD7D
:10DF8000704770477047704717218174704770471A
:10DF900070477047FF217431826B6423535483743C
:10DFA000501819214170704770B50A460446FF2188
:10DFB00008462030A36B1E18B92040001D18185CBD
:10DFC000002807D0FF2A00D8D1B268781A2200F0C2
:10DFD00036F868703078002801D0012000E0022077
:10DFE000285CA07470BDB0B50446FF20A16B02464A
:10DFF00020328A5C002A08D074300D18287801215C
:10E000001A2200F01CF82870A074B0BDB0B5044608
:10E01000FF20A16B024620328A5C002A08D07430AF
:10E020000D1828783221642200F003F82870A074BB
:10E03000B0BD4018904200D80246D0B27047531885
:10E04000834200D2421AD0B270470000F0B585B0CA
:10E050000646EFF3058002ACA6702180E270002531
:10E060000395002800D1ED432A4F002A2BD00193BD
:10E07000242A15D80092294F3868002100F060FE4C
:10E080000390002808D1244F38680024214600F06E
:10E0900057FE0390002836D03868049003980DE0AE
:10E0A000802A27D800921C4F38680024214600F0AF
:10E0B00047FE0390002823D0396804910199009A03
:10E0C000FBF750FE134FF81C314600F0D7F9144807
:10E0D000006802A9002632462B4600F037FE444273
:10E0E0004441002812D03A1D81B2104600F0C6F912
:10E0F00034460BE0B81C114600F0C0F9002405E0DE
:10E100000448401C00E0034800F040F9204605B0F8
:10E11000F0BDC04604600000ECCC0020F0CC002034
:10E12000148C002010B582B0019100900022EFF312
:10E130000580002801D0134600E0D343074800685B
:10E14000694600F003FE0446002803D004A02146DF
:10E1500000F00EFE6042604102B010BD7CB90020AC
:10E16000626C655F7461736B5F73656E645F6D7322
:10E17000675F746F5F6C6C635F7461736B20666163
:10E18000696C65643A25750A000000001C46154656
:10E190000E460746FCF776F810A001F033F814A0FD
:10E1A0003946324600F0E4FD19A02946224600F027
:10E1B000DFFDFCF73BF8FDF751FF1D4800F0E6F8E6
:10E1C0001C483946324600F065F91B48294622466C
:10E1D00000F06CF9FDF742FFFEE7C04673797374F7
:10E1E000656D206572726F72206F63637572730064
:10E1F0007531364572724D6F64756C653A257520C0
:10E200007531364572724C696E653A25750A0000A3
:10E21000753332457272496E666F313A25752075D5
:10E220003332457272496E666F323A25750A0000C4
:10E23000148000001580000016800000F0B585B045
:10E240000446407D217D01290CD1EFF31081EFF3CD
:10E25000108272B60022227562682260626A2262AF
:10E2600081F3108800280AD0EFF31081EFF31082B9
:10E2700072B600226275E27DA27581F31088A17DDD
:10E2800002291DD000295AD1EFF31080EFF310813D
:10E2900072B6E16A002901D0A26A8A622C4A136828
:10E2A000A34201D1A36A13602A4A1368A34200D192
:10E2B000116080F310880020A062E06205B0F0BD1C
:10E2C00000280BD0276902972068009003A800F06F
:10E2D00043FD0398012813D11B4D14E0207E012833
:10E2E0002BD100200290174802A900F07FF8206887
:10E2F0000090029F04A800F02FFD04980128EBD0A5
:10E3000000F030FD05461148068805800197E7605A
:10E310007D2042030027009839463B46FBF70AFD63
:10E32000002E01D0721955082A463B46FBF7D2FC55
:10E3300001990818A06005B0F0BD0120A07505B0D6
:10E34000F0BDC04600300560127A00009ECD00206E
:10E3500090CD002094CD002003480088081A414247
:10E36000414148007047C0465001012000207047DD
:10E370000020704703B40148019001BD39C4010079
:10E3800003B40148019001BD4DF7020003B40148F8
:10E39000019001BDE9F6020003B40148019001BDFE
:10E3A000610E020003B40148019001BD45A30100C4
:10E3B00003B40148019001BDADA0010003B40148C0
:10E3C000019001BD65BF010003B40148019001BD8A
:10E3D000BDBD010003B40148019001BD51F8020028
:10E3E00003B40148019001BD1DBF010003B4014801
:10E3F000019001BD45BF010003B40148019001BD7A
:10E40000CDBF010003B40148019001BD698D010039
:10E4100003B40148019001BD058F010003B4014818
:10E42000019001BDE971010003B40148019001BDF3
:10E4300079DC010003B40148019001BD557201006F
:10E4400003B40148019001BD858E010003B4014869
:10E45000019001BD89DB010003B40148019001BDB9
:10E46000ADC3010003B40148019001BD43D70100D1
:10E4700003B40148019001BD41F9020003B4014811
:10E48000019001BDFDF6020003B40148019001BDF9
:10E49000C5F7020003B40148019001BD11F7020065
:10E4A00003B40148019001BD61F7020003B40148C3
:10E4B000019001BD89F7020003B40148019001BD3C
:10E4C00039F7020003B40148019001BD25F70200AD
:10E4D00003B40148019001BD9DF7020003B4014857
:10E4E000019001BD75F7020003B40148019001BD20
:10E4F000D9F7020003B40148019001BD89C20100AF
:10E5000003B40148019001BDBD0D010003B40148F1
:10E51000019001BD1D23010003B40148019001BD1C
:10E520000922010003B40148019001BDD12301007B
:10E5300003B40148019001BD79C0010003B4014852
:10E54000019001BDBDBE010003B40148019001BDB1
:10E5500081BE010003B40148019001BDF9BD010075
:10E5600003B40148019001BDD9C0010003B40148C2
:10E57000019001BDF912010003B40148019001BDF1
:10E58000B9A0030003B40148019001BDA511010029
:10E5900003B40148019001BD3594020003B4014861
:10E5A000019001BD25AA020003B40148019001BDFC
:10E5B00049A0020003B40148019001BDCD39020019
:10E5C00003B40148019001BD7DDC020003B40148A1
:10E5D000019001BD11F4020003B40148019001BD96
:10E5E00015D0020003B40148019001BD192C0200AE
:10E5F00003B40148019001BD1959020003B4014858
:10E60000019001BD5129020003B40148019001BDF0
:10E610002982020003B40148019001BD01140100E8
:10E6200003B40148019001BDC5DF020003B40148F5
:10E63000019001BD6118020003B40148019001BDC1
:10E640002D20020003B40148019001BDFD2302000A
:10E6500003B40148019001BD6982020003B401487E
:10E66000019001BDB13C030003B40148019001BD1C
:10E6700003F9020003B40148019001BDC92303005E
:10E6800003B40148019001BDD505030003B401485E
:10E69000019001BD9D12010003B40148019001BD2C
:10E6A00051EC030003B40148019001BDE1050300F2
:10E6B00003B40148019001BD6D18030003B4014883
:10E6C000019001BDB95A030003B40148019001BD96
:10E6D000DD59030003B40148019001BD8518030012
:10E6E00003B40148019001BDAF28030003B4014801
:10E6F000019001BDFD05030003B40148019001BD77
:10E700000506030003B40148019001BDF5050300AF
:10E7100003B40148019001BDED05030003B40148B5
:10E72000019001BD89A6010003B40148019001BD1B
:10E73000F11A020003B40148019001BD79230200DF
:10E7400003B40148019001BD7520020003B40148E3
:10E75000019001BD3920020003B40148019001BDC0
:10E760004520020003B40148019001BD8120020050
:10E7700003B40148019001BD6920020003B40148BF
:10E78000019001BD5120020003B40148019001BD78
:10E790005D20020003B40148019001BD31E0020098
:10E7A00003B40148019001BD19E0020003B401481F
:10E7B000019001BD25E0020003B40148019001BDB4
:10E7C000B9DF020003B40148019001BDD1DF0200AE
:10E7D00003B40148019001BDF5DF020003B4014814
:10E7E000019001BDDDDF020003B40148019001BDCD
:10E7F00001E0020003B40148019001BDE9DF02001D
:10E8000003B40148019001BD0DE0020003B40148CA
:10E81000019001BD49E0020003B40148019001BD2F
:10E820003DE0020003B40148019001BDADDF0200EC
:10E8300003B40148019001BD5DE9030003B4014840
:10E84000019001BD75E9030003B40148019001BDC9
:10E8500069E9030003B40148019001BD51E90300D7
:10E8600003B40148019001BD45E9030003B4014828
:10E87000019001BD49E2030003B40148019001BDCC
:10E8800055E2030003B40148019001BD05590100A0
:10E8900003B40148019001BDF57E010003B40148B5
:10E8A000019001BD7927030003B40148019001BD27
:10E8B000E523030003B40148019001BD8D2303004B
:10E8C00003B40148019001BD5D28030003B4014871
:10E8D000019001BD9F28030003B40148019001BDD0
:10E8E000EB28030003B40148019001BD253D03005E
:10E8F00003B40148019001BD513A030003B401483B
:10E90000019001BD7DDE010003B40148019001BD0D
:10E91000A5BC020003B40148019001BD7D080100BF
:10E9200003B40148019001BD6108010003B401482E
:10E93000019001BD4D10010003B40148019001BDDB
:10E94000E110010003B40148019001BDD952030058
:10E9500003B40148019001BD3930030003B40148FC
:10E96000019001BD2944030003B40148019001BD99
:10E97000B105030003B40148019001BD99A703004C
:10E9800003B40148019001BDA530030003B4014860
:10E99000019001BD4946030003B40148019001BD47
:10E9A0008931030003B40148019001BDED44030027
:10E9B00003B40148019001BD0931030003B40148CB
:10E9C000019001BDE132030003B40148019001BD93
:10E9D000A934030003B40148019001BD353203009E
:10E9E00003B40148019001BD814E030003B4014806
:10E9F000019001BD3549030003B40148019001BDF8
:10EA00006932030003B40148019001BDB135030030
:10EA100003B40148019001BDC331030003B40148B0
:10EA2000019001BDDD30030003B40148019001BD38
:10EA30008D35030003B40148019001BD5935030031
:10EA400003B40148019001BD0936030003B4014835
:10EA5000019001BDF50B030003B40148019001BD15
:10EA6000410C030003B40148019001BDE10C030017
:10EA700003B40148019001BDF10C030003B4014847
:10EA8000019001BD910C030003B40148019001BD48
:10EA9000A30C030003B40148019001BD110D030054
:10EAA00003B40148019001BDC15D030003B40148F6
:10EAB000019001BD3166030003B40148019001BD1E
:10EAC000ED16030003B40148019001BD190F0300C6
:10EAD00003B40148019001BD8766030003B40148F7
:10EAE000019001BD5766030003B40148019001BDC8
:10EAF0004D17030003B40148019001BD7B6603007C
:10EB000003B40148019001BD6366030003B40148EA
:10EB1000019001BD1D10030003B40148019001BD27
:10EB20001510030003B40148019001BDAF0F0300AD
:10EB300003B40148019001BD2910030003B401484A
:10EB4000019001BDD1A7030003B40148019001BDAC
:10EB50004B66030003B40148019001BD6F660300DA
:10EB600003B40148019001BD57EF020003B401480E
:10EB7000019001BDDDE0030003B40148019001BD37
:10EB8000FD7A020003B40148019001BDCD5202009C
:10EB900003B40148019001BD0552020003B40148CD
:10EBA000019001BD6942010003B40148019001BD1B
:10EBB00031EE020003B40148019001BDA11702002B
:10EBC00003B40148019001BDDD10020003B4014807
:10EBD000019001BDF115020003B40148019001BD8F
:10EBE0004917020003B40148019001BD4913020016
:10EBF00003B40148019001BD7115020003B401483E
:10EC0000019001BD9D0F020003B40148019001BDB8
:10EC1000E11A020003B40148019001BD1D18020071
:10EC200003B40148019001BD4D18020003B401482E
:10EC3000019001BD9112020003B40148019001BD91
:10EC4000F111020003B40148019001BD3512020028
:10EC500003B40148019001BDD513020003B401487B
:10EC6000019001BD6114020003B40148019001BD8F
:10EC70001514020003B40148019001BD11240200E3
:10EC800003B40148019001BDE922020003B4014828
:10EC9000019001BD3D1E020003B40148019001BD79
:10ECA000751E020003B40148019001BDC91D020098
:10ECB00003B40148019001BD2178020003B401486A
:10ECC000019001BD8543020003B40148019001BDDC
:10ECD000B12D020003B40148019001BD11F1020001
:10ECE00003B40148019001BDC961020003B40148A9
:10ECF000019001BDE9C0020003B40148019001BDCB
:10ED00005D52010003B40148019001BD5D5801004E
:10ED100003B40148019001BDD953010003B4014877
:10ED2000019001BDE955010003B40148019001BD06
:10ED3000195A010003B40148019001BD91B20100CC
:10ED400003B40148019001BD4D11010003B4014815
:10ED5000019001BD3514010003B40148019001BDCB
:10ED6000ED72010003B40148019001BDBD720100C4
:10ED70000FB410B503A9044B044A029800F008F838
:10ED800010BC08BC04B01847AD4B0020808B00209D
:10ED9000FFB591B00F460546002606E025280AD0AB
:10EDA000149A139990476D1C761C28780028F5D189
:10EDB000304615B0F0BD002400940121F34A0294BE
:10EDC00000E004436D1C2B780846203B984010421D
:10EDD000F7D128782A280ED0022128780246303A26
:10EDE000092A15D8009A0A235A43303A80180C434E
:10EDF0006D1C0090F1E701CF0090002805DA01209A
:10EE000040030443009840420090022004436D1CDC
:10EE100028782E2815D10420044368786D1C2A28F0
:10EE20000AD101CF6D1C02900BE002990A225143D6
:10EE3000303940186D1C0290287801463039092974
:10EE4000F3D928786C2810D006DC4C281AD0682812
:10EE50000ED06A2817D104E0742813D07A2812D172
:10EE600010E00120400504430CE00121090501E008
:10EE7000032109050C436978814203D10120000573
:10EE800024186D1C6D1C287803906E281ED00CDC95
:10EE9000632831D004DC00288AD0582811D1B2E090
:10EEA00064287BD069280CD178E073282DD004DC4D
:10EEB0006F2870D0702804D1A7E075286CD078280E
:10EEC0006BD0149A13999047761C62E06002400F51
:10EED000022807D003280AD0042838680AD0066020
:10EEE0003F1D56E03868F11706604160F8E7386862
:10EEF0000680F5E70670F3E7387869460874002065
:10EF0000487404A80390012003E0386803900020AF
:10EF1000C0433F1D61070FD5002101E00199491C45
:10EF2000029A0191914213DA8142F7DB019A039927
:10EF3000895C0029F2D10BE0002101E00199491C14
:10EF400001918142FADB019A0399895C0029F5D18C
:10EF500001990098139A401A00902146149B00F0E2
:10EF60003BF901998019461807E003980399007846
:10EF7000491C0391149A139990470198401E0190DF
:10EF8000401CF2D12146149B139A009800F014F90A
:10EF900086196D1C09E741E033E034E00A200021C6
:10EFA000049005916002410F022905D001CFC217DC
:10EFB0009446032905D007E0FF1DFF08FF0003CF9B
:10EFC00006E000B2C2179446042902D140B2C1172C
:10EFD0008C4600226146944506DA0A4600214042EA
:10EFE00091418C462D2102E0210504D52B216A4652
:10EFF0001176012103E0E10701D02021F7E701911B
:10F0000054E00A200BE0102009E0102004900021B9
:10F010000420044308200591029003E00820002109
:10F02000059104906002410F022905D001CF002212
:10F030009446032906D006E0FF1DFF08FF0003CF1A
:10F040008C4603E080B2042900D1C0B200210191B6
:10F0500021072BD50399702906D0049A1021059B0E
:10F060004A401A4305D00EE040216A46117601213C
:10F0700008E06146014306D030216A4611760399C3
:10F08000517602210191049A0821059B4A401A43B6
:10F090000CD16146014301D1610707D530216A4691
:10F0A0001176012101910299491E02910399582973
:10F0B00004D037A103910FA90F910DE039A1F9E711
:10F0C0006146059B049AFAF705FE039B8C469B5C00
:10F0D0000F9A521E0F92137061460143F0D10F98A0
:10F0E00007A9081A20300390600704D50120000406
:10F0F0008443029801E0012002900399884201DDD7
:10F10000401A00E000204118029001980918009868
:10F11000401A0090E00306D42146149B139A0098ED
:10F1200000F05AF886190020049008E006A9085C4F
:10F13000149A139990470498401C761C04900199E6
:10F140008842F3DBE0030CD52146149B139A009808
:10F1500000F042F8861904E0149A30201399904781
:10F16000761C0299481E02900029F5DC08E00F98F1
:10F170000F990078491C0F91149A13999047761CA7
:10F180000399481E03900029F1DCFBE609280100E1
:10F19000303132333435363738396162636465660D
:10F1A00000000000303132333435363738394142CF
:10F1B0004344454600000000F8B5044600251E46BD
:10F1C0001746880404D405E039462020B0476D1C5A
:10F1D000641EF9D52846F8BDFFB50446002581B068
:10F1E0001E46C80301D5302700E02027880404D537
:10F1F00005E038460399B0476D1C641EF9D52846D2
:10F2000005B0F0BD10B5044601E0FCF71FFA207808
:10F21000641C03490028F8D10A20FCF717FA10BD36
:10F22000808B0020A000A000000200000000000071
:10F23000000700001B8900200100000000B9002029
:10F240004400000080BE00200008000020000000F4
:10F2500000000000000000000889002000000000FD
:10F2600048B900203400000080B9002000050000EB
:10F27000813F0020B54000200000000061450020D3
:10F280006D45002025460020FE0065787065726996
:10F290006D656E74616C00004669726D77617265B0
:10F2A000205265766973696F6E0000004861726470
:10F2B00077617265205265766973696F6E00000030
:10F2C0004D616E756661637475726572204E616D15
:10F2D000650000004D6F64656C204E756D6265724F
:10F2E0000000000053657269616C204E756D6265A7
:10F2F00072000000536F6674776172652052657604
:10F300006973696F6E005B486172644661756C7405
:10F310005F48616E646C65725D43757272656E7490
:10F32000206D73703A203078253038580A004F63CA
:10F33000637572656420696E207461736B2E00556D
:10F3400073696E67207533324D73702E004F63639F
:10F350007572656420696E20696E7465727275706D
:10F36000742E0044657620696E666F207365727630
:10F3700069636520696E6974206661696C75726580
:10F380002E006C6C635461736B4D736751756575BA
:10F39000654964204E554C4C006C6C635461736B32
:10F3A0004964204E554C4C006C6C635F7461736B08
:10F3B0005F6D73675F7175657565006C6C635F7415
:10F3C00061736B00626C65537461636B5F6D73672F
:10F3D0005F717565756500626C65537461636B542C
:10F3E00061736B5F4D656D506F6F6C5F6C6F6E67B7
:10F3F00000626C65537461636B5461736B00626C83
:10F4000065537461636B5461736B5F4D656D506FD1
:10F410006F6C5F73686F7274005B4D53475F424C53
:10F42000455F5048595F5550444154455F434F4DE7
:10F43000504C4554455F494E445D2048616E646CB4
:10F4400065203D20307825582C2054585F5048596D
:10F45000203D20307825582C2052585F50485920A4
:10F460003D20307825580A005B4D53475F424C459C
:10F470005F454E435259505445445F4348414E47BF
:10F4800045445F494E445D2048616E646C65203D93
:10F4900020307825582C20456E6372797074696F1E
:10F4A0006E5F456E61626C6564203D203078255842
:10F4B0000A005B4D53475F424C455F454E435259EE
:10F4C000505445445F524546524553485F494E4467
:10F4D0005D2048616E646C65203D20307825580AB7
:10F4E000005B4D53475F424C455F4C4C5F56455265
:10F4F00053494F4E5F494E445D204D616E756661C4
:10F500006374757265725F4E616D65203D20307861
:10F5100025582C2048616E646C65203D203078258C
:10F52000582C2056657273696F6E203D2030782507
:10F53000580A005B4D53475F424C455F4449534373
:10F540004F4E4E45435445445F494E445D2048610B
:10F550006E646C65203D20307825582C20726561E2
:10F56000736F6E203D20307825580A005B4D53475D
:10F570005F424C455F434F4E4E454354494F4E5FAB
:10F580005550444154455F434F4D504C4554455FA1
:10F59000494E445D20436F6E6E5F496E74657276AE
:10F5A000616C203D20307825582C20436F6E6E5FB3
:10F5B0004C6174656E6379203D20307825582C208D
:10F5C0005375706572766973696F6E5F54696D65A6
:10F5D0006F75203D20307825580A005B4D53475FFA
:10F5E000424C455F434F4E4E45435445445F494E60
:10F5F000445D48616E646C65203D20307825303470
:10F60000580A006170705F6D61696E00626C655FC1
:10F6100073656E645F7461736B000000000000002E
:10F62000000000000100000000100100B978002077
:08F63000CD780020D178002004
:10F6380000232DE9F0413D4C84B02278CDE9013317
:10F64800002A35D0EFF3108572B6394B1B680BB121
:10F65800984758B32378012B2DD0023B022B25D88D
:10F6680001A800F061FB002003A900F075FB0198D8
:10F67800012831D0039B2BB1012002A900F06CFBBB
:10F68800029BF3B14FF0A04000F024F9294A136916
:10F6980043F00403136130BF4FF0A04000F026F997
:10F6A800012000F029FB244B1B6873B985F31088EF
:10F6B80004B0BDE8F0811F4A136923F00403136105
:10F6C80030BF1D4B1B68002BF0D02278022AEDD1E9
:10F6D800984785F31088EBE7039BE3B14FF080432D
:10F6E800D3F88021D2071CD5D3F88060D3F8E881FD
:10F6F800124B02A9D3F8047100F02EFB40F6C41394
:10F70800A6EB0806BFB207FB06F6B3EB962FD8D2D6
:10F71800029B002BD5D04FF4FA61012000F0E8FAE3
:10F72800A8E702A900F018FBCBE700BF94F5012079
:10F738009CF5012000ED00E098F5012000F0046040
:10F74800B0F1A04F10B5044602D0094B98420CD135
:10F75800084AFF21204600F00FFB38B92046BDE8D3
:10F768001040044AFF2100F007BB012010BD00BF74
:10F77800001000500007010038B504460D46FFF799
:10F78800DFFF28B929462046BDE8384000F0D8BA3E
:10F7980038BD38B504460D46FFF7D2FF28B92946CB
:10F7A8002046BDE8384000F0CFBA38BD38B5044629
:10F7B8000D46FFF7C5FF28B929462046BDE8384061
:10F7C80000F0BABA38BD38B504460D46FFF7B8FFA1
:10F7D80028B929462046BDE8384000F095BA38BD1A
:10F7E80038B504460D46FFF7ABFF28B92946204631
:10F7F800BDE8384000F09CBA38BD10B50446FFF7A4
:10F808009FFF20B92046BDE8104000F079BA10BD2E
:10F8180038B504460D46FFF793FF28B92946204618
:10F82800BDE8384000F0A0BA38BDB0F1A04F2DE9CE
:10F83800F84305460E4602D0234B98423ED1002E8F
:10F848003CD02846FFF77CFF002838D11F4A2049C2
:10F85800284600F091FA90BB10270446B94641F2B9
:10F868008738AB68DB061AD5042F3B46314628BFDC
:10F8780004232868C6EB46740A19D20020FA02F25B
:10F8880001F8012B8A1B92B29342F5D800245A1E24
:10F8980092B20132FF1A1644BFB2C5F81090013473
:10F8A80044450ED8012000F053FA002FD9D128463C
:10F8B800BDE8F84341F2883100F02ABA0120BDE8DA
:10F8C800F8830320FBE700BF001000501F070F005C
:10F8D8004B00800310B50446FFF732FF28B92046D5
:10F8E800BDE81040032100F04FBA10BD10B5044622
:10F8F800FFF726FF20B92046BDE8104000F00CBAFB
:10F9080010BD002337B5B0F1A04F04460D46ADF841
:10F91800063002D0164B984228D10DF10601204638
:10F92800FFF72AFF00BBBDF80630AD0023F4804383
:10F9380005F07C0523F07C031D434FF4E0620621AB
:10F948002046ADF8065000F017FA68B9BDF8063041
:10F95800084A63600849204600F00EFA20B943F6C9
:10F968009821204600F0D4F903B030BD0120FBE710
:10F978000010005000070100010000052DE9F041CA
:10F9880004460D4616461F46FFF7DAFE38B93B46D1
:10F99800324629462046BDE8F04100F0C1B9BDE82D
:10F9A800F08138B504460D46FFF7CAFE28B9294646
:10F9B8002046BDE8384000F0EBB938BD2DE9F047E6
:10F9C80004460D4616461F469DF82080BDF8249033
:10F9D800FFF7B6FE48B9CDE908893B4632462946C5
:10F9E8002046BDE8F04700F0C3B9BDE8F0872DE92F
:10F9F800F04104460D4616461F469DF81880FFF74D
:10FA08009FFE48B9CDF818803B4632462946204625
:10FA1800BDE8F04100F0A4B9BDE8F081B0F1A04F15
:10FA28002DE9F8430446894615461F4602D0284B5F
:10FA3800984247D1EFF3108872B6264B03216366CC
:10FA4800254B2046E3650523236600F099F94FF41A
:10FA5800E06206460621204600F08EF9A36D0643B3
:10FA680043F00103A3650123F6B2A366B9F1030FBE
:10FA78002BD8DFE809F0021B1F232D021749E56484
:10FA8800174A204600F078F93043C0B288F310884E
:10FA9800C8B9236FDB07FCD4A36D394623F00103F3
:10FAA800A3652046BDE8F84300F032B92D03E564AC
:10FAB8000C49E5E7ED03E5640B49E1E72D04E5644E
:10FAC8000A49DDE70120BDE8F8831020FBE700BF05
:10FAD80000100050A008C80C2000C80081000003D6
:10FAE800170702002000000352000003D80000039B
:10FAF8002DE9F74FB0F1A04F04468A4617461D4638
:10FB08009DF83060BDF8348003D05C4B984240F0DB
:10FB1800B180002D00F0AE80002F00F0AB8055FAC8
:10FB28008AF3B3F5807F00F2A580EFF31083019389
:10FB380072B6534B4FF4E0626366524B0621E3659D
:10FB480005232046236600F017F9A36D022E43F023
:10FB58000103A3654FF001038146A3665DD0032E20
:10FB680061D0002E65D12A04A2F578424649E93AC7
:10FB78000020042D2E46BE4628BF042603461EF844
:10FB880001CB4FEAC00B0CFA0BFC013043EA0C0323
:10FB98001FFA80FC6645F2D8701E80B20130C4F8A6
:10FBA8004CA007446360204600F0E6F849EA0009E3
:10FBB8005FFA89F9AE1B41F2883A4D464FF0020BC5
:10FBC800B6B216B3C4F810B0A16811F0020117D18B
:10FBD800042E3346BC4628BF04230A461CF8010BF2
:10FBE8004FEAC10E00FA0EF00131024388B2984282
:10FBF800F4D3591E89B20131F61A0F44B6B26260C5
:10FC0800BAF1010A18D149F00305019B83F3108862
:10FC1800B5B1E8B203B0BDE8F08F2A04A2F5784286
:10FC2800E93A1A49A4E72A04A2F57842E93A1849B8
:10FC38009EE7002211469BE7012000F089F8C0E703
:10FC4800236FDA07FCD441F28835A36D23F0010352
:10FC5800A365D4F8A430DB0706D44146204603B098
:10FC6800BDE8F04F00F054B8013D05D0012000F088
:10FC78006FF8EEE70120CDE70320CBE70010005036
:10FC8800A008C80C4001C80002004003A2004203BB
:10FC9800320043032DE9F74F9DB282468846174646
:10FCA8009DF83090BDF834B0EDB1E2B1494600F0AE
:10FCB80067F8064698B95FFA88F4C4F58074A4B268
:10FCC800AC4288BFACB23A464146CDE9009B2346D8
:10FCD8005046FFF70DFF2D1BA0442744EBD13046BB
:10FCE80003B0BDE8F08F0126F9E700BF000000006F
:10FCF8005FF800F0295D00005FF800F01D73000058
:10FD08005FF800F03D8900005FF800F00D8D0000FD
:10FD18005FF800F0999000005FF800F0A58D0000F2
:10FD28005FF800F0A18800005FF800F0697A000031
:10FD38005FF800F0F58F00005FF800F0758C0000A8
:10FD48005FF800F0818B00005FF800F099920000E6
:10FD58005FF800F0814700005FF800F03DC3000045
:10FD68005FF800F09D8A00005FF800F075890000D8
:10FD78005FF800F0D99000005FF800F0458E0000B1
:10FD88005FF800F0C18D00005FF800F0798800008E
:08FD98005FF800F00188000093
:10FDA0009EAD0F00146F0110246F011001000000C0
:10FDB0002C6F0110010000004E000000090000003F
:10FDC00006000000360000000000000000000000F7
:10FDD00000000000E438DE42000010410100000095
:10FDE00090F0012001000000B47801100100000033
:10FDF0009478011001020600386F01100200000023
:10FE00000400020000F101200100000000000000D9
:10FE1000000000C30000803B010000000300000060
:10FE2000D078011001010100D47801100000000019
:10FE3000020000004E00000099B30010B4F0012051
:10FE4000F8F00120060000000100000000000000A2
:10FE50000000000002000000040000000600000096
:10FE60000000803F010000005C6F01100000404076
:10FE700006000000106F01101000000003000000D9
:10FE8000CDCCCC3D646F01100101000001000000E9
:10FE9000006C0110000000000001020304050000D6
:10FEA0007C6F0110886F0110DB50B935DBE399B529
:10FEB00075C15A3942E53AB99182883C09CB75BC83
:10FEC000FC357A3FE52771BF497376314973F631C6
:10FED000497376310000803F0B06E9BF39B3543FC8
:10FEE0000000803F000000400000803F0000803F95
:10FEF0000D1BEABF14F65A3F0000803F000000408F
:10FF00000000803F0000803F9A05EDBFC2C9663FF8
:10FF10000000803F000000400000803F0000803F64
:10FF2000CFC1F2BF87E4763F26A3AB3AD1482EBAC1
:10FF3000482D9E3C972F33BC0F1C183E1640D1BD58
:10FF40004D37533F0A7439BFBBF51138BBF59138B3
:10FF5000BBF511380000803F395DB5BF8F3C053FD0
:10FF60000000803F000000400000803F0000803F14
:10FF700084C9AABFCD39183F0000803F000000406F
:10FF80000000803F0000803F246C9EBFB9D6393FFF
:10FF90000000803F000000400000803F0000803FE4
:10FFA0003FEA9BBFAB16663F01000000E08B0110EB
:10FFB000D88B0110E08B0110000000000000000051
:10FFC000F08B0110000000000000000000000000A5
:10FFD00000000000C48B0110BC8B0110C48B011009
:10FFE0000000000000000000D48B011000000000A1
:10FFF000000000000000000000000000A88B0110BD
:020000041002E8
:10000000A08B0110A88B0110000000000000000070
:10001000B88B01100000000000000000000000008C
:1000200000000000948B01108C8B0110948B011048
:1000300000000000000000009C8B01100000000088
:1000400000000000000000000000000002090000A5
:1000500000000000DC9401104E00000001000000D0
:10006000C094011001020000B8940110B094011076
:100070000800000001000000949401100109000034
:10008000809401106C940110140000000100000025
:100090005894011001020000309401101C940110CA
:1000A0002800000001000000089401100109000070
:1000B0004093011034930110C800000001000000BB
:1000C0002093011001020000D0920110BC92011097
:1000D0005000000001000000A8920110010900007A
:1000E000908C01107C8C01101806000001000000AB
:1000F000688C011002090000000000005C8C0110F7
:100100001400000001000000488C011002090000EA
:10011000000000003C8C01100A00000001000000FB
:10012000288C011002090000000000001C8C011046
:100130000200000001000000088C0110020900000C
:10014000000000001C8C01100200000001000000F3
:10015000F48B0110430000000000000000000000CC
:10016000000000000000000000000000000000008F
:10017000000000004300000000000000000000003C
:10018000000000000000000000000000000000006F
:10019000000000004300000000000000000000001C
:1001A000000000000000000000000000000000004F
:1001B00000000000430000000000000000000000FC
:1001C000000000000000000000000000000000002F
:1001D00000000000430000000000000000000000DC
:1001E000000000000000000000000000000000000F
:1001F00000000000430000000000000000000000BC
:1002000000000000000000000000000000000000EE
:10021000000000004300000000000000000000009B
:1002200000000000000000000000000000000000CE
:100230000000000021480110833E01100000000072
:100240009098011014970110139701101397011043
:1002500013970110139701101397011013970110B2
:10026000139701101397011013970110FFFFFFFF61
:10027000FFFFFFFFFFFFFFFFFFFF000001004153F3
:100280004349490000000000000000000000000099
:1002900000000000000000000000000000004153CA
:1002A0004349490000000000000000000000000079
:1002B000000000000000000000000000000000003E
:1002C00024F501200000000024FA01208CFA01200E
:1002D000F4FA01200000000000000000000000000F
:1002E000000000000000000000000000000000000E
:1002F00000000000000000000000000000000000FE
:1003000000000000000000000000000000000000ED
:0C031000000000000300000024FA01209F
:04000005100032991C
:00000001FF
