:020000041000EA
:100000004B2A110200000000A4030000EEC3A6E981
:100010007EEEE78880B500F087F90020002100F02F
:100020000DF8292000F00FF8202000F011F800F062
:1000300033F900F013F800F025F980BD4CF2B93C1B
:10004000C0F2000C604747F67D1CC0F2000C604710
:1000500047F6D12CC0F2000C6047000080B54FF08D
:10006000A040012100F075F900060BD1032000F03B
:1000700075F9000606D1012000F075F9000604BFED
:10008000002080BD00F074F94FF47A7000F075F92B
:10009000012080BD2DE9F04381B019B343F2B83897
:1000A0000F4606464FF0FF344FF00009C2F2000839
:1000B0003D46B7F5807F28BF4FF480754FF0A040D4
:1000C000314642462B46CDF8009000F05BF960B90E
:1000D00040462946224600F05AF904467F1B2E442A
:1000E000E6D103E04FF0FF3400E00124204601B0E8
:1000F000BDE8F08310B582B004464FF0000C4FF01D
:10010000A0404FF4805122462023CDF800C000F0DB
:1001100039F9000622D120461C214FF0FF3200F0B1
:1001200036F9E169814219D1E078112816D1A07819
:10013000022813D1E168B1F5002F0FD8606846F2AC
:100140007872C4F26A72904208D1A068FFF7A2FFE9
:100150002169401A18BF012002B010BD012002B071
:1001600010BD00002DE9F0410C4605460E184FF079
:100170000008B4F5803F07D3A8B228B94FF4803700
:100180000321102021E000BFB4F5004F08D328461A
:100190006FF3DF3020B94FF4004702210F2014E045
:1001A00029466FF31F31200BB1FA81F1B8EB143FF0
:1001B00018BF0120490901404FF008004FF4807733
:1001C00018BF0C2018BF4FF4805725FA00F082B2F8
:1001D0004FF0A04047F2305300F0DEF800060BD19C
:1001E0003D44B542A4EB070424BF0020BDE8F081E4
:1001F000B4F5803FC0D2C7E700F0BAF84FF47A7088
:1002000000F0BBF80120BDE8F08100002DE9F047C7
:1002100082B04FF000098AB343F2B83814460E4654
:100220000746C2F2000840F6B83A00BF2546B4F5CA
:10023000807F28BF4FF480754FF0A040394642467A
:100240002B46CDF8009000F09DF890B94FF0A040FB
:10025000314642462B46CDF80090CDF804A000F080
:10026000A0F848B92F44641B2E44DFD14FF0000999
:1002700004E04FF0010901E04FF00109484602B0E7
:10028000BDE8F08780B542F20400C1F200000068CA
:1002900000F08CF880BD0000B0B588B06846FFF76C
:1002A00029FF08B101243CE0DDE90501FFF75AFF11
:1002B00038B100F05DF84FF47A7000F05EF8012478
:1002C0002FE0DDE902020599FFF7A0FF38B100F049
:1002D0004FF84FF47A7000F050F8012421E00399B0
:1002E0000598FFF7D7FE0499884213D14FF0A0403C
:1002F0000021102247F23053002400F04DF805464B
:1003000000F036F828060CD04FF47A7000F035F87B
:10031000012406E000F02CF84FF47A7000F02DF87C
:100320000124204608B0B0BDEC20C6F205000168EB
:100330007F2221F002010160016821F004010160C7
:100340006FF0030143180431342943F8D82CF9D154
:10035000704748F6F57CC0F2000C604747F2613CFC
:10036000C0F2000C604747F21D3CC0F2000C604731
:1003700047F6717CC0F2000C604744F2717CC0F219
:10038000000C604748F69D2CC0F2000C604744F218
:10039000C17CC0F2000C604748F6A10CC0F2000C12
:1003A000604749F2D90CC0F2000C604744F62D0CAE
:1003B000C0F2000C604700000000000000000000D8
:1003C000000000000000000000000000000000002D
:1003D000000000000000000000000000000000001D
:1003E000000000000000000000000000000000000D
:1003F00000000000000000000000000000000000FD
:1004000000000000000000000000000000000000EC
:1004100000000000000000000000000000000000DC
:1004200000000000000000000000000000000000CC
:1004300000000000000000000000000000000000BC
:1004400000000000000000000000000000000000AC
:10045000000000000000000000000000000000009C
:10046000000000000000000000000000000000008C
:10047000000000000000000000000000000000007C
:10048000000000000000000000000000000000006C
:10049000000000000000000000000000000000005C
:1004A000000000000000000000000000000000004C
:1004B000000000000000000000000000000000003C
:1004C000000000000000000000000000000000002C
:1004D000000000000000000000000000000000001C
:1004E000000000000000000000000000000000000C
:1004F00000000000000000000000000000000000FC
:1005000000000000000000000000000000000000EB
:1005100000000000000000000000000000000000DB
:1005200000000000000000000000000000000000CB
:1005300000000000000000000000000000000000BB
:1005400000000000000000000000000000000000AB
:10055000000000000000000000000000000000009B
:10056000000000000000000000000000000000008B
:10057000000000000000000000000000000000007B
:10058000000000000000000000000000000000006B
:10059000000000000000000000000000000000005B
:1005A000000000000000000000000000000000004B
:1005B000000000000000000000000000000000003B
:1005C000000000000000000000000000000000002B
:1005D000000000000000000000000000000000001B
:1005E000000000000000000000000000000000000B
:1005F00000000000000000000000000000000000FB
:1006000000000000000000000000000000000000EA
:1006100000000000000000000000000000000000DA
:1006200000000000000000000000000000000000CA
:1006300000000000000000000000000000000000BA
:1006400000000000000000000000000000000000AA
:10065000000000000000000000000000000000009A
:10066000000000000000000000000000000000008A
:10067000000000000000000000000000000000007A
:10068000000000000000000000000000000000006A
:10069000000000000000000000000000000000005A
:1006A000000000000000000000000000000000004A
:1006B000000000000000000000000000000000003A
:1006C000000000000000000000000000000000002A
:1006D000000000000000000000000000000000001A
:1006E000000000000000000000000000000000000A
:1006F00000000000000000000000000000000000FA
:1007000000000000000000000000000000000000E9
:1007100000000000000000000000000000000000D9
:1007200000000000000000000000000000000000C9
:1007300000000000000000000000000000000000B9
:1007400000000000000000000000000000000000A9
:100750000000000000000000000000000000000099
:100760000000000000000000000000000000000089
:100770000000000000000000000000000000000079
:100780000000000000000000000000000000000069
:100790000000000000000000000000000000000059
:1007A0000000000000000000000000000000000049
:1007B0000000000000000000000000000000000039
:1007C0000000000000000000000000000000000029
:1007D0000000000000000000000000000000000019
:1007E0000000000000000000000000000000000009
:1007F00000000000000000000000000000000000F9
:1008000000000000000000000000000000000000E8
:1008100000000000000000000000000000000000D8
:1008200000000000000000000000000000000000C8
:1008300000000000000000000000000000000000B8
:1008400000000000000000000000000000000000A8
:100850000000000000000000000000000000000098
:100860000000000000000000000000000000000088
:100870000000000000000000000000000000000078
:100880000000000000000000000000000000000068
:100890000000000000000000000000000000000058
:1008A0000000000000000000000000000000000048
:1008B0000000000000000000000000000000000038
:1008C0000000000000000000000000000000000028
:1008D0000000000000000000000000000000000018
:1008E0000000000000000000000000000000000008
:1008F00000000000000000000000000000000000F8
:1009000000000000000000000000000000000000E7
:1009100000000000000000000000000000000000D7
:1009200000000000000000000000000000000000C7
:1009300000000000000000000000000000000000B7
:1009400000000000000000000000000000000000A7
:100950000000000000000000000000000000000097
:100960000000000000000000000000000000000087
:100970000000000000000000000000000000000077
:100980000000000000000000000000000000000067
:100990000000000000000000000000000000000057
:1009A0000000000000000000000000000000000047
:1009B0000000000000000000000000000000000037
:1009C0000000000000000000000000000000000027
:1009D0000000000000000000000000000000000017
:1009E0000000000000000000000000000000000007
:1009F00000000000000000000000000000000000F7
:100A000000000000000000000000000000000000E6
:100A100000000000000000000000000000000000D6
:100A200000000000000000000000000000000000C6
:100A300000000000000000000000000000000000B6
:100A400000000000000000000000000000000000A6
:100A50000000000000000000000000000000000096
:100A60000000000000000000000000000000000086
:100A70000000000000000000000000000000000076
:100A80000000000000000000000000000000000066
:100A90000000000000000000000000000000000056
:100AA0000000000000000000000000000000000046
:100AB0000000000000000000000000000000000036
:100AC0000000000000000000000000000000000026
:100AD0000000000000000000000000000000000016
:100AE0000000000000000000000000000000000006
:100AF00000000000000000000000000000000000F6
:100B000000000000000000000000000000000000E5
:100B100000000000000000000000000000000000D5
:100B200000000000000000000000000000000000C5
:100B300000000000000000000000000000000000B5
:100B400000000000000000000000000000000000A5
:100B50000000000000000000000000000000000095
:100B60000000000000000000000000000000000085
:100B70000000000000000000000000000000000075
:100B80000000000000000000000000000000000065
:100B90000000000000000000000000000000000055
:100BA0000000000000000000000000000000000045
:100BB0000000000000000000000000000000000035
:100BC0000000000000000000000000000000000025
:100BD0000000000000000000000000000000000015
:100BE0000000000000000000000000000000000005
:100BF00000000000000000000000000000000000F5
:100C000000000000000000000000000000000000E4
:100C100000000000000000000000000000000000D4
:100C200000000000000000000000000000000000C4
:100C300000000000000000000000000000000000B4
:100C400000000000000000000000000000000000A4
:100C50000000000000000000000000000000000094
:100C60000000000000000000000000000000000084
:100C70000000000000000000000000000000000074
:100C80000000000000000000000000000000000064
:100C90000000000000000000000000000000000054
:100CA0000000000000000000000000000000000044
:100CB0000000000000000000000000000000000034
:100CC0000000000000000000000000000000000024
:100CD0000000000000000000000000000000000014
:100CE0000000000000000000000000000000000004
:100CF00000000000000000000000000000000000F4
:100D000000000000000000000000000000000000E3
:100D100000000000000000000000000000000000D3
:100D200000000000000000000000000000000000C3
:100D300000000000000000000000000000000000B3
:100D400000000000000000000000000000000000A3
:100D50000000000000000000000000000000000093
:100D60000000000000000000000000000000000083
:100D70000000000000000000000000000000000073
:100D80000000000000000000000000000000000063
:100D90000000000000000000000000000000000053
:100DA0000000000000000000000000000000000043
:100DB0000000000000000000000000000000000033
:100DC0000000000000000000000000000000000023
:100DD0000000000000000000000000000000000013
:100DE0000000000000000000000000000000000003
:100DF00000000000000000000000000000000000F3
:100E000000000000000000000000000000000000E2
:100E100000000000000000000000000000000000D2
:100E200000000000000000000000000000000000C2
:100E300000000000000000000000000000000000B2
:100E400000000000000000000000000000000000A2
:100E50000000000000000000000000000000000092
:100E60000000000000000000000000000000000082
:100E70000000000000000000000000000000000072
:100E80000000000000000000000000000000000062
:100E90000000000000000000000000000000000052
:100EA0000000000000000000000000000000000042
:100EB0000000000000000000000000000000000032
:100EC0000000000000000000000000000000000022
:100ED0000000000000000000000000000000000012
:100EE0000000000000000000000000000000000002
:100EF00000000000000000000000000000000000F2
:100F000000000000000000000000000000000000E1
:100F100000000000000000000000000000000000D1
:100F200000000000000000000000000000000000C1
:100F300000000000000000000000000000000000B1
:100F400000000000000000000000000000000000A1
:100F50000000000000000000000000000000000091
:100F60000000000000000000000000000000000081
:100F70000000000000000000000000000000000071
:100F80000000000000000000000000000000000061
:100F90000000000000000000000000000000000051
:100FA0000000000000000000000000000000000041
:100FB0000000000000000000000000000000000031
:100FC0000000000000000000000000000000000021
:100FD0000000000000000000000000000000000011
:100FE0000000000000000000000000000000000001
:100FF00000000000000000000000000000000000F1
:1020000000700220ED310010593200106B320010C8
:102010007D3200107D3200107D3200100000000083
:10202000000000000000000000000000D1020000DD
:102030007D320010000000007503000081030000E5
:102040007D3200107D3200107D3200107D32001094
:102050007D3200107D3200107D3200107D32001084
:102060007D3200107D3200107D3200107D32001074
:102070007D3200107D320010F95E0010FD5E001010
:10208000015F00107D3200107D3200107D320010A3
:102090007D3200107D3200107D3200107D32001044
:1020A0007D3200107D3200107D3200107D32001034
:1020B0007D3200107D3200107D3200107D32001024
:1020C0007D3200107D3200107D3200107D32001014
:1020D000055F00107D3200107D3200107D3200104F
:1020E0007D3200107D3200107D3200107D320010F4
:1020F0007D3200107D3200107D3200107D320010E4
:102100007D3200107D3200107D3200107D320010D3
:102110007D3200107D3200107D3200107D320010C3
:0C2120007D3200107D3200107D32001076
:10212C0010F8012B11F8013B012A28BF9A42F7D075
:10213C00D01A704781F0004102E000BF83F00043E9
:10214C0030B54FEA41044FEA430594EA050F08BF46
:10215C0090EA020F1FBF54EA000C55EA020C7FEA0A
:10216C00645C7FEA655C00F0E2804FEA5454D4EB87
:10217C005555B8BF6D420CDD2C4480EA020281EA51
:10218C00030382EA000083EA010180EA020281EA89
:10219C000303362D88BF30BD11F0004F4FEA0131DB
:1021AC004FF4801C4CEA113102D0404261EB4101EA
:1021BC0013F0004F4FEA03334CEA133302D0524270
:1021CC0063EB430394EA050F00F0A780A4F101042C
:1021DC00D5F1200E0DDB02FA0EFC22FA05F2801866
:1021EC0041F1000103FA0EF2801843FA05F359414C
:1021FC000EE0A5F120050EF1200E012A03FA0EFCCB
:10220C0028BF4CF0020C43FA05F3C01851EBE371F4
:10221C0001F0004507D54FF0000EDCF1000C7EEB11
:10222C0000006EEB0101B1F5801F1BD3B1F5001F4F
:10223C000CD349085FEA30004FEA3C0C04F101046E
:10224C004FEA445212F5800F80F09A80BCF1004F97
:10225C0008BF5FEA500C50F1000041EB045141EA19
:10226C00050130BD5FEA4C0C404141EB0101013CE2
:10227C0028BFB1F5801FE9D291F0000F04BF0146D1
:10228C000020B1FA81F308BF2033A3F10B03B3F1A3
:10229C0020020CDA0C3208DD02F1140CC2F10C0233
:1022AC0001FA0CF021FA02F10CE002F11402D8BF91
:1022BC00C2F1200C01FA02F120FA0CFCDCBF41EA5D
:1022CC000C019040E41AA2BF01EB0451294330BD2C
:1022DC006FEA04041F3C1CDA0C340EDC04F1140409
:1022EC00C4F1200220FA04F001FA02F340EA0300E0
:1022FC0021FA04F345EA030130BDC4F10C04C4F126
:10230C00200220FA02F001FA04F340EA0300294605
:10231C0030BD21FA04F0294630BD94F0000F83F44F
:10232C00801306BF81F480110134013D4EE77FEA32
:10233C00645C18BF7FEA655C29D094EA050F08BF7E
:10234C0090EA020F05D054EA000C04BF194610465F
:10235C0030BD91EA030F1EBF0021002030BD5FEAA3
:10236C00545C05D14000494128BF41F0004130BDCB
:10237C0014F580043CBF01F5801130BD01F000451F
:10238C0045F0FE4141F470014FF0000030BD7FEA92
:10239C00645C1ABF194610467FEA655C1CBF0B468D
:1023AC00024650EA013406BF52EA033591EA030FA4
:1023BC0041F4002130BD00BF90F0000F04BF00219C
:1023CC00704730B54FF4806404F132044FF00005CF
:1023DC004FF0000150E700BF90F0000F04BF002148
:1023EC00704730B54FF4806404F1320410F00045AE
:1023FC0048BF40424FF000013EE700BF42004FEAA9
:10240C00E2014FEA31014FEA02701FBF12F07F4325
:10241C0093F07F4F81F06051704732F07F4208BFDC
:10242C00704793F07F4F04BF41F40021704730B5E3
:10243C004FF4607401F0004521F000411CE700BF2F
:10244C0050EA010208BF704730B54FF000050AE0B2
:10245C0050EA010208BF704730B511F0004502D5B3
:10246C00404261EB41014FF4806404F132045FEAB5
:10247C00915C3FF4D8AE4FF003025FEADC0C18BF5E
:10248C0003325FEADC0C18BF033202EBDC02C2F150
:10249C00200300FA03FC20FA02F001FA03FE40EAE2
:1024AC000E0021FA02F11444BDE600BF70B54FF0E6
:1024BC00FF0C4CF4E06C1CEA11541DBF1CEA1355C4
:1024CC0094EA0C0F95EA0C0F00F0DEF82C4481EA2C
:1024DC00030621EA4C5123EA4C5350EA013518BF4C
:1024EC0052EA033541F4801143F4801338D0A0FB39
:1024FC0002CE4FF00005E1FB02E506F00042E0FBE6
:10250C0003E54FF00006E1FB03569CF0000F18BFEB
:10251C004EF0010EA4F1FF04B6F5007F64F5407493
:10252C0004D25FEA4E0E6D4146EB060642EAC62126
:10253C0041EA55514FEAC52040EA5E504FEACE2E93
:10254C00B4F1FD0C88BFBCF5E06F1ED8BEF1004F96
:10255C0008BF5FEA500E50F1000041EB045170BD12
:10256C0006F0004646EA010140EA020081EA030156
:10257C00B4EB5C04C2BFD4EB0C0541EA045170BD52
:10258C0041F480114FF0000E013C00F3AB8014F1CC
:10259C00360FDEBF002001F0004170BDC4F1000415
:1025AC00203C35DA0C341BDC04F11404C4F1200596
:1025BC0000FA05F320FA04F001FA05F240EA0200F1
:1025CC0001F0004221F0004110EBD37021FA04F627
:1025DC0042EB06015EEA430E08BF20EAD37070BDE1
:1025EC00C4F10C04C4F1200500FA04F320FA05F040
:1025FC0001FA04F240EA020001F0004110EBD37042
:10260C0041F100015EEA430E08BF20EAD37070BDB1
:10261C00C4F1200500FA05F24EEA020E20FA04F38A
:10262C0001FA05F243EA020321FA04F001F0004139
:10263C0021FA04F220EA020000EBD3705EEA430EAA
:10264C0008BF20EAD37070BD94F0000F0FD101F0D9
:10265C000046400041EB010111F4801F08BF013C12
:10266C00F7D041EA060195F0000F18BF704703F050
:10267C000046520043EB030313F4801F08BF013DD7
:10268C00F7D043EA0603704794EA0C0F0CEA135593
:10269C0018BF95EA0C0F0CD050EA410618BF52EA4D
:1026AC004306D1D181EA030101F000414FF0000053
:1026BC0070BD50EA410606BF1046194652EA430661
:1026CC0019D094EA0C0F02D150EA013613D195EAD5
:1026DC000C0F05D152EA03361CBF104619460AD11D
:1026EC0081EA030101F0004141F0FE4141F4700127
:1026FC004FF0000070BD41F0FE4141F4780170BD17
:10270C0070B54FF0FF0C4CF4E06C1CEA11541DBF7B
:10271C001CEA135594EA0C0F95EA0C0F00F0A7F87D
:10272C00A4EB050481EA030E52EA03354FEA0131AA
:10273C0000F088804FEA03334FF0805545EA1313BD
:10274C0043EA12634FEA022245EA111545EA106585
:10275C004FEA00260EF000419D4208BF964244F11C
:10276C00FD0404F5407402D25B084FEA3202B61A3B
:10277C0065EB03055B084FEA32024FF480104FF40F
:10278C00002CB6EB020E75EB030E22BFB61A754683
:10279C0040EA0C005B084FEA3202B6EB020E75EB16
:1027AC00030E22BFB61A754640EA5C005B084FEA7E
:1027BC003202B6EB020E75EB030E22BFB61A75464B
:1027CC0040EA9C005B084FEA3202B6EB020E75EB56
:1027DC00030E22BFB61A754640EADC0055EA060E17
:1027EC0018D04FEA051545EA16754FEA06164FEA5A
:1027FC00C30343EA52734FEAC2025FEA1C1CC0D106
:10280C0011F4801F0BD141EA00014FF000004FF092
:10281C00004CB6E711F4801F04BF01430020B4F153
:10282C00FD0C88BFBCF5E06F3FF6AFAEB5EB030C0B
:10283C0004BFB6EB020C5FEA500C50F1000041EB08
:10284C00045170BD0EF0004E4EEA113114EB5C04D5
:10285C00C2BFD4EB0C0541EA045170BD41F48011A8
:10286C004FF0000E013C90E645EA060E8DE60CEAB0
:10287C00135594EA0C0F08BF95EA0C0F3FF43BAFCD
:10288C0094EA0C0F0AD150EA01347FF434AF95EA84
:10289C000C0F7FF425AF104619462CE795EA0C0F68
:1028AC0006D152EA03353FF4FDAE1046194622E735
:1028BC0050EA410618BF52EA43067FF4C5AE50EA0F
:1028CC0041047FF40DAF52EA43057FF4EBAE12E7FF
:1028DC004FF0FF3C06E000BF4FF0010C02E000BFE0
:1028EC004FF0010C4DF804CD4FEA410C7FEA6C5CC3
:1028FC004FEA430C18BF7FEA6C5C1BD001B050EA66
:10290C00410C0CBF52EA430C91EA030F02BF90EA50
:10291C00020F0020704710F1000F91EA030F58BF0F
:10292C00994208BF90422CBFD8176FEAE37040F071
:10293C00010070474FEA410C7FEA6C5C02D150EA0F
:10294C00013C07D14FEA430C7FEA6C5CD6D152EACA
:10295C00033CD3D05DF8040B704700BF844610468F
:10296C0062468C461946634600E000BF01B5FFF78E
:10297C00B7FF002848BF10F1000F01BD4DF808ED5E
:10298C00FFF7F4FF0CBF012000205DF808FB00BF2F
:10299C004DF808EDFFF7EAFF34BF012000205DF889
:1029AC0008FB00BF4DF808EDFFF7E0FF94BF0120D6
:1029BC0000205DF808FB00BF4DF808EDFFF7CEFFD7
:1029CC0094BF012000205DF808FB00BF4DF808ED16
:1029DC00FFF7C4FF34BF012000205DF808FB00BFE7
:1029EC004FEA410212F5001215D211D56FF478732B
:1029FC00B3EB625212D94FEAC12343F0004343EACE
:102A0C00505311F0004F23FA02F018BF40427047A8
:102A1C004FF00000704750EA013005D111F0004032
:102A2C0008BF6FF0004070474FF00000704700BFC8
:102A3C0080F0004002E000BF81F0004142001FBF67
:102A4C005FEA410392EA030F7FEA226C7FEA236C70
:102A5C006AD04FEA1262D2EB1363C1BFD218414065
:102A6C0048404140B8BF5B42192B88BF704710F0FB
:102A7C00004F40F4000020F07F4018BF404211F09E
:102A8C00004F41F4000121F07F4118BF494292EA06
:102A9C00030F3FD0A2F1010241FA03FC10EB0C0032
:102AAC00C3F1200301FA03F100F0004302D54942BF
:102ABC0060EB4000B0F5000F13D3B0F1807F06D36C
:102ACC0040084FEA310102F10102FE2A51D2B1F164
:102ADC00004F40EBC25008BF20F0010040EA030059
:102AEC007047490040EB0000013A28BFB0F5000FD9
:102AFC00EDD2B0FA80FCACF1080CB2EB0C0200FA8F
:102B0C000CF0AABF00EBC25052421843BCBFD040DD
:102B1C001843704792F0000F81F4000106BF80F457
:102B2C0000000132013BB5E74FEA41037FEA226C1A
:102B3C0018BF7FEA236C21D092EA030F04D092F0E5
:102B4C00000F08BF0846704790EA010F1CBF002019
:102B5C00704712F07F4F04D1400028BF40F0004076
:102B6C00704712F100723CBF00F50000704700F096
:102B7C00004343F0FE4040F4000070477FEA2262BD
:102B8C0016BF08467FEA23630146420206BF5FEA8E
:102B9C00412390EA010F40F4800070474FF000038E
:102BAC0004E000BF10F0004348BF40425FEA000C55
:102BBC0008BF704743F0964301464FF000001CE0FD
:102BCC0050EA010208BF70474FF000030AE000BF53
:102BDC0050EA010208BF704711F0004302D5404291
:102BEC0061EB41015FEA010C02BF84460146002003
:102BFC0043F0B64308BFA3F18053A3F50003BCFA1E
:102C0C008CF2083AA3EBC25310DB01FA02FC6344CA
:102C1C0000FA02FCC2F12002BCF1004F20FA02F2D1
:102C2C0043EB020008BF20F00100704702F12002C4
:102C3C0001FA02FCC2F1200250EA4C0021FA02F225
:102C4C0043EB020008BF20EADC7070474FF0FF0C2A
:102C5C001CEAD0521EBF1CEAD15392EA0C0F93EA25
:102C6C000C0F6FD01A4480EA010C400218BF5FEAC7
:102C7C0041211ED04FF0006343EA501043EA51113A
:102C8C00A0FB01310CF00040B1F5000F3EBF490034
:102C9C0041EAD3715B0040EA010062F17F02FD2A38
:102CAC001DD8B3F1004F40EBC25008BF20F001001B
:102CBC00704790F0000F0CF0004C08BF49024CEA32
:102CCC00502040EA51207F3AC2BFD2F1FF0340EAC4
:102CDC00C250704740F400004FF00003013A5DDC35
:102CEC0012F1190FDCBF00F000407047C2F1000276
:102CFC00410021FA02F1C2F1200200FA02FC5FEA63
:102D0C00310040F1000053EA4C0308BF20EADC70AC
:102D1C00704792F0000F00F0004C02BF400010F41E
:102D2C00000F013AF9D040EA0C0093F0000F01F0CB
:102D3C00004C02BF490011F4000F013BF9D041EAED
:102D4C000C018FE70CEAD15392EA0C0F18BF93EAEF
:102D5C000C0F0AD030F0004C18BF31F0004CD8D119
:102D6C0080EA010000F00040704790F0000F17BFA0
:102D7C0090F0004F084691F0000F91F0004F14D0E6
:102D8C0092EA0C0F01D142020FD193EA0C0F03D13E
:102D9C004B0218BF084608D180EA010000F0004041
:102DAC0040F0FE4040F40000704740F0FE4040F41C
:102DBC00400070474FF0FF0C1CEAD0521EBF1CEABB
:102DCC00D15392EA0C0F93EA0C0F69D0A2EB0302D9
:102DDC0080EA010C49024FEA402037D04FF0805373
:102DEC0043EA111143EA10130CF000408B4238BF38
:102DFC005B0042F17D024FF4000C8B4224BF5B1A46
:102E0C0040EA0C00B3EB510F24BFA3EB510340EA93
:102E1C005C00B3EB910F24BFA3EB910340EA9C0041
:102E2C00B3EBD10F24BFA3EBD10340EADC001B01B1
:102E3C0018BF5FEA1C1CE0D1FD2A3FF650AF8B4255
:102E4C0040EBC25008BF20F0010070470CF0004C62
:102E5C004CEA50207F32C2BFD2F1FF0340EAC2508D
:102E6C00704740F400004FF00003013A37E792F04E
:102E7C00000F00F0004C02BF400010F4000F013AAC
:102E8C00F9D040EA0C0093F0000F01F0004C02BFA7
:102E9C00490011F4000F013BF9D041EA0C0195E710
:102EAC000CEAD15392EA0C0F08D142027FF47DAFA9
:102EBC0093EA0C0F7FF470AF084676E793EA0C0F99
:102ECC0004D14B023FF44CAF08466EE730F0004C97
:102EDC0018BF31F0004CCAD130F000427FF45CAF27
:102EEC0031F000437FF43CAF5FE700BF4FF0FF3C95
:102EFC0006E000BF4FF0010C02E000BF4FF0010CE8
:102F0C004DF804CD4FEA40024FEA41037FEA226CB0
:102F1C0018BF7FEA236C11D001B052EA530C18BFD2
:102F2C0090EA010F58BFB2EB030088BFC81738BF37
:102F3C006FEAE17018BF40F0010070477FEA226C25
:102F4C0002D15FEA402C05D17FEA236CE4D15FEA21
:102F5C00412CE1D05DF8040B704700BF8446084655
:102F6C006146FFE70FB5FFF7C9FF002848BF10F116
:102F7C00000F0FBD4DF808EDFFF7F4FF0CBF01205B
:102F8C0000205DF808FB00BF4DF808EDFFF7EAFFE5
:102F9C0034BF012000205DF808FB00BF4DF808EDA0
:102FAC00FFF7E0FF94BF012000205DF808FB00BF95
:102FBC004DF808EDFFF7D2FF94BF012000205DF81B
:102FCC0008FB00BF4DF808EDFFF7C8FF34BF012028
:102FDC0000205DF808FB00BF4FEA40024FEA4103B6
:102FEC007FEA226C02D15FEA402C08D17FEA236C85
:102FFC0002D15FEA412C02D14FF0000070474FF034
:10300C00010070474FEA4002B2F1FE4F0FD34FF070
:10301C009E03B3EB12620DD94FEA002343F0004339
:10302C0010F0004F23FA02F018BF404270474FF0E7
:10303C000000704712F1610F01D1420205D110F06E
:10304C00004008BF6FF0004070474FF00000704721
:10305C0042000ED2B2F1FE4F0BD34FF09E03B3EBF6
:10306C00126209D44FEA002343F0004323FA02F022
:10307C0070474FF00000704712F1610F01D142020E
:10308C0002D14FF0FF3070474FF00000704700BF87
:10309C007BB972B90029BEBF00204FF0004106E099
:1030AC0008BF00281CBF6FF000414FF0FF3000F04C
:1030BC0057B8ADF1080C6DE904CE002909DB002BE3
:1030CC001ADB0BF033FBDDF804E0DDE9022304B07E
:1030DC007047404261EB4101002B1BDB0BF026FBE0
:1030EC00DDF804E0DDE9022304B0404261EB41016C
:1030FC00524263EB43037047524263EB43030BF0C2
:10310C0015FBDDF804E0DDE9022304B0404261EB7D
:10311C0041017047524263EB43030BF007FBDDF8B0
:10312C0004E0DDE9022304B0524263EB4303704731
:10313C0053B94AB9002908BF00281CBF4FF0FF3112
:10314C004FF0FF3000F00CB8ADF1080C6DE904CE77
:10315C000BF0ECFADDF804E0DDE9022304B0704773
:10316C00704700BF4A0011D212F5001211D20DD5D2
:10317C006FF47873B3EB62520ED44FEAC12343F071
:10318C00004343EA505323FA02F070474FF000001B
:10319C00704750EA013002D14FF0FF3070474FF0CA
:1031AC00000070470A4B0B4A03F5967053F8041B4A
:1031BC00834242F8041FF9D1074B084A9A605A69B6
:1031CC0042F010025A615A6942F480725A61704797
:1031DC0000200010FC6F012000ED00E000700120C9
:1031EC00244880F30888244880F30A8823488047C1
:1031FC00002103E0224B5B58435004312148224B01
:10320C0042189A42F6D3002103E0204B5B584350FE
:10321C0004311F481F4B42189A42F6D3002103E099
:10322C001D4B5B58435004311C481D4B42189A42AD
:10323C00F6D31C4A02E00023136004321A4B9A4264
:10324C00F9D30AF0D5FA00F0F9FAFEE75FEA0E00BE
:10325C00EFF30881EFF30982144B9847FEE75FEA1E
:10326C000E00EFF30881EFF30982114B9847FEE74C
:10327C00FEE700000070022000600220B131001057
:10328C000029011000300020C0840020C07D0110F6
:10329C0000720120687901202885011000F00120BE
:1032AC0054F5012054F50120D0040220CD34001037
:1032BC00F134001070B51F4D82B02B68B3F1C04FC4
:1032CC002CD01D4A93421ED01C4E1D4C2D200BF0B1
:1032DC0041FC0C22316820680BF074FC08B102B080
:1032EC0070BD0222316820680BF0F4FB0028F6D187
:1032FC00144A154B126869462868CDE900230BF077
:10330C0011FC02B070BD0D4E0D4C2C200BF022FCAC
:10331C000822316820680BF055FCDFE7074E084C9B
:10332C002B200BF017FC0422316820680BF04AFCB0
:10333C00D4E700BF5CF501200004006068F50120B3
:10334C0058F5012064F501202130010130B4B2F1AF
:10335C00C04F029C06D0114DAA4203D005F58065E2
:10336C00AA4218D10E4DA84202D08035A84212D1E3
:10337C000C4D2C6024B100240B4D2C800B4D2C805B
:10338C000B4C22600B4A0C4C10600C4A216030BC78
:10339C001360FFF78FBF102030BC70470004006033
:1033AC0000B0046054F5012062F5012060F50120A5
:1033BC005CF5012058F5012068F5012064F5012029
:1033CC00F8B50E4D2B68BBB10D4C0E4E23880E4F2D
:1033DC000FE02A6838681268D15C0BF0F7FB238881
:1033EC002A68013392889BB29A4223809CBF0023A7
:1033FC00238032889A42ECD1F8BD00BF54F50120ED
:10340C0062F5012060F501205CF501202DE9F84FF3
:10341C00431C884634D00138012828D8002A2FDDD7
:10342C004C1E4FF0000BDFF860A0184DDFF86090D9
:10343C00A6180FE0B5F800C002680CF1010302F801
:10344C000C1082889BB29A422B8098BFA5F800B0D2
:10345C00B44210D0DAF80000274614F8011F0028F7
:10346C00E8D1D9F800000BF0B1FB0028F0D04FF0F8
:10347C00FF30BDE8F88FB81CA0EB0800BDE8F88F52
:10348C000020BDE8F88F00BF54F5012060F5012045
:10349C005CF50120012070474FF0FF30704700BFF2
:1034AC00002070474FF4005300204B60704700BF62
:1034BC0000207047012070474FF0FF30704700BF6D
:1034CC000D461646044608B5FFF7F4FE33462A4669
:1034DC002146034809F0B8FFFFF772FFFEE700BF73
:1034EC00F8EB001070B582B004460D461646FFF797
:1034FC00E1FEEFF30881834809F0A6FF23074CBFD8
:10350C00814882480AF010F8600737D580480AF0E5
:10351C000BF835467F480AF007F829687E4809F011
:10352C0093FF69687D4809F08FFFA9687C4809F012
:10353C008BFFE9687B4809F087FF29697A4809F015
:10354C0083FF6969794809F07FFFA969784809F018
:10355C007BFFE969774809F077FFAA69764B0192FE
:10356C00DB6A99070ED4744BDB6A002B41DB724C7F
:10357C00E36A5A000AD4FFF723FFFEE76F4809F00D
:10358C00D3FFC7E76E4809F0CFFFECE76D4809F0B1
:10359C00CBFFA36ADBB2002B4DD1674CA36A13F4AB
:1035AC007F4F2AD1644CA36AB3F5803FE3D36648BE
:1035BC0009F0BAFFA36ADE036FD45F4B9B6A9D03CD
:1035CC0067D45D4B9B6A5C035FD45B4B9B6A1803AF
:1035DC0057D4594B9B6AD9024FD4574B9B6ADA018B
:1035EC0047D4554B9B6A9B01C5D5584809F09CFFA5
:1035FC00C1E7574809F098FFB9E7564809F094FF1E
:10360C00A36ADB0531D44C4CA36A9E056ED44A4B9D
:10361C009B6A580566D4484B9B6A19055ED4464B89
:10362C009B6ADA0456D4444B9B6A9B04BAD54A482D
:10363C0009F07AFFB6E7494809F076FFA36ADB0781
:10364C0033D43D4CA36A9E0738D43B4B9B6A180776
:10365C0030D4394B9B6AD90623D4374B9B6A9A06D4
:10366C009BD53F4809F060FF97E73E4809F05CFFA7
:10367C00C9E73D4809F058FFB3E73C4809F054FF4F
:10368C00ABE73B4809F050FFA3E73A4809F04CFF81
:10369C009BE7394809F048FF93E7384809F044FFA5
:1036AC008BE7374809F040FFD7E70199354809F017
:1036BC00CBFEC6E7344809F037FFCAE70199334817
:1036CC0009F0C2FEA36A1D06BFD5616B304809F034
:1036DC00BBFEBAE72F4809F027FFA4E72E4809F0F4
:1036EC0023FF9CE72D4809F01FFF94E701992C4814
:1036FC0009F0AAFEA36A1D0489D5A16B244809F020
:10370C00A3FE84E718EC001040EC001054EC001001
:10371C006CEC00108CEC00109CEC0010ACEC00106D
:10372C00BCEC0010CCEC0010DCEC0010ECEC00104D
:10373C00FCEC00100CED001000ED00E07CEC001037
:10374C001CED001040ED0010F4F0001050F20010D1
:10375C002CED001064EF0010A8F0001054ED0010D8
:10376C0010EF001070EF00101CF20010F0F10010C0
:10377C00B0F1001080F1001040F1001004F10010C5
:10378C00BCEE001068ED001064EE0010E0ED0010CF
:10379C0054EE00105CF0001010F00010D8EF001088
:1037AC00A0EF001010B4054CD4E90023501C43F1D9
:1037BC000001C4E9000110BC704700BF78F501207E
:1037CC00704700BF704700BF70B5EFF3108C72B636
:1037DC004FF0E023174AD2E90045174A9869596916
:1037EC0056684A1C760105D5661C986945F100039C
:1037FC0034461D468CF31088091A4FF47A70002356
:10380C00A1FB0001FFF794FC6B016201121B43EA60
:10381C00D46363EB05039B0043EA92739200121985
:10382C0043EB0503D400DB00001943EA527343EB6E
:10383C00010170BD78F5012000ED00E008B52848C5
:10384C000BF0BCF9274C64200BF08CF902F0FAFA5F
:10385C00012002F007FB02F033FB234AA368DA6372
:10386C00BFF34F8FBFF34F8FBFF36F8F0BF02EF95A
:10387C001E4BA3FB00239B09013BB3F1807F2BD292
:10388C004FF0E02207214FF0E00C0020536184F848
:10389C0023C09061116102F0D3FB02F091FD202056
:1038AC000BF01CF94FF480614FF480300BF07EF973
:1038BC0020B102F067F802F065F8FAE70C4B596892
:1038CC000BF064F929200BF045F92A200BF042F992
:1038DC0020200BF037F9ECE7064809F025FEFEE74F
:1038EC0000E0046000ED00E0B1370010D34D621031
:1038FC00003000208CF2001003680868184700BFE5
:10390C0010B40468086811681A68234610BC18477C
:10391C00034610B5104672B1B3F59C7F0BD8C3F5B6
:10392C009C728A4207D3054C8A0004EB830109F090
:10393C0094FF002010BD4FF0FF3010BD90FA012015
:10394C0009F07EBC08B528B130F8023CC01AFFF76C
:10395C00F7FF08BD6B21024B024A034809F02EFC0D
:10396C00B0F20010B4F20010E0F200102DE9F843B0
:10397C00D0F80CE01C469EF85460DDF820C0D3F85B
:10398C00805066B100212F1D55F8310020B157F839
:10399C0031309A4207D033B101318E42F4D16FF0FD
:1039AC002000BDE8F883BEF86270E7B10568DEF868
:1039BC006460013FDCF80080DCF804902F44043E86
:1039CC00013D15F9010FFFF7EDF84146FFF734F80B
:1039DC004946FFF73BF956F8043FBD4204F1080491
:1039EC0023606060EDD10020BDE8F883012A02D18C
:1039FC00016000207047022A05D0032AF9D0002A62
:103A0C00F7D10260F5E70B680360F2E7012A02D1F7
:103A1C00016000207047022A05D0032AF9D0002A41
:103A2C00F7D10260F5E70B680360F2E7012A02D1D7
:103A3C00016000207047022A05D0032AF9D0002A21
:103A4C00F7D10260F5E70B680360F2E72DE9F04F60
:103A5C0004680868A1681268B0FBF1F9B2FBF1FACE
:103A6C001F68E36887B01A6A02FB09F902FB0A9A1D
:103A7C00D1452CD24FF0000B019721B3019B0026AE
:103A8C00012703EB8B0506E0A168731C8B4205F143
:103A9C00040514D21E46D4E900039B5D82684B4496
:103AAC00CDE903370595B2B1D0F80C8005AB04AA6B
:103ABC0003A9C0470028E7D007B0BDE8F08F0BF191
:103ACC00010BE368B3441A6A9144CA45D5D8002067
:103ADC0007B0BDE8F08F09F05BFB00BF70B5D0E913
:103AEC00001391F83C20054682B10024264653F879
:103AFC00240030B10368DB689847D5E9001343F81C
:103B0C00246091F83C2001349442F0D31846FFF71E
:103B1C0017FF284670BD00BF2DE9F04F83B0054656
:103B2C000F46FFF751FE80468946002D60D0EE68A7
:103B3C00F36C63B3002402E0F36CA34227D9D5F8ED
:103B4C0010E03B4621462846BEF1000F01D05EF83E
:103B5C0024E0326D02EB441CDCF81C20CDF804E0B0
:103B6C00DCF818E00134CDF800E0DCF810A0D04708
:103B7C0082460028E0D0FFF727FEB0EB080061EB8F
:103B8C000901C7E91C01504603B0BDE8F08F96F857
:103B9C005420FAB10024D7F88030A2460BE0284616
:103BAC00FFF7CEFED7F8803043F80BA096F85420E0
:103BBC000134A2420ED953F834504FEAC40B002DF5
:103BCC00F6D028680028EAD02B7B002BE7D0FFF733
:103BDC00B7FEE4E7FFF7F8FD4FF0000AB0EB080082
:103BEC0061EB0901C7E91C01504603B0BDE8F08F39
:103BFC006FF00A0AF8E700BFF8B507460D46F0B1BA
:103C0C00C668002496F83C20BAB1336C04EBC400AF
:103C1C0003EB80031B6A800063B1196851B15B69C7
:103C2C0043B1FA6855F83410126C1044984728B90F
:103C3C0096F83C200134A242E7D80020F8BD6FF082
:103C4C000A00F8BD002070472DE9F0430546C06816
:103C5C00984690F844300E46174685B00BB30024B6
:103C6C0004E0E86890F84430A3421AD9826C04EB63
:103C7C00440302EBC30CDCF81030CDF80C80DCF8FC
:103C8C0008203146CDE901729CF814200092DCF832
:103C9C0004902246C84701340028E2D005B0BDE8A4
:103CAC00F083FFF7CFFF831C18BF002005B0BDE8E1
:103CBC00F08300BF0FB430B5E3B066AC54F8045BCE
:103CCC004FF4C072002102A809F01DFD4FF4C07121
:103CDC002A46234602A8019409F05CFC002810DD5A
:103CEC00002302AC0DF287158DF8873105E04FF0FB
:103CFC00C0400AF06BFFAC4203D014F8011B002942
:103D0C00F5D163B0BDE8304004B070472DE9F04FF9
:103D1C0083B00C9B15460190002B00F08C80002783
:103D2C003E46B846019B29781C680329D4E9013228
:103D3C0002FB03F080440BD0092950D0012936D066
:103D4C004348FFF7B7FF6FF00C0003B0BDE8F08FEE
:103D5C004FF00009D8B12368E96853F82900FFF740
:103D6C0029F809F0D5F9FFF74DF92969D5F804B010
:103D7C00084480F308000BF80600D4E9013202FB7A
:103D8C0003F309F101094B4506F10106E3D80C9B3D
:103D9C000137BB42C6D1A969B8EB910F03D041459D
:103DAC0018BFC3464CD1002003B0BDE8F08F0028EB
:103DBC00EDD023686A6806F18041043B013902EBBF
:103DCC00810203EB800453F8041F9C4242F8041F49
:103DDC00F9D10C9B0137BB420644A3D1DBE74FF072
:103DEC00000B0028D3D02268E96852F82B00FEF7AC
:103DFC00E1FF09F08DF9FFF705F92B69D5F804A05F
:103E0C0018446FF07F039842B8BF18467F28A8BFAC
:103E1C007F200AF80600D4E9012101FB02F20BF124
:103E2C00010B5A4506F10106DDD80C9B0137BB424C
:103E3C007FF478AFAFE791698B08B4D0DDF830B080
:103E4C0004485A46FFF736FF6FF017007DE700BFB6
:103E5C0060F3001084F300100B4601782DE9F0415B
:103E6C0003290446D3E9012002FB00F028D00929DC
:103E7C000CD001293ED1A269B0EB920F41D16168FF
:103E8C00186809F0EAFC0020BDE8F081A1698142C4
:103E9C0042D10029F7D065681E680139276905EB06
:103EAC000108043E013D15F9010FC01BFEF77AFE17
:103EBC00E168FEF7CBFE454546F8040FF3D1E2E787
:103ECC00A169814228D10029DDD065681E680139BD
:103EDC00276905EB0108043E013D15F8010FC01BD5
:103EEC00FEF760FEE168FEF7B1FEA84546F8040F48
:103EFC00F3D1C8E70B48FFF7DDFE6FF00D00BDE80E
:103F0C00F081111EB8BF0331024689100648FFF735
:103F1C00D1FE6FF01700B7E702460348FFF7CAFE61
:103F2C00F7E700BF18F40010D4F30010F8B50F46F3
:103F3C001D4606461446FFF747FCC7E900013769E2
:103F4C0012487B682D6898470146C8B921463B69E1
:103F5C009847044678B9337B1BB90FE0327B9A4201
:103F6C000CD9B26829467B69105D98470134E3B2DD
:103F7C0040350028F2D06FF00200F8BD0020F8BDEB
:103F8C000348FFF797FE6FF00500F8BD9541001050
:103F9C0058F4001070B50C46002586B0D668019513
:103FAC004A68A568816805FB02F20569AA4228BF28
:103FBC002A46029222680492002955D0C56804ABA7
:103FCC0002AA01A9A8474FF07E513046FEF7D2FF56
:103FDC00054610B1002006B070BD0346A2883146DC
:103FEC0062F30F03ADF80820228902A862F31F4385
:103FFC0004932368ADF80A2004AA0393059302F0F6
:10400C0009FA0028E6D019491948FFF753FE2B4648
:10401C00A2883146ADF8082062F30F03228902A86A
:10402C0062F31F4304932368ADF80A2004AA039398
:10403C00059302F0EFF901460E48FFF73BFEA3880B
:10404C0031462689ADF8083063F30F05236804AABE
:10405C0002A866F31F45CDE90335ADF80A60059358
:10406C0002F0D8F906B070BD09F092F888F400108F
:10407C008CF4001094F4001010B51A49FEF7E6FD0C
:10408C0019490446FEF79EFF40B320461749FEF738
:10409C007BFF18B320460021FEF776FFD8B94FF00E
:1040AC007C512046FEF7CAFCFEF7ACFF4FF47A7445
:1040BC0080EAE0730E4AA3EBE0730028A2FB030234
:1040CC004FEA921204FB1233B4BF0A490A490B4857
:1040DC00FFF7F0FD10BD4FF03F41E2E70848FFF756
:1040EC00E9FD10BD00007A44FBFFFFCEFBFFFF4E45
:1040FC00D34D6210A8F4001098F70010B4F400101F
:10410C00ACF40010F8B506460F46E1B1002556F8A0
:10411C003530ABB1012F1AD19A6812B300241B6849
:10412C0053F82400FFF7A8FF1148FFF7C3FD56F81A
:10413C00353001349A68A242F1D80E48FFF7BAFD27
:10414C000135AF42E3D10C48FFF7B4FDF8BD294669
:10415C000A48FFF7AFFD56F835309A68002ADDD1D2
:10416C00EBE70448FFF7A6FD0348FFF7A3FDF8BDF6
:10417C007CFA0010C0F40010E8FA0010C4F400102F
:10418C0009F056B809F038B8431E034210B504467E
:10419C0013D180B179B1481C20440121FFF7F2FF03
:1041AC00024640B1631C0344644203EA0400821AD1
:1041BC0020F8022C10BD002010BD4821024B034AF0
:1041CC00034808F0FBFF00BFD4F40010F0F400101B
:1041DC00E0F200100B462DE9F04F8FB00993936875
:1041EC0004460646564950690893FDF799FF002886
:1041FC0014BF0323012322690393002A00F0958046
:10420C004FF0000A17465446B3464E4DCDF810A059
:10421C00B7F5806F3E4628BF4FF48066089B01219E
:10422C0003FB06F080000296FFF7ACFF0590002818
:10423C007FD0049ADBF80830CDE90B260D90002BCB
:10424C007BD05846DBF80C600DAB0CAA0BA9B04721
:10425C00002F5CD0099B4FF00008D3F800A0059B01
:10426C00CDE9067BA3F1040921E0374958460193B7
:10427C00FEF7ECFC0246354938461746FEF7E6FCDD
:10428C0001463846FEF7DAFB0246314930461646FF
:10429C00FEF7DCFC01463046FEF7D0FB019B08F133
:1042AC0001084AF80300029B013443452DD959F803
:1042BC00040FFEF7CDFE0646C0F30740FEF76EFC7A
:1042CC002946FEF777FD8346C6F30720FEF766FC0A
:1042DC002946FEF76FFD0746F0B2FEF75FFC294654
:1042EC00FEF768FD0399064603294FEA84030AEB9F
:1042FC008402BAD1029B08F1010843454AF824B064
:10430C005760906004F10304D1D8DDE9067B029B71
:10431C000598FF1AFFF714FB049ADBF8103002F52E
:10432C008062934204923FF673AF00200FB0BDE859
:10433C00F08F08480FB0BDE8F08F08F029FF00BFE0
:10434C0028F5001000007F438716993EA245163FC2
:10435C00D578E93D16FCFFFF2DE9F04FA3B0DDE960
:10436C002DB48046207B25698001924604938946B2
:10437C000595FFF705FF06460890FFF725FA002381
:10438C007A4A1193CDE91223794B12AD1093794BE4
:10439C000DAF95E803000F9387E8030008AB2A469E
:1043AC0020460AA9FFF7C2FD0346D0B1119A52B1BB
:1043BC000F990992002900F0D6803846109A09A965
:1043CC0004939047049B00220F9C11922CB1032262
:1043DC00394638460493A047049B184623B0BDE8E1
:1043EC00F08F2C99049B009198F844102A46029166
:1043FC0098F83C1048460191DBF88010FFF786FCDA
:10440C0003460028D2D1DDE90A892269049092681A
:10441C009047002840F0A480FFF7D6F9B0EB0800D5
:10442C0061EB0901CBE91A01FFF70CFC0230049B8C
:10443C0008BF6FF00103227B002A54D0B0464FF026
:10444C000009CDE906634FEACA05D8F808100A68D6
:10445C00002A40F3828000234FF0010A51F8040F28
:10446C000133934200FB0AFAF8D198F80060032E4E
:10447C000AD0092E08D0012E56D031463E48FFF7FF
:10448C0019FC6FF00D0391E7237D1020002B34D124
:10449C00FFF776FE012104905046FFF773FE4FF0B4
:1044AC00010C049B1860DBF88060D8F81820D8F851
:1044BC000410C3F808A083F80CC0C3F804C07351EF
:1044CC0009F0CBF9DBF8803062682B444A445A601F
:1044DC00237B09F101094B4508F1400805F108055A
:1044EC00B3D8DDE906630493059B2048DA6890474E
:1044FC003046FFF725FA049B58E7FFF741FE0121F0
:10450C0004904FEA8A00FFF73DFE0122049BDBF882
:10451C0080601860C3F808A01A735A6019464046A8
:10452C007351FFF799FCCDE71020FFF729FE3146B8
:10453C0004904FEA8A00FFF725FE049BDBF88020ED
:10454C00C3F808A018601E735E60D8F804105351AD
:10455C00D8F8182009F081F9B4E74FF0010A84E784
:10456C006FF0020367E708F013FE00BF513900102B
:10457C0005390010393A001018F400102DE9F04FED
:10458C00B7B0409E0446307B3569800189469A4617
:10459C00129510929DF80481FFF7F2FD0023054659
:1045AC00279325933F4B404A2493404B26922393C9
:1045BC0026AA21AB0F9092E8030083E80300304653
:1045CC0019AB1EA91995FFF7B1FC0E90002840F00D
:1045DC00BF829DF89830092B02D0032B40F03C830E
:1045EC00FFF7F2F8279BA269139005931792149189
:1045FC00002B00F0278300231193236C2A98DD688D
:10460C00299B0193FEF7CEFAA36C0390DB686869D3
:10461C000293AB6826490D93FDF782FD002814BF69
:10462C0003230123D9F810500693002D00F0DF80EE
:10463C000027BB46CDF854A0DDF804A009954096A0
:10464C00CDF85880099B0D9AB3F5806F28BF4FF4B5
:10465C00806302FB03F0012180000493FFF792FDBD
:10466C000A90002800F06882049BCDF868B01B9378
:10467C000A9B1C93D9F80830002B00F0F5821CAB78
:10468C004846D9F80C401BAA1AA9A047099B002B35
:10469C0000F09A800A9B0025CDE90BB9A3F1040820
:1046AC003BE000BF0539001051390010393A0010B9
:1046BC0028F500105046AE49FEF75CFC002800F0CF
:1046CC0015814FF043410398FEF754FC002800F08D
:1046DC000D81029B002B40F0578149F2456244F654
:1046EC008B4341F62F5002FB09F2019911FB032376
:1046FC0014FB00300014FEF755FA4FF08641FEF71C
:10470C009BF9FEF77FFC00F3070040B2049B0135D8
:10471C00AB4237468BF8000054D958F8040FFEF71B
:10472C0097FC059B7E1C03EB070BC0F3074301931F
:10473C00069BC0F30729032BC4B2BBD1059A504684
:10474C0093190793BB1CD318894908930337FEF7B9
:10475C0011FC002800F03E814FF043410398FEF716
:10476C0009FC002800F03681DDE90103002B40F044
:10477C007B81FEF717FA4FF08641FEF75DF9FEF7E5
:10478C0041FC06464846FEF70DFA4FF08641FEF70F
:10479C0053F9FEF737FC034620465CB2FEF702FAEB
:1047AC004FF08641FEF748F9FEF72CFC76B240B28A
:1047BC00079B8BF800601C70089B01351870049BDC
:1047CC00AB42AAD8DDE90BB9099B049A0A989B1A4B
:1047DC000993FFF7B5F8D9F810300BF5806B9B45B2
:1047EC00FFF430AFDDF854A0409EDDF85880FFF7A1
:1047FC0029FA831C00F02482FEF7E6FF139BC01AF3
:10480C00149B61EB0301CAE91801B8F1000F40F0E9
:10481C00F781FEF7D9FF336904469B680D46CDE955
:10482C001E019847002840F01B82FEF7CDFF001BAD
:10483C0061EB0501CAE91A01FFF704FA02300E9B7D
:10484C0008BF6FF001030E93337B002B46D000257D
:10485C00109B0F9C4FEAC308A2681068002840F315
:10486C00F9810023012752F8041F0133834201FB15
:10487C0007F7F8D194F80090B9F1030F00F07F819D
:10488C00B9F1090F00F07B81B9F1010F40F0938170
:10489C001020FFF775FC49468346B800FFF772FC01
:1048AC00DAF88030CBF80870CBF800008BF80C905D
:1048BC00CBF80490A269616843F808B008F0CDFF0A
:1048CC00DAF88030726843442A445A60337B0135ED
:1048DC00AB4204F1400408F10808BDD8129B2548EE
:1048EC00DB6898470F98FFF72BF82CE10198FEF73F
:1048FC0055F907464846FEF751F981462046FEF722
:10490C004DF9029B0446002B4AD138461A49FEF752
:10491C0051FA194907464846FEF74CFA16498146A2
:10492C002046FEF747FA044638461449FEF78EF93E
:10493C00134907464846FEF789F901463846FEF703
:10494C007DF803460F4920461C46FEF77FF90146C9
:10495C002046FEF773F85146FEF72CFA08F0D8FB08
:10496C0001460398FEF76AF8FEF74CFB40B2CDE621
:10497C008180803B5139001000007F438716993E9F
:10498C00A245163FD578E93D0198FEF707F9074691
:10499C004846FEF703F981462046FEF7FFF8044629
:1049AC00029B022B00F08480029B042BBCD1384666
:1049BC004FF08641FEF740F84FF0864107464846D7
:1049CC00FEF73AF84FF0864181462046FEF734F860
:1049DC000446A9E70198FEF7E1F806464846FEF7BB
:1049EC00DDF881462046FEF7D9F8029B0446002BE1
:1049FC0045D130469D49FEF7DDF99C4906464846AF
:104A0C00FEF7D8F9994981462046FEF7D3F90446BA
:104A1C0051463046FEF7CEF908F07AFB0146039872
:104A2C00FEF70CF8FEF7EEFA514606464846FEF73E
:104A3C00C1F908F06DFBDDF80C9001464846FDF716
:104A4C00FDFFFEF7DFFA0346514620465CB2FEF747
:104A5C00B1F908F05DFB01464846FDF7EFFFFEF7A4
:104A6C00D1FA76B240B2A3E6FEF798F8064648466D
:104A7C00FEF794F881462046FEF790F80446029B18
:104A8C00022B37D0029B042BC2D130464FF086410B
:104A9C00FDF7D2FF4FF0864106464846FDF7CCFFA6
:104AAC004FF0864181462046FDF7C6FF0446AFE72E
:104ABC0038466E49FEF77EF96D49FDF7BDFF6D492D
:104ACC00FEF778F9694907464846FEF773F96A49D3
:104ADC00FDF7B2FF6949FEF76DF96449814620463E
:104AEC00FEF768F96649FDF7A7FF6649FEF762F91C
:104AFC00044619E730465D49FEF75CF95C49FDF761
:104B0C009BFF5C49FEF756F9584906464846FEF7A6
:104B1C0051F95949FDF790FF5849FEF74BF95349A4
:104B2C0081462046FEF746F95549FDF785FF554964
:104B3C00FEF740F904466BE753495448FFF7BAF8BF
:104B4C006FF004030E93059B13B1119B002B53D1F3
:104B5C00259B43B1239A1D93002A00F08580249B4A
:104B6C0021A81DA998470022239B25921BB121A99E
:104B7C000322084698470E9837B0BDE8F08F337D76
:104B8C00102003B3FFF7FCFA01218146B800FFF7B0
:104B9C00F9FA0123DAF88020C9F80000C9F8087086
:104BAC0089F80C30C9F804304946204642F8089080
:104BBC00FFF752F984E649463548FFF77BF86FF06A
:104BCC000D030E93BFE7FFF7DBFA01218146384650
:104BDC00FFF7D8FA0123C9F80000C9F80870DAF811
:104BEC008070A269616889F80C30C9F8043047F804
:104BFC00089008F032FE63E60598FEF7A1FEA7E7E1
:104C0C00DAF84C102348FFF755F8179BA3B1179B04
:104C1C005C1E059B1C445D1E2A9B15F9010FC01AD6
:104C2C00FDF7C0FF2999FEF711F8FFF725FA1A488E
:104C3C00FFF740F8AC42EFD11848FFF73BF8E8E536
:104C4C000E9080E701211046FFF79CFA0123059096
:104C5C001193D2E401270DE66FF008030E9377E76A
:104C6C006FF002030E93EFE508F092FA00007F4319
:104C7C00EC51F83EFA7E6A3ED578E93E4260653EDC
:104C8C003BDFCF3E6666663E16FCFFFF34F5001038
:104C9C0018F400105CF500107CFA0010E8FA001013
:104CAC002DE9F04F8246A5B08946104698460A92E7
:104CBC000E93BAF1000F00F0C882DAF80C30002B1A
:104CCC0000F0C3821746002A00F0BF82002900F0D2
:104CDC00BC828822002108F016FDDAF80C3093F81B
:104CEC005440E4002046FFF74BFA22460021C7F857
:104CFC008000064608F007FDDAF80C0090F8552005
:104D0C00836C0E2A90F83C40D3E9015126D844F626
:104D1C00A403D340DB0721D590F86130F3B9B94B2C
:104D2C009D421BD14B7BCBB1012C17D1036C9A68E4
:104D3C00B54B9A4240F08C82CDE900183B4649466F
:104D4C000022FFF71BFC0546002800F09C81304632
:104D5C00FEF7F6FD284625B0BDE8F08F0C94E40074
:104D6C002046FFF70DFA8346002800F0C781224643
:104D7C00002108F0C8FC0C9CA31C9F00384608F0CE
:104D8C0005FA04230360034608330D9044600B932B
:104D9C00002C00F05882DDE90B0300219A0008F08A
:104DAC00B2FCFEF711FDDAF80C30129093F83C20AF
:104DBC001391002A00F0A8800024CDF81C90A14685
:104DCC000D9ACDE9107602F10408196C04EBC402BB
:104DDC0001EB820351F8221092000992D3E901529F
:104DEC000892DA685E6906921A69DB6910200493EE
:104DFC0003910592FFF7C4F901210746A800FFF7BC
:104E0C00C1F94FF001033B73012358F8041FC7E9A4
:104E1C000135C8F80070386049B1086818B10B7BCF
:104E2C00002B40F02B810846FEF78AFD38680028DD
:104E3C0000F06A81039ADAF80CC00BF104034BF80A
:104E4C00347043F83420DCF81830A944994500F24A
:104E5C007D81059B079A1B9300232093DCF820107F
:104E6C00CDE91C6C8E421A921E9321931F9300F075
:104E7C00BA801793654B1EAD2093654B2193136934
:104E8C0016AAB3FBF1F306FB03F322931AAB1693AA
:104E9C0014AB92E8030083E80300049BC5E900010E
:104EAC00002B00F0A5805B4E3378002B00F0B48013
:104EBC00DAF8046056F82400002800F0BE800A9F3F
:104ECC00DAF80C605BF83420294605680197B66B5C
:104EDC00069B00966D68A847002840F06981FEF794
:104EEC00B1FE821C209B00F06D811BB11EA9032218
:104EFC0008469847DAF80C30013493F83C20A2426B
:104F0C003FF663AFDDE910760E9B002B40F0658118
:104F1C0059465046FEF770FE0546002840F0B28117
:104F2C00FEF752FC129BC01A139B61EB03010A9B08
:104F3C00C3E91801DDF828800E9B424659465046BD
:104F4C00FEF782FE0B9BA7F1080405461C440028C3
:104F5C0040F0078150464146FEF7DEFD054600282D
:104F6C0040F0FF80D8F86030D8F8641013F5FA7070
:104F7C004FF47A724FF0000341F10001FEF788F80C
:104F8C00D8F86830D8F86C10C8F84C0013F5FA70E3
:104F9C004FF47A724FF0000341F10001FEF778F8FC
:104FAC00D8F87830D8F87C10C8F8500013F5FA709F
:104FBC004FF47A724FF0000341F10001FEF768F8EC
:104FCC00D8F87030D8F87410C8F8580013F5FA7087
:104FDC004FF47A724FF0000341F10001FEF758F8DC
:104FEC00C8F85400BDE0049B079D002B7FF45BAF19
:104FFC002846069ADCF838305BF83410089DA84730
:10500C006AE700BF65430010E1410010F939001058
:10501C00593A001070FF01209D499E48FEF74AFE48
:10502C009D48FEF747FE4FF001033370DAF8046039
:10503C0056F8240000287FF442AFDAF800300999C2
:10504C001A6C0A44D068996BD3699847DAF8043023
:10505C0046F8240053F8240000287FF430AF6FF09A
:10506C000A05DDE91076209B1BB11EA90322084618
:10507C0098470B9BA7F108041C4472E00F91FEF7B4
:10508C005FFC0F99CFE60A9C50462146FEF744FD83
:10509C000546D4E9180110F5FA704FF47A724FF006
:1050AC00000341F10001FDF7F3FFE064A06EE16E37
:1050BC0010F5FA704FF47A724FF0000341F10001D1
:1050CC00FDF7E6FF2065A06FE16F10F5FA704FF465
:1050DC007A724FF0000341F10001FDF7D9FFA06592
:1050EC00206F616F10F5FA704FF47A724FF0000375
:1050FC0041F10001FDF7CCFF606528E66748FEF73B
:10510C00D9FD6FF0070522E62146DDE910766448EB
:10511C00FEF7D0FD0B9BA7F108041C449C4239D030
:10512C00A146DDF82C8004E02846FEF709FCC145B9
:10513C004CD059F8045D002DF9D028680028F3D024
:10514C002B7B002BF0D0FEF7FBFBEDE76FF004059B
:10515C00DDE910765348FEF7ADFD0B9BA7F1080473
:10516C001C440B9BA3421BD0A046DDF82C9004E002
:10517C002046FEF7E5FBC14512D058F8044D002C33
:10518C00F9D020680028F3D0237B002BF0D0FEF759
:10519C00D7FBEDE708210D9807F0E5FF6FF0070549
:1051AC000D98394607F0DFFF5846FEF7C9FBCEE5F0
:1051BC000146DDE910763C48FEF77CFD6FF00405F6
:1051CC00209B51E70546DDE910764DE739460D98F1
:1051DC0007F0C9FF6FF00705C3E7FEF7F5FA0346C2
:1051EC00324898460391FEF765FD58460C99FEF738
:1051FC0089FFFEF7E9FA0C46814659465046FEF700
:10520C00FBFC054600283DD1FEF7DEFA129A139DF1
:10521C00B8EB0203039A62EB0502B3EB090362EBF2
:10522C0004021B1842EB01020A992148C1E9183209
:10523C001946FEF73FFD58460C99FEF763FF1D48D3
:10524C00FEF738FD76E60827ABE56FF0150581E52E
:10525C000820FEF795FF834600283FF44FAF00234C
:10526C000C20CBF80030CBF8043007F08FFF012373
:10527C00042243600C9300F108030C270D9002608C
:10528C000B9388E529460C48FEF714FDF1E600BFA8
:10529C0004F600108CF400100CF6001070F50010E1
:1052AC00A0F50010D8F5001034F5001078F60010B9
:1052BC00D0F60010E8F600109CF600102DE9F04F27
:1052CC00411C3329C9B040F229814FF03408984B66
:1052DC00DFF860925A689B68DFF85CE2DFF85CC22A
:1052EC0009920293A0F1330609F59C674D46ACFB7D
:1052FC000634240908FB146404EB44040EEBC404C8
:10530C000FCC0FC594E8030009F11809B94585E8DD
:10531C00030006F10106E9D10323DFF82482C8F863
:10532C002C3CBFF35F8F00254FF49C73854A26AC51
:10533C002692854A27950C92844A0AAFCDE90D2313
:10534C0094E803001CAB83E80300882287E8030081
:10535C00204608F0D8F9FEF737FA02462B46CDE97D
:10536C0005217B4822463946FFF79AFC0546FEF795
:10537C002BFACDE90301002D40F0A481D8F8343C80
:10538C0014AE0133C8F8343C35464FF000084FF0EA
:10539C007E59DFF8C0B10DF16C0ADBF800300896CD
:1053AC0001330793CBF80030E6684146304645F8A8
:1053BC00046FFDF7FDFD002800F0A1804946304642
:1053CC00FDF7ECFD0834002800F099805545EBD131
:1053DC0015991698FDF7F6FD041E18BF01244FF021
:1053EC000209089E0DF1580884F0010558F804AF25
:1053FC000DEB8403596D5046FDF7E4FD48AB03EB10
:10540C008503002878D1504653F8CC1CFDF7DAFD03
:10541C00002818BF4D4609F10109B9F1070FE5D174
:10542C00DDE903014FF47A720023FDF781FE4FF49E
:10543C007A7280468946DDE905010023FDF778FE86
:10544C00B8EB000869EB0109B8F5803F79F1000968
:10545C0028BF4FF6FF78062C00F03D8148AB03EBDC
:10546C00840353F8CC2C03933B4B10463B4953F825
:10547C0024A0A30005930492FDF79AFD039B81469B
:10548C0000287DD1049A36491046FDF7DFFB4FF01A
:10549C007C51FDF7D3FAFDF7DBFD0546314C4FF09F
:1054AC007C510298FDF7CAFAFDF7D2FDCDE9005404
:1054BC000246534607992C48FEF7FCFB4FF07C5AEA
:1054CC002A4CDFF89CB004F11C05594656F8040F21
:1054DC00FDF7BCFB5146FDF7B1FAFDF7B9FD54F8E9
:1054EC00041F02462248FEF7E5FBAC42EDD14146D3
:1054FC002048FEF7DFFB07E025464C468BE71E48AD
:10550C00FEF7D8FB4FF000090C9B1BB10322394668
:10551C0038469847484649B0BDE8F08F4FF000092F
:10552C001648FEF7C7FB484649B0BDE8F08F00BFF0
:10553C0098F5012090FA0120B0F501204FECC44EF3
:10554C00005001201D390010193A00100D390010BF
:10555C0074FF0120A8F50120FCF001203333333F08
:10556C0000401C4604F700109CF70010F8F00120D6
:10557C00C8F70010D0F7001074F700101CF70010DB
:10558C00002251460DF13C0A8DF84F20CDF84320F6
:10559C00CDF84720CDF84B2050460722039308F056
:1055AC00BAF8564B072253F8251012A808F0B3F896
:1055BC00039B0DEB850553F8CC3C514911936B6D56
:1055CC00504A1493099BDFF84091A3FB0101030E91
:1055DC0043EA012320F07F4523F07F432B4403EB68
:1055EC001143A2FB0352920802EB420502EB850227
:1055FC009B1A464AC31A02FB03F261F1000109FB34
:10560C000122A3FB09390DF1700C4A440DF1540E23
:10561C00DD0845EA4275BEE80F00ACE80F009EE8D5
:10562C0007008CE80700CDE92358394AD2F8281C2A
:10563C00013141F00103C2F8283C21F00101BFF314
:10564C005F8F344D0DF13B03A5EB0A050DF1530CA7
:10565C00EA1813F8010F63451070F9D12E481CABF2
:10566C00C01A0DF193050DF16F03C21813F801CF99
:10567C009D4282F800C0F8D1BFF35F8F023108BFA2
:10568C000221234BC3F8281CBFF35F8F1B4B23490C
:10569C0053F824A0059B4FF001090DEB0302099B65
:1056AC00506D2F33CB60DBF800301D490793FDF7AD
:1056BC00CDFA4FF07C51FDF7C1F9FDF7C9FC194C3F
:1056CC000546ECE629461848FEF7F4FA6FF0040993
:1056DC00C8F8385C18E7094B11491B98D3F818A087
:1056EC00FDF7B4FA4FF07C51FDF7A8F9FDF7B0FCCB
:1056FC004FF0000905460D4CD1E600BFFCF001202F
:10570C0040420F004FECC44EC54EECC44EECC44EA0
:10571C0000500120115C0120415C012098F5012012
:10572C0000401C46FCF6001058F7001014F700104F
:10573C002DE9F04F0E4689B0002800F0E280036A94
:10574C001D68002D00F0DD80D5F80080B8F1000F49
:10575C0000F0D780AB68002B00F0D3802A69002AB8
:10576C0000F0CF806C68002C00F0CB80EA68002A37
:10577C0000F0C7806969002900F0C38071680129B5
:10578C0073D14168B7688F4266D1BC4240F0BE808D
:10579C00A2426ED13268002A00F0D4804FF0000B88
:1057AC004446154600264FF00009CDE9012303922B
:1057BC00002D63D0D4F8008049464046FDF7DAFB53
:1057CC0008F1004120B901232A46284600F012FEB8
:1057DC000136B74205F1040504F10404E8D8DDF8FC
:1057EC000C80DDE9012300251C4643464FF07E5A10
:1057FC00A046A9461C46CDE9022B002C00F08C805B
:10580C00D8F800B051465846FDF7B4FB98B9254678
:10581C0001904FF00116594606AA04A80595079564
:10582C000496069600F0F6FD00283FD1019B13B1BB
:10583C002846FEF785F809F101094F4504F10404E7
:10584C0008F10408D9D8DDE9022B1AB1BBF1000F1D
:10585C0040F08580002005E03A464348FEF72AFADE
:10586C006FF0170009B0BDE8F08F4048FEF722FA40
:10587C00F6E721463E48FEF71DFAF1E70121042028
:10588C00FEF780FC8246002836D02068494600F19D
:10589C000048FDF76FFB28B901234146524650469C
:1058AC0000F0A8FD5046FEF74BF891E7314932481D
:1058BC00FEF700FA06AA594604A8CDE90465CDE91D
:1058CC00066500F0A7FD01462C48FEF7F3F9594692
:1058DC0006AA04A8CDE905560496079500F09AFD92
:1058EC000028A3D0019B2E46029ADDF80CB023B100
:1058FC0030460192FEF724F8019A12B1BBF1000F69
:10590C001CD16FF01D0009B0BDE8F08F224639465E
:10591C001B48FEF7CFF9A3E701210420FEF732FC68
:10592C000546C8B1D8F800B051465846FDF722FBE1
:10593C0000287FF47DAF012301936AE71046FDF741
:10594C00FFFFDEE70121B8000193FEF71BFC4FF0CF
:10595C00010B0246019B23E7DDE9022BCDE7104644
:10596C00FDF7EEFF76E700BF38F80010E4F7001003
:10597C00C8F8001088F400108CF4001094F4001097
:10598C0080F80010002201232DE9F04FBA4C91B0A1
:10599C00C4F8282CC4F82C3CBFF35F8F00F026FC15
:1059AC00002800F03081B54CB54D04F11C0655F8BB
:1059BC00041F54F8040FFCF7B3FB002840F03681A9
:1059CC00A642F4D100F040FC002840F04281AD4CDE
:1059DC002378002B00F06C8100230221AA4FA64AE9
:1059EC00DFF8A8A2C7E90033CAF80030C2F8383C87
:1059FC00C7E90233C2F82C1CFDF7E6FE4FF47A72AD
:105A0C000023FDF795FB9C4D0646884614E0012CBF
:105A1C006DD0FDF7D9FE4FF47A720023FDF788FBA9
:105A2C00801B61EB0801B0F5FA7F71F1000180F089
:105A3C00CE80012009F096F807A800F055FC04462A
:105A4C0000F0FCFB002CC5F83C0CE0DAA51C002295
:105A5C00894BC3F8282CBFF35F8F621D4FF00502F2
:105A6C0018BFC3F8384C844B894EC3F82C2C3368C0
:105A7C00DFF8208201333360FDF7A6FE4FF47A7213
:105A8C000023FDF755FBD6F800C00F46BCF1010F03
:105A9C00064614D0D8F80020831AD8F8042061EBFD
:105AAC000202B3F57A7F72F1000208D2012D1BD9E4
:105ABC00642009F057F8012011B0BDE8F08F6E4B4F
:105ACC002146D3F83C2CD3F8303C7348CDE901C3C4
:105ADC00130E0093C2F30933C2F30A02FEF7EAF87D
:105AEC00012DC8E90067E3D800F016FBE0E707A832
:105AFC000AA900F081FB3421D5F8302C674B013218
:105B0C00C5F8302CDAF80060654A0DF1280CA2FBC0
:105B1C000602120901FB126202EB420203EBC20EF7
:105B2C000F9B06F101090593BCE80F00AEE80F00CE
:105B3C009CE803008EE803000D99CAF80090084613
:105B4C00FDF784F8DDF838B0804659465846FDF725
:105B5C007DF801464046FCF771FF059980460846E2
:105B6C00FDF774F801464046FCF768FF07F06CF946
:105B7C007B788046EBB1B968FDF724FA0346A8BBE5
:105B8C007A68B21A132A0AD930463B80FFF796FB83
:105B9C000028C0F29D8001282CD0DAF80090B9F1D1
:105BAC00330F19D97B7863B10722334BC3F82C2CF4
:105BBC0022E73C49FDF7E8F980B13C70B9F1330FAD
:105BCC000AD9FB68F31A002B1BDB0622EDE76FF0FA
:105BDC0001056FF003043AE70222E6E73B78002B5D
:105BEC00ECD0FB68F31A002B08DB7C70C7F808803C
:105BFC007E60D4E70423C5F82C3CFDE6B9F1330FE5
:105C0C00EAD90822D1E700F087FA00F0EFFA002871
:105C1C007FF4C9AE6FF001020523C4F8382C4FF4A1
:105C2C00FA70C4F82C3C08F09DFF44E76FF00501B6
:105C3C000522114B1C48C3F8381CC3F82C2CFEF75A
:105C4C0039F84FF4FA7008F08DFF012011B0BDE85F
:105C5C00F08F0522084B0146C3F8380CC3F82C2CE6
:105C6C001248FEF727F800F057FA642008F07AFF84
:105C7C00012011B0BDE8F08F00500120F8F0012098
:105C8C00600A011094F5012098F50120ACF5012073
:105C9C0090F5012088F50120A8F90010B0F501203D
:105CAC004FECC44E00007A43FCF9001010F90010C0
:105CBC0041F658372F26FA251F2334220A21CDE925
:105CCC00016706480095FDF7F5FF0123237083E675
:105CDC006FF002056FF00404B9E600BF30F9001054
:105CEC002DE9F04100270F4D0F4B95F83C600F4C00
:105CFC001B684FEA860840462560EB662772FEF764
:105D0C003FFA60601EB14246394607F0FCFC0023A6
:105D1C00E560C4E90433BDE8F041054A0549034890
:105D2C0007F01ABA00F001208CFF012074FF01204B
:105D3C0080F50120E93A001030B5154C83B00DF117
:105D4C000601204608F036FFBDF806100B0618D5E4
:105D5C00636BB3B10F4D01232A4602E00133212BB3
:105D6C0014D0616802F8011B616B0029F6D15C1933
:105D7C0015F8011B084807F067FBA542F8D1BDF8E0
:105D8C000610034808F00EFF03B030BD2023EEE7E9
:105D9C000034006090FF012078FA001010B51D202F
:105DAC0084B008F0D7FE1C224FF40071224808F092
:105DBC0009FF1D228021204808F004FF00224FF427
:105DCC0000711D4808F086FE002280211A4808F058
:105DDC0081FE00224FF48061174808F0F3FE012287
:105DEC004FF48061144808F06DFE01224FF480617D
:105DFC00114808F05FFE01224FF480610E4808F054
:105E0C00B9FE64246A229DF80E300C4823F01F035F
:105E1C0043F0190301A9ADF808208DF80E30019458
:105E2C0008F04CFE0023064A02F8013F0133202BF8
:105E3C00FAD104B010BD00BF80B004600034006023
:105E4C00CFFF012008B5022008F088FE002008F0E2
:105E5C0099FE002008F052FEBDE80840002008F032
:105E6C0085BE00BF002310B582B0044601220F206E
:105E7C000DF107018DF8073008F0ACFE9DF80730E6
:105E8C00D3B1012210200DF1070108F0A3FE9DF8FB
:105E9C00070000B9A92008F051FE002008F0FEFD13
:105EAC0003216422084608F041FE40F6C411204646
:105EBC0008F030FE02B010BD562008F0F3FDE0E70C
:105ECC00002210B5002482B01146012008F00AFE11
:105EDC004FF4E1234FF0C0424FF0005100940248C0
:105EEC00FDF734FA02B010BD00B00460FFF724BF18
:105EFC00FFF722BFFFF720BF70B582B00DF105018F
:105F0C00454808F023FE44489DF8051008F012FEA1
:105F1C009DF805309A0712D400230DF105013F4876
:105F2C008DF8053008F012FE3C489DF8051008F07D
:105F3C0001FE9DF805309B0743D402B070BD0DF1F6
:105F4C000601354808F04AFE334808F017FE34487D
:105F5C0007F0EAFABDF80630324E5BB10024354644
:105F6C00314815F8011B07F06FFABDF80630013403
:105F7C00A342F5DC0A2007F079FA2C4A2C4B0121BC
:105F8C00C2F89430C2F89860D2F88C3029486FF37C
:105F9C000F0343F02003C2F88C3008F0FBFD0028FF
:105FAC00BAD13F211C4808F0C5FD0028B4D102210C
:105FBC00194808F09BFD0028AED1174808F0A2FD47
:105FCC00AAE7164808F0DAFD1B4807F0ADFA174AA5
:105FDC001A49184BC2F8D410C2F8D830D2F8CC30C9
:105FEC003F216FF30F0343F020030C48C2F8CC3071
:105FFC0008F0A0FD0028A0D10221084808F076FD89
:10600C0000289AD10146054808F088FD002894D153
:10601C00024808F077FD90E780810050C081005065
:10602C0080FA001090FF012078FA001000810050D7
:10603C00043400600034006088FA0010B0FF0120C6
:10604C0008B5FFF7ABFE322008F08CFDBDE8084028
:10605C0000F062B8831D02390C301A88023321F823
:10606C00022F33F8082C8342CA80F6D1704700BF48
:10607C0038B58C4604460B491546002301220A48C4
:10608C000C70644606F002FE00B138BD03462A4689
:10609C002146054806F010FD0028F6D1024806F00E
:1060AC00D5FC38BDFCFF012000340060042230B563
:1060BC0083B004460D463A200DEB0201FFF7D8FFE2
:1060CC0008BB9DF805109DF804204FEA012C9DF8A3
:1060DC0007300CF4E06C42EA0C0222801B029DF8A3
:1060EC00062003F440731A432A802388094D43EA9F
:1060FC00016343EA02334A062B6007D4CB0600D572
:10610C00208003B030BD4FF0FF30FAE76FF00A008B
:10611C00F7E700BFF4FF012000232DE9F0412A4EE0
:10612C0082B00DF1030101220F208DF80330336092
:10613C00FFF79EFF9DF8031060BB6A292AD1234C00
:10614C00234D04F11007B4F800C0012302222946A4
:10615C00204814F8028BA5F800C006F097FDF8B99A
:10616C00BC42F0D10322102001A9FFF781FF58B9DE
:10617C009DF80430442B07D19DF805304C2B03D1EE
:10618C009DF80630442B12D0134807F0CDF902B01D
:10619C00BDE8F081114807F057F902B0BDE8F08175
:1061AC0041460F4807F050F902B0BDE8F0813220AB
:1061BC0008F0D8FC01230B48336007F0B5F90A4806
:1061CC0007F0B2F9E9E700BFF8FF012078190110D8
:1061DC00FCFF012000340060ECFA001090FA001073
:1061EC00BCFA001014FB001060FB0010014B186887
:1061FC00704700BFF8FF01202DE9F041DFF8348033
:10620C000D4F0D1F841E061D34F9020FFCF7CAFC3E
:10621C004146FCF71BFD0346B4F9060045F8043F64
:10622C00FCF7C0FC3946FCF711FDA642E860EBD147
:10623C00BDE8F08140DAFF39295C8F3D014B1868CD
:10624C00704700BFF4FF0120002300B5214A22480B
:10625C002249126883B003600B60BAB34FF00A0C8A
:10626C001F49012302221F48A1F800C006F00EFDB1
:10627C0030BB42F20A6C1A49012302221948A1F8D8
:10628C0000C006F003FDD8B9052206206946FFF7C9
:10629C00EFFEA8B99DF802209DF80030092A9DF860
:1062AC00011010D19DF803200B431A430BD19DF81C
:1062BC000430262B18BF6FF0090003B05DF804FB07
:1062CC004FF0FF30F9E76FF00900F6E76FF00100CF
:1062DC00F3E700BFF8FF0120F0FF0120F4FF0120DD
:1062EC00FCFF01200034006070B5334B06461B6880
:1062FC0086B0002B5DD00DF10A0102A8FFF7D6FE87
:10630C00054630BBBDF808300B2B22D9BDF80A402E
:10631C00052C1CD804B3294B1B68C3B902223E20A0
:10632C0001A9FFF7A5FE0134A4B200283AD1062C2E
:10633C00F4D10DF10A0102A8FFF7B8FE002836D1FE
:10634C00BDF808300B2B04D9BDF80A3023B16FF01F
:10635C000B05284606B070BD03AC214602223E2038
:10636C00FFF786FE0234E8B906AB9C42F5D10DF17D
:10637C000A0102A8FFF79AFE05460028E9D1BDF8EC
:10638C000830052B03D9BDF80A30002BDFD103A848
:10639C003146FFF75FFE01231D462846074A13606E
:1063AC0006B070BD4FF0FF35284606B070BD0546EF
:1063BC00CFE76FF00105CCE7F8FF0120F0FF0120DB
:1063CC0000221346104609490A604A608A60CA6076
:1063DC00CA180133B3F57A6F1074F9D1BFF35F8F1C
:1063EC00034B0B60BFF35F8F704700BF005C012055
:1063FC0044524853F8B506460F4615461C4643B161
:10640C0056F8040B3946FCF719FB013C45F8040B14
:10641C00F6D1F8BDF8B5048843880F4603FB04F4A5
:10642C005668456844B155F8040B3946FCF70EFC28
:10643C00013C46F8040BF6D10020F8BD2DE9F047DD
:10644C005D68DDF838A0012DDDE90867DDE90AE8B3
:10645C00DDE90C9410D1A568AD070DD18D69012D26
:10646C000AD1CDE90D4ACDE90B89CDE9097E089613
:10647C00BDE8F04700F0CABC4FF0FF30BDE8F08734
:10648C0000F0F2BE2DE9F04F90460A6993B00C462D
:10649C00DDE92106002A6DD14A69002A6AD1C96852
:1064AC009D68D3F800C001FB05F9D0E90217D0F8BC
:1064BC0004B0D868BCF1000F00FB09F90A9007FB87
:1064CC0001FAA0680B9751DD96460D9159460A9A30
:1064DC00D34602FB00F2CA460C92CDF844C0724679
:1064EC009C46894602FB05F5DCF804001C9BB9F1BF
:1064FC00000F00FB05352FDD0027CDE90E2ECDF862
:10650C0040C001E0B94523D00C9B626A09930A9BF9
:10651C00089204930B9B284603930D9B1E990293A0
:10652C00226A334607926268013706922268554404
:10653C000592D8F804205E440192D8F8002000920D
:10654C00209A01F05BFD0028DCD013B0BDE8F08F81
:10655C00DDF840C0DDE90E2E0A9B0EF1010E1A4447
:10656C00119B734502D0DCF80850BBE7002013B038
:10657C00BDE8F08F4FF0FF30E7E700BF10B58C4659
:10658C0009698AB0002932D1DCF81440002C2ED1D4
:10659C00DCF8081001292AD1DCF80C10012926D1CD
:1065AC00D968099104911199C9680391D3E9010142
:1065BC0000FB01F11B6803FB01F1D2E900230291FE
:1065CC0001930092DCF82400129B0890DCF8200068
:1065DC00109A0790DCF804000E990690DCF8000085
:1065EC0005900C9801F00AFD20460AB010BD4FF042
:1065FC00FF30FAE7002070472DE9F04FADB0DDF821
:10660C00DC809946D8F80840D8F80450DB6805FBC4
:10661C0004FC03FB0CFCBCF5007F0B940E9582462E
:10662C00DDE93B750C46164680F216820268149220
:10663C00002A00F0FF81D9F80820D9F80000069252
:10664C00BA6800280F927A68D9F804A01992FA68EF
:10665C00179222691E9262691F92A2681092E268D8
:10666C002092B4F920201A92B4F924201B9232689B
:10667C001C9272681D924DDD069C1F9A1E9902FB9E
:10668C0004F25242521A03FB02F20E9E5200259261
:10669C0006FB03F2DDF82CC04FEA43090CFB02F7B2
:1066AC0013FB06F212FB0CF202F00302229204FB23
:1066BC000AF203FB02F25200199E16920F9A1897D7
:1066CC0006FB02F2179E06FB02F24FEA420E209ADC
:1066DC0002FB04F203FB02F252002492109A02FB1A
:1066EC0003F25200129204FB03F2002453000993AC
:1066FC00149B03EB870311934B4223937300219359
:10670C00369B199A002A09DC169A0134A0421344CC
:10671C007544F6D100202DB0BDE8F08F0146D3466C
:10672C001846F24636930F9B002B40F309814FF02D
:10673C00000C1F9B0E9E149FF61A08960B9B1E9E18
:10674C00CDF898A09E1BBA466346B446259A15957B
:10675C0082182791289436903C95D04665460024A3
:10676C00924623990E9807910899CDE92A2C091A7B
:10677C00139129930E9B002B16DD079B05F1FF3E11
:10678C00AEEB030EAB42A8BF4FF0000E564609FB12
:10679C000EFE139F0B9B002B00F3DA80099B013735
:1067AC001E44089B9F42F5DB119B434500F0FF8084
:1067BC00079B109A013413440793129B15449A4477
:1067CC000F9BA342D6D1DDE92932249920980A44A3
:1067DC0008990133014408911999C2469942DDF890
:1067EC00ACC0BAD1DDE926A1149B289C98453698FB
:1067FC003C9D00F0A580179B002B40F3A180CDF8A9
:10680C0034A0CA46189BDDF8E8E0C3F38F077B1E63
:10681C009BB25A1C92000A92149ADDF8E0C008321E
:10682C0002EBC3030C931C9B219A043B08931D9B06
:10683C001391043B0793159B269003EB0208002F42
:10684C0000F0F5800A9BE1469C440023CDE927AE7D
:10685C00149E59F8042B2FFA92F1D6F800A0706808
:10686C002FFA82F2E145C2EA014E2EFB0A33C1EA4D
:10687C00224106F1080621FB0033EAD1DDE927AEFF
:10688C00CC460C99229848B16246844412F9010B0B
:10689C0031F8026B944516FB0033F7D1089A52F885
:1068AC00041F0892079A52F8049F07923A9A002AFA
:1068BC0000F09E806A4A914200F3968001F50041F7
:1068CC000E14C917DEF800209A1802FB01F0DEF84E
:1068DC00041041EBE37106FB0101A2FB06628B186D
:1068EC00C9F10E0209F11209D64003FA09F9203A4E
:1068FC0046EA09065CBF43FA02F21643731C5B10AE
:10690C001A9A0EF1080E9342B8BF13461B9A934283
:10691C00A8BF1346159A22F8023B904515928ED1CA
:10692C001399D1462698DDF834A0169B01348C427D
:10693C00184455443FF4EEAE0F9B002B3FF7F7AED7
:10694C00169B0134A142184455447FF4ECAEE1E6A9
:10695C00CDE90C4AB2463E464F46CDF828E0D1462A
:10696C004346079CB34505DD54EA060202D4069A59
:10697C00A24232DC18463A46002106F0C4FE034619
:10698C000134AC423B44B944ECDB0A9B08EB0700F6
:10699C0000EB0308099B01369A44089B9E42DEDB00
:1069AC00DDE90C4A119BB94643457FF401AF159BB9
:1069BC00DDF8508005933A9B41460493189B179A37
:1069CC0003931B9B389802931A9B01931C9B009377
:1069DC001D9B00F0F5FF1590EAE618463A4649462D
:1069EC0006F03BFF0346CBE747F6FF76002169E74D
:1069FC004FF0804629EAE97293403A9AC9F10009AE
:106A0C00C3FB0162F30F43EA4203012229EAE9794D
:106A1C0002FA09F2013A03EA020153FA09F34FEAC6
:106A2C00620248BF01329142C8BF013368E73B465E
:106A3C00149927E74146484600F016FC00280BDC69
:106A4C00D8F80820DAF800300B92D8F80420149308
:106A5C000E92D9F80C30EEE54FF0FF305BE600BF3C
:106A6C00FFFFFE7FC068D1E9013202FB00F003FB9F
:106A7C0000F08000704700BF2DE9F04FBBB0499C7F
:106A8C00DDE944A5A768D5F80880D5F80490E66838
:106A9C0065681C460B460B95256861689646D4F8CC
:106AAC000CB0A268D3F81CC09C69002D4698CDF898
:106ABC004880CDF85C901397119216910C94CDF8F8
:106ACC0034C040F37481144601FB02F239460BFBCF
:106ADC0002F24FEA420C0B9A002E02FB07F206FB65
:106AEC0002F24FEA420708FB09F20BFB02F2249276
:106AFC0006FB01F24FEA420223920BFB04F20D99C2
:106B0C000C9C01FB02F208FB0BF107920BFB04F24D
:106B1C0008914FEA4601229100924FEA420140F35C
:106B2C004681DEE9002ED3F81080CDF874E0CDF864
:106B3C006080D3F80880A2F1040ECDF86480D3F8FD
:106B4C000C802A46CDF86880D3F820800024CDF83C
:106B5C006C803546D0468A46D3F814905B6A01386F
:106B6C001C930290C9F100034846DDF8009029936C
:106B7C004FEA4B030021CDE92BC7CDE92D24CDE9FC
:106B8C002FE303EB08060F91CDF854E00996159A04
:106B9C0052F8043F15929B4A9342CEBF47F6FF73BF
:106BAC0003F500431B140A930B9B002B40F3E98065
:106BBC000D9B189A013B1C1853421F934A9B03EBE5
:106BCC00410E489B03EBC1032593139B002B40F311
:106BDC00D880299B0A9E0E93002326961093F617B5
:106BEC001D9B2A960C9E53F8213032442792C3F1F8
:106BFC000E02123328934B46D1469A461E9231957B
:106C0C00169B0D9A234493FBF2F31F9E94FBF2F513
:106C1C000096179E25EAE575B342A8BF3346069346
:106C2C000E9B002705FB0233119A2E4602FB03F341
:106C3C002093129BF44603FB05F32193009B1497BE
:106C4C001D46279FCDE93201CDE934E4013F119B6C
:106C5C000C9903EB070E9EFBF1FE97FBF1F3129AD6
:106C6C009645A8BF964623EAE372069B00929E4285
:106C7C0080F2C380209B3446EB1802FB0133219930
:106C8C0000200A440F990BFB03F30BFB02120021AB
:106C9C00CDE93665CDE9387C009D75450FDA944613
:106CAC001F46099E009D06EB4306BBF1000F00F347
:106CBC0082800135AE455744DC444E44F5D1079DE6
:106CCC0001342B44089D2A44069DA542E4D1DDE9FC
:106CDC003665DDE9387CCDE90001489B4BB1259A3E
:106CEC00009913685268CB18019942EB0102CDE967
:106CFC000032DDE900012A9B0A9A00FB03F301999B
:106D0C001E9802FB0131269B009AA2FB03230B4425
:106D1C002899C24003FA01F10A43B0F120015CBF8B
:106D2C0043FA01F10A43531C1B9A5B109342B8BF00
:106D3C0013461999149A0D447F1A1C9901328B42EF
:106D4C00A8BF0B46ACF80030229B14929C44139BBA
:106D5C0093427FF47CAFDDE934E4DDE932011A9A29
:106D6C000E9D109B1544A41A0B9A01330E95239D6E
:106D7C0093421093AE447FF443AF5346CA469946B0
:106D8C00319D0F9B249A013113448D420F937FF454
:106D9C00FEAEDDE92D24DDE92BC7DDE92FE34A99B1
:106DAC0001343944A242E0444A917FF4E3AE00201E
:106DBC003BB0BDE8F08FCDE903340592CDF81081DE
:106DCC00029AE0466244AC46449B03EB470333F91A
:106DDC00025B12F9014FB342C5FB8401F7D1654642
:106DEC00C4460135AE455744DC444E44E8D1DDE998
:106DFC000334059ADDF8108161E700230024CDE906
:106E0C0000346AE7FFFFFE7F002070472DE9F04F4A
:106E1C00B9B0439C00689E46D4E901460D46DDF8A6
:106E2C001CC1DB681D90002800F014822969DCF875
:106E3C000C702E916969DEF800B02F91D5E902A192
:106E4C0030912968CDF87CB00A916968A0B2219183
:106E5C00296ADEE901E92291696ADCE901C823911A
:106E6C001168526824912592B2B20992BAB22B924F
:106E7C005A46002A99B246DDB2B212FB00F21FFA52
:106E8C0086FBA6B212FB01F299B20BFB06F31FFABA
:106E9C008CF01FFA8EFC1FFA89F401FB03F90CFB32
:106EAC0001F304FB03F31FFA88FE20930EFB00F39F
:106EBC00BFB207FB03F31FFA8AF826934FEA410A85
:106ECC000BF1FF330AFB03F3139308FB01F31C9341
:106EDC001D9B109603EB89031A9393B22A9302F02D
:106EEC00030300261491CDF824C0CDF858E00B9480
:106EFC003397CDF86C80CDF8C490329338B91F9B82
:106F0C000136B342FBD1002039B0BDE8F08FD84632
:106F1C00D346BDF928308446159304FB01F34298FF
:106F2C0048993793D5E906321FFA83FA379B92B208
:106F3C0002FB03F31193149B00240AFB03F30A9343
:106F4C00169B12922BB901346445FCDB8E461D9ABC
:106F5C0052E0BDF8B8302D953493BDF8C0300D46D5
:106F6C003693BDF8BC3086463593234644461D9A6D
:106F7C002C9648913699359803FB01F1A1EB000949
:106F8C000B99349809FB01F1149E091A06FB01E7D1
:106F9C0000262793109B4142B846CDE928CE3746B0
:106FAC000C912E46002B00F02A811E964E46DDF8E1
:106FBC0030E0B146C4460020002C40F0C080109B4D
:106FCC0001309842FCD11A9B934200F0EF801C9B3D
:106FDC00013798441B9B9E44169B9F42E9D1DDE9E7
:106FEC0028CE279B1E9D01336345C3DBA04670460C
:106FFC002C9EAE4648992D9DDDF874A0924500F06C
:10700C009280339C002C00F08E80CDE911B6E346C3
:10701C00319BDDF81891C3F38F030F93013B9BB2A7
:10702C005A1C92000D920AF1080202EBC3030E9354
:10703C00249B449FA3F1040A259B043B0A930EEB6B
:10704C0004030C93469B002B00F0FD800F9AD9F89B
:10705C000030002A00F0FC800D9ACDE9179A1D9E95
:10706C00BC46CDF8648017445CF8042B2FFA92F4DC
:10707C00D6F800A0D6F804902FFA82F26745C2EA3F
:10708C00044828FB0A38C4EA224406F1080624FB0B
:10709C000983E9D1DDE9179ADDF864800E9C329EF4
:1070AC0056B13A46374412F9016B34F802CBBA4266
:1070BC001CFB0633F7D117460A9A4FF0804C52F856
:1070CC00044F5AF8046F0A9224EAE47293400022A7
:1070DC00C3FB06C24FEADC7343EA4203012264425B
:1070EC0024EAE474A240013A03EA020623414FEA7F
:1070FC00620248BF01329642219AC8BF0133134441
:10710C00229A09F104099342B8BF1346239A934279
:10711C00A8BF13460EF8013B0C9B734592D1DC467D
:10712C00129EDDF844B0209B01361844269B19446E
:10713C001F9BB3423FF4E7AED5E90632F4E6CDE946
:10714C001787CDF83CE01996E04616460025CDE9A8
:10715C000CC00F9F0E92099B4B4504D9002F02DBEC
:10716C000B9BBB4260DC5A460021304606F0CBFA42
:10717C000A9B0135AC425E4498445744EBD1DDE99F
:10718C000CC00E9A139B5A441A44119B01309C4418
:10719C00129B9944109B9842D6D1DDE917871A9B14
:1071AC00DDF83CE09342199E7FF411AFB1461E9E70
:1071BC00CDF830E0469B2B9A05932A9B06960493B8
:1071CC00219B1D990193249B44980093BDF98C300D
:1071DC0001370393BDF988300293259B00F052F9D7
:1071EC001C9B1B9A98440C9B064613440C93169BB1
:1071FC009F4222D0109B1D9A002B7FF4D6AE0C9B85
:10720C001A99914217D01C99013788441B990B4449
:10721C0016998F42F4D1DDE928CE3546279B0133F0
:10722C009C453FF7A7AEE1E63146DDE91423404625
:10723C0001F0EEFC9CE70C93BCE70546DDE928CE9B
:10724C00279B1D9AEBE70F9A469B002A7FF404AF0D
:10725C001D9C24E706FB03F104FB01F100297FF7D9
:10726C00E5AD4FF0FF304FE6C068D1E9013202FBCB
:10727C0000F003FB00F08000704700BF2DE9F04FD9
:10728C0085B0DDE90E54D4E9017607FB06FADDE999
:10729C00106B0195DDE913750295DD68804605FBE1
:1072AC000AFABAF5007F9E468C46DDF848900392A8
:1072BC0005DA8D69012D02D1CD69012D11D0029B0A
:1072CC006146CDE9137340467346CDE90F46039AE8
:1072DC00019CCDE911B90E9405B0BDE8F04FFFF754
:1072EC00CBBBCDE90F46029D019CCDE91375CDE9D1
:1072FC0011B90E9405B0BDE8F04FFFF77DB900BF92
:10730C008C46D2E9011301FB03F3DCF80C1001FBF2
:10731C0003F3B3F5007F02DA8369012B03D0114626
:10732C006046FFF771BDC369012BF8D11146604669
:10733C00FFF798BB2DE9F04F83B00C9C8046DDE93C
:10734C000D7BDDE90FA9DDE9116500940C698C4614
:10735C009E4601920CB94C69F4B1DEF80430012B55
:10736C0009D1B3689B0706D1DCF81830012B02D188
:10737C007B68012B33D0734661464046009C019AD2
:10738C00CDE91165CDE90FA9CDE90D7B0C9403B0C6
:10739C00BDE8F04FFFF73ABDBC68012CDDD17C682D
:1073AC00012CDAD18C69012CD7D1CC69012CD4D128
:1073BC008C68012C02D1CC68012C21D0734661461B
:1073CC004046009C019ACDE91165CDE90FA9CDE9A4
:1073DC000D7B0C9403B0BDE8F04FFFF753B8734628
:1073EC0061464046009C019ACDE91165CDE90FA993
:1073FC00CDE90D7B0C9403B0BDE8F04FFFF71EB840
:10740C00009CCDE91165CDE90FA9CDE90D7B0C945C
:10741C0003B0BDE8F04FFFF7B1B800BF8446084693
:10742C001146DCF8102012B9DCF8142072B1426855
:10743C00012A09D19B689B0706D1DCF81830012B77
:10744C0002D14B68012B19D0FFF70EBF8A68012AB5
:10745C00EDD14A68012AEAD1DCF81820012AE6D1DC
:10746C00DCF81C20012AE2D1DCF80830012B03D116
:10747C00DCF80C30012B03D000207047FFF700B86C
:10748C00FFF7B8B82DE9F04F93469BB0BDF9984083
:10749C002A9E0394BDF99C401A460494BDF8A04062
:1074AC005FEA5B0307940C910C46DDF890A006EBA9
:1074BC000B0100F076810AF10807A24606F10209D9
:1074CC0001F1020C02F10806CDE915BCCDF818C08B
:1074DC00BE46B446013B9DB2079A0B1D03EB450318
:1074EC000E9393080F93013B9BB204EB42045A1C7E
:1074FC000D94940008940D9C0AF1080202EBC30A47
:10750C00079A04EBC3030833129302F0030310939E
:10751C006B00CDE91335CDE91769CDF81490CDF892
:10752C0044A01997079BC118299B002B00F00082DF
:10753C00D3E9004B083329930F9B002B00F0FF81FC
:10754C00DDE90C56DA4623460746089ACDE909CE02
:10755C008218019102920B912868D6F8008057F896
:10756C0004CB2FFA9CF2DDF804E02FFA8CFC5EF8C9
:10757C00041BC2EA2C49CDF804E0CCEA024C2FFAE9
:10758C0091F2D5F804E02CFB00442CFB0833D6F820
:10759C0004C02FFA81F129FB0E4429FB0C33C1EAFC
:1075AC00024929FB00B029FB08A9C2EA214222FBAF
:1075BC000E0B22FB0C9A029A0835974206F108062C
:1075CC00CAD1DDE909CEDDE9118938460B99089A53
:1075DC001144109DA5B10246471912F9016B38F9F7
:1075EC00025B11F9010B05FB064405FB00BB39F9E5
:1075FC00025BBA4205FB063305FB00AAEDD110462F
:10760C005CF8085C002625EAE5718C404FF080415F
:10761C005EF8082C6D42C4FB0216012225EAE575C2
:10762C00AA40C90F41EA4601013A01EA0204294184
:10763C004FEA620248BF01329442259AC8BF013119
:10764C001144039A00259142B8BF1146049A0EF1D9
:10765C00080E9142A8BF1146059A0CF1080C02F8CD
:10766C00021C5CF8101C5EF8102C21EAE17403FA81
:10767C0004F44FF08043C4FB02350122494221EA55
:10768C00E1718A40DB0F43EA4503013A03EA020445
:10769C000B414FEA620248BF01329442259AC8BF9F
:1076AC0001331344039A00259342B8BF1346049A3E
:1076BC009342A8BF1346069A02F8023C4FF0804250
:1076CC005CF80C1C5EF80C3C21EAE1740BFA04F437
:1076DC00C4FB03250123494221EAE1718B40D20FFF
:1076EC0042EA4502013B02EA03040A414FEA630302
:1076FC0048BF01339C42259BC8BF01321A44039BEF
:10770C0000259A42B8BF1A46049B9A42A8BF1A4653
:10771C00059B03F8012C4FF080425CF80C1C5EF8C2
:10772C000C3C21EAE1740AFA04F4C4FB032501239E
:10773C00494221EAE1718B40D20F42EA4502013BFA
:10774C0002EA03040A414FEA630348BF01339C4237
:10775C00259BC8BF01321A44039B04999A42B8BFB7
:10776C001A468A42A8BF0A46079B1844059B023357
:10777C000593069B0233069303F8032C0E9A9A4248
:10778C007FF4D0AEDDE91335DDE91769DDE915BC11
:10779C00199F06EBC50207EBC50A0CEB030109EBBD
:1077AC0003061BF0010F00F0BE800C9B079C03EB43
:1077BC004409299B002B00F0C7801D68079B9B0880
:1077CC0000F0C480CC462C46864600EB8300013B7F
:1077DC001FFA83F8CDE90181CDE9059B0C9F089236
:1077EC00CDF890A0D7F80080DCF800B05EF8042B40
:1077FC002FFA92F3D7F804A0DCF804902FFA82F257
:10780C008645C2EA034121FB085821FB0B41C3EA20
:10781C00224307F108070CF1080C23FB0A8523FB14
:10782C000914DFD1DDE90181DDE9059B70460C9B74
:10783C0009EBC809083303EBC803089ADDF890A0DC
:10784C000C9309F10809079B13F003030ED0DDF824
:10785C0030C0034410F9017B3CF802EB98421EFB4C
:10786C00075539F802EB1EFB0744F3D14FF080406B
:10787C004FF000080127136823EAE37E05FA0EFE99
:10788C00DAF80050C3F1000CCEFB05082CEAEC7CB6
:10789C0007FA0CF3C00F40EA4800013B00EA03056D
:1078AC0050FA0CF043FA07F348BFDB199D42259BB5
:1078BC00C8BF01301844039BDDF810C09842B8BF14
:1078CC0018466045A8BF604635464FF080430027F8
:1078DC00012605F8010B1268DAF8000022EAE27CB6
:1078EC0004FA0CF4C4FB0037504220EAE07006FAAC
:1078FC0000F2DB0F43EA4703013A03EA0204324188
:10790C00034148BF92199442259AC8BF01331344CE
:10791C00039A2E469A42B8BF1A461346049A9A42C4
:10792C00A8BF1A460A7006EB0B001BB0BDE8F08F1F
:10793C00DDF8A4B00F9B5C46002B7FF401AEDDE9B3
:10794C000C89DA46234644E6299D37E72C467AE72C
:10795C002DE9F04F1D688BB00C46DDE91469DDE9AB
:10796C00198A17462DB34FF0010BC246D8F80C20DC
:10797C00D9F80010DDF868802069CDE9070BE368C1
:10798C0005927868069304913A68A168CDE90220C3
:10799C0022684346CDE900213046189A169900F02A
:1079AC00BFFFD9F80010DAF80C20013D0E449044CA
:1079BC00E2D100200BB0BDE8F08F00BF0020704773
:1079CC002DE9F04F9BB0BDF994500E46299C0695BD
:1079DC000B91BDF99850194602EBD273C3F34F03C8
:1079EC000795DDF890A015464FEA420B04EB420CCC
:1079FC00002B00F07A810CF1040E01F108070AF15A
:107A0C00080CCDF80CC0CDF860C0BC46279A013BE1
:107A1C0006EB4206002A0D96B8BF03329EB201F166
:107A2C00100304F1040803EBC603C2F38F040E9396
:107A3C00631E9BB2591C890008910D99CDE9048EE7
:107A4C00083101EBC30110910B99CDE912B6083145
:107A5C0001EBC3031193279BCDE916E703F0030356
:107A6C000F93F300CDE914350C94CDF86480279B6B
:107A7C00C1180C9B002B00F080824FF00009089B72
:107A8C000746C3180293CA464B464C46CDE909C17A
:107A9C000D9E0B9D01912868D6F8008057F804CBF9
:107AAC002FFA9CF2DDF804E02FFA8CFC5EF8041B34
:107ABC00C2EA2C4BCDF804E0CCEA024C2FFA91F23E
:107ACC00D5F804E02CFB00442CFB0833D6F804C09A
:107ADC002FFA81F12BFB0E442BFB0C33C1EA024B2A
:107AEC002BFB00A02BFB089BC2EA214222FB0E0AB7
:107AFC0022FB0CB9029A0835974206F10806CAD146
:107B0C00DDE909C1DDE9108E3846089A11440F9D54
:107B1C00ADB1024600EB050B12F9016B3EF9025BAD
:107B2C0011F9010B05FB064405FB00AA38F9025BB1
:107B3C005A4505FB063305FB0099EDD11046039A17
:107B4C005CF8086C52F8085C289A002A00F09881BE
:107B5C00CA4A954200F3898105F500452F14ED17AB
:107B6C00289A28991268D1F804E0A11801FB05F8AD
:107B7C004EEBE47407FB0488A1FB0714A044C6F188
:107B8C000E04123608FA06FBE14041EA0B01B4F18F
:107B9C00200B5CBF48FA0BFB41EA0B019A1802FB65
:107BAC0005F54EEBE37E07FB0E55A2FB07272F4492
:107BBC00E24007FA06F6203C069B58BF47FA04F44D
:107BCC0042EA060201F101014FEA610158BF22436A
:107BDC00013299424FEA6202B8BF19469A42B8BFC5
:107BEC001A46039B53F8044C079B9942A8BF1946AD
:107BFC009A42A8BF1A46049B23F8041C059B23F841
:107C0C00042C9E4B9C4240F3348147F6FF730024B6
:107C1C00289A5CF8046CD2E9021E1AEB010505FBEC
:107C2C0004F74EEBEA7203FB0277A5FB03252F4406
:107C3C00C6F10E05123607FA06F8EA4042EA0802C7
:107C4C00B5F120085CBF47FA08F842EA080219EBC4
:107C5C00010101FB04F44EEBE97E03FB0E44A1FB96
:107C6C0003312144EB4001FA06F6203D289C43EAFF
:107C7C0006035CBF41FA05F52B43013210345D1C41
:107C8C00521028946D10069B079C9A42B8BF1A4656
:107C9C009D42B8BF1D46A242A8BF2246A542A8BF1E
:107CAC002546279B05991844039B0CF1080C0833B7
:107CBC000393049B0431043323F8062C04930E9B8A
:107CCC0005919C4521F8065C7FF4D1AEDDE918C81E
:107CDC00DDE912B6DDE91435DDE916E70CEB030A34
:107CEC00F9180EEB860C08EB8604EB0740F1B88014
:107CFC00279B279A0B9EC3F38F0306EB42084FEA90
:107D0C00A209002B00F04681013B1FFA83FE0023E1
:107D1C0047461D46CDE901BECDE903C81FFA89F9D6
:107D2C0000EB89090591CDF890A0D6F800E0D7F8C2
:107D3C0000B050F8041B2FFA91F2D6F804A0D7F833
:107D4C0004802FFA81F18145C1EA024C2CFB0E5EB6
:107D5C002CFB0B3CC2EA214206F1080607F108078E
:107D6C0022FB0AE522FB08C3DFD1DDE901BEDDE918
:107D7C0003C848460B9A08F10808083202EBCE02F9
:107D8C000599DDF890A00B9208EBCE08279A12F01B
:107D9C0003020DD00B9F024410F9016B37F802EB74
:107DAC0082421EFB065538F802EB1EFB0633F3D15C
:107DBC00289ADAF800000E68002A00F0ED802F4AAD
:107DCC00904240F3E28047F6FF770020289A2899EA
:107DDC001268D1F804E0A91801FB00F84EEBE57528
:107DEC0007FB0588A1FB0715A844C6F10E05123642
:107DFC0008FA06F9E94041EA0901B5F120095CBF2E
:107E0C0048FA09F941EA09019A1802FB00F04EEB15
:107E1C00E37E07FB0E00A2FB07373844EB4000FA69
:107E2C0006F6203D43EA06035CBF40FA05F52B43FA
:107E3C004A1C013352105B10069907988A42B8BF4E
:107E4C000A468B42B8BF0B4682422146A8BF024667
:107E5C00834221F8022BA8BF03460C46ACF8003035
:107E6C0004EB0B001BB0BDE8F08F47F6FF77002545
:107E7C0076E604F500442314E417C9E6FFFFFE7F01
:107E8C004FF0804226EAE6772899BC40C4FB0521D6
:107E9C00D20F42EA41020121764226EAE676B1404F
:107EAC0001394C1002EA010E324154BFA04604F1D4
:107EBC000108C64503FA07F34FF0000E4FF0804758
:107ECC00C3FB057E4FEAD77747EA4E07C8BF01329E
:107EDC0039403741069B48BF0134A142C8BF013726
:107EEC009A42B8BF1A469F42B8BF1F46039B002652
:107EFC0053F804EC4FF080435CF8041C21EAE17564
:107F0C000AFA05F4C4FB0E36079C4942A242A8BFEC
:107F1C002246A742A8BF2746049C21EAE17124F817
:107F2C00042C059ADB0F22F8047C012202FA01F4DE
:107F3C0043EA4603013C44FA02F653FA01F203EA1F
:107F4C00040718D433469F4209FA05F34FF0000793
:107F5C004FF08045C3FB0E574FEAD57545EA4705F0
:107F6C0004EA0504C8BF01320D4148BF0136B442D2
:107F7C00C8BF013587E6731CE5E7DDE90BE4DDF8E6
:107F8C003480A146A2462346C1E500F50040071403
:107F9C00C0171BE71D46F9E64FF08042012726EA81
:107FAC00E671DDF8A0E08D40C5FB002E764226EA96
:107FBC00E676B740D20F013F42EA4E027D1002EA4C
:107FCC00070E324154BFA84605F10108C64503FA15
:107FDC0001F14FF0000E4FF08043C1FB003E4FEA21
:107FEC00D37343EA4E0307EA0307C8BF0132334198
:107FFC0048BF0135AF42C8BF01331DE72DE9F04F33
:10800C00A3B01746DDE92C659C461F92359B309A30
:10801C0088469342DDF8B890DDF8C4E01C90C0F2BD
:10802C007B842F9B013B1D932F9B012B40F3A08244
:10803C006FF003031C464FEA69014B1E17912F99F1
:10804C00CDE9208C01FB03F301EB43031E93309B22
:10805C003099A3F11002013B43440D9322F00F031E
:10806C001846139310330F93631A35990293631ABE
:10807C0003930B46CDF858804FF0000AF0461433AA
:10808C000344359A1493309BC3EB42031093309BFB
:10809C005B00159309F001031B932F9B0CEB030B57
:1080AC00331D05932B1D04932F9B5B0011932F9B6A
:1080BC00ABEB03030693309B002B40F3128400229E
:1080CC000D9D11462846169B013B13F9014F214487
:1080DC0010F9014F9D422244F7D101FB08F30B9399
:1080EC0002FB08F30C9357B13B1D53F82A300C9A42
:1080FC001A440C9257F82A300B9A1A440B92179B7D
:10810C00002B00F0F4831C9B0F9A0093179BCDE976
:10811C0018AB0793309B1A97033B0E930BF101039B
:10812C000893169BCDF8C48013441293309B0F2BED
:10813C0040F388820C9B0B981C4602463599009E96
:10814C00149F0D9D043131443E4405350196039E28
:10815C00DDF808C056F801A05CF80590771855F8C2
:10816C00048CAC442FFA89F62FFA8AFE2FFA99F96F
:10817C002FFA9AFA2EFB06002AFB09002FFA88FB2D
:10818C002FFA98F82EFB0B3E51F8043C2AFB08EE14
:10819C002FFA83FA2FFA93F32AFB06262AFB0B4AB3
:1081AC0023FB08A223FB0966D7F804A0DCF8049093
:1081BC00D5F800802FFA89F42FFA8AF32FFA99F95F
:1081CC002FFA9AFA23FB04002AFB09002FFA88FBEA
:1081DC002FFA98F823FB0BE32AFB083E0B682FFAC7
:1081EC0083FA2FFA93F32AFB04642AFB0B2A23FB52
:1081FC00094423FB08A3DCF80890D7F808A0D5F8AD
:10820C0004802FFA89F22FFA8AF62FFA99F92FFAAD
:10821C009AFA26FB02002AFB09002FFA88FB2FFA98
:10822C0098F826FB0BE62AFB0866D1F804A02FFA77
:10823C008AFE2FFA9AFA2EFB02422AFB09292EFB00
:10824C000B3EDCF80C20FB682AFB08EEAF682FFA1B
:10825C0082FC2FFA83F42FFA92F22FFA93F324FB79
:10826C000C0023FB02002FFA87F82FFA97F724FB58
:10827C00086423FB07438C682FFA84F62FFA94F4D6
:10828C0026FB0C9C26FB08E624FB02C224FB07649D
:10829C00019E10318E4205F110057FF458AF009904
:1082AC000F9D29440091DDE9121505F110070E9D73
:1082BC00AF424ADA009E8846B646309D0197A5F13A
:1082CC00040BABEB070525F0030ACDE909150AF100
:1082DC00040AB24458F8046B5EF8041B58F80B50AF
:1082EC002FFA86FC2FFA81F72FFA96F62FFA91F1D6
:1082FC0027FB0C0021FB06002FFA85F92FFA95F5C8
:10830C0027FB093721FB05733599714451F8041C7F
:10831C002FFA81F72FFA91F127FB0C2CD64527FB6E
:10832C00094721FB06C221FB0574D3D1DDE90915F0
:10833C00009E019F25F0030506F1040C04313E1D3F
:10834C000CEB0507009729447719309DBD4225DDBC
:10835C00159D359E01EB0509309D01F1FF3829442F
:10836C00009DA9EB070905F1FF3A05EB060E11F983
:10837C00016B1AF9015F18F901CF05FB063305FBF8
:10838C000C001EF9015B89450CFB052206FB05441C
:10839C00EDD10099309D2944C91B00910499002608
:1083AC0051F8045C059925EAE57951F8047C00FA4A
:1083BC0009F14FF08040C1FB070601216D4225EA0F
:1083CC00E575C00F40EA460001FA05F6013E50FA89
:1083DC0005FB4FEA660800EA060154BF404608F167
:1083EC0001008142049905980968099721EAE1770F
:1083FC00D0F800A04FF0000E03FA07F04FF08043C6
:10840C00C0FB0A3E4FF00100C1F1000121EAE1710D
:10841C004FEAD37300FA01F043EA4E0300F1FF3048
:10842C0003EA000C4FEA600EC8BF0BF1010B0B41C5
:10843C00CDF828C058BFF44601930A9B48BF0EF1F3
:10844C00010C634502DD019B0133019302FA09FC27
:10845C004FF080424FF00009099B04FA07F7CCFB60
:10846C000329D20F42EA490216404FF080442A41B8
:10847C004FF00005C7FB0A4548BF08F10108E40F9F
:10848C0044EA4504464500EA0400C8BF01320C41E9
:10849C0048BF0EF1010E329B7045019803EB0B01A6
:1084AC00184403463298C8BF01340244044433983C
:1084BC00109D8142B8BF01468342B8BF0346824239
:1084CC00B8BF02468442B8BF0446009828440090C6
:1084DC0034988142A8BF01468342A8BF034682421A
:1084EC00A8BF02468442A8BF044606980170014604
:1084FC0043700898119B00F8012C0A461A44C318C3
:10850C000893079B0470013B069207937FF40EAE11
:10851C00DDE918AB1E9B1A9F5B44DDF8C480069303
:10852C001B9B002B40F09580DDE91523134416931B
:10853C000D9B0AF1020A13440D93059B0BF1020BE0
:10854C0008330593049B083304931D9B9A45FFF64F
:10855C00AEADDDE92C652F9BC646DDF880805B084F
:10856C0003FB0288DDF884C0DDF8B8900CEB430CFB
:10857C002F9BDB0762D5B9F1000F5FDD4FF0804B0D
:10858C000024359B309ACDF80480A3EB020A2F9B74
:10859C001F9A5B44013B06EB830605EB8305CDF884
:1085AC0000A002EB8303DDF870A0DDF8C08002931D
:1085BC001F9B002B00F09E81029B1968B8F1000FE5
:1085CC000DDD019B5246581EC24412F9013B10F9B5
:1085DC00017F7344524507FB0311F6D1924628687C
:1085EC00002720EAE07291405A46009B40429A4490
:1085FC00336820EAE070C1FB03270123D20F8340CC
:10860C0042EA4702013B02EA030102414FEA6303DB
:10861C0048BF01339942329BC8BF01321344339A8D
:10862C0001349342B8BF1346349A9342A8BF134601
:10863C008CF800302F9BA1459C44B9D1002023B06D
:10864C00BDE8F08F0C9B0B981C4602460027169930
:10865C002DE6309B0F2B40F35481DDE90B12DDF836
:10866C0000900F9B4C46CDE900AB99440D9B029EAC
:10867C000533079756F803E053F8047C2068F51887
:10868C002FFA8EFA2FFA80FC2FFA87FB2FFA9EFE18
:10869C002FFA90F02FFA97F72CFB0A1A2CFB0B2CC5
:1086AC00616820FB0EA220FB07C06F68D3F800C0E6
:1086BC002FFA87FA2FFA81FE2FFA8CFB2FFA97F7F5
:1086CC002FFA91F12FFA9CFC2EFB0A2A2EFB0B0E93
:1086DC0021FB0CE021FB07A7D3F804E0D5F808A098
:1086EC00A1682FFA8AFC2FFA81F22FFA8EFB2FFA4F
:1086FC009AFA2FFA91F12FFA9EFE22FB0C7C22FBA8
:10870C000B0221FB0E2021FB0ACCE268E9689D6874
:10871C0010342FFA81FE2FFA82F72FFA85FA2FFAEE
:10872C0091F12FFA92F22FFA95F527FB0ECE4C45CC
:10873C0027FB0A0722FB01E103F1100322FB057260
:10874C0098D1DDE900AB169BCDE90B120F9A009482
:10875C009C18139B079F03F11002309B033B934221
:10876C0044DD009826460546309BCDE907B2A3F1BF
:10877C00040EAEEB020323F00301CDE909430431EF
:10878C00CDF804A0DDF82C90DDF830A000EB010C46
:10879C0056F8040B55F8043B56F80E202FFA80F4CB
:1087AC002FFA83F12FFA82FB2FFA90F02FFA93F322
:1087BC002FFA92F221FB0494654521FB0BA123FBBC
:1087CC00004923FB021AE3D1DDE90943DDE907B2D5
:1087DC00009823F00303211D0430CDE90B9A0432D9
:1087EC00CC18DDF804A0C11800911A44309B9342B8
:1087FC0015DDDDE90B569B1A3099009A601E134467
:10880C00611812F9014B11F901CB9A4204FB0C6669
:10881C0010F901CF14FB0C55F3D1CDE90B56049B89
:10882C000B9853F8042C4FF0804522EAE2718840F3
:10883C00014600200124059B524253F8043C22EAD5
:10884C00E272C1FB035004FA02F3E90F41EA400162
:10885C00013B51FA02F501EA030043FA04F348BF65
:10886C001B199842049B0C9C19684FF0804621EA16
:10887C00E17004FA00F420464FF000044FF00102BE
:10888C00059BC1F100011B6821EAE171C0FB036487
:10889C0002FA01F24FEAD67302F1FF3243EA4403C3
:1088AC0003EA0200C8BF013552100B4148BF013228
:1088BC0090423299C8BF0133329A0B4433992A44FF
:1088CC008A42B8BF0A468B42B8BF0B4634998A42DB
:1088DC00A8BF0A468B42A8BF0B4606990A704B707C
:1088EC0022E64FB10023CDE90B33FFF7FDBB1C9BF8
:1088FC00009315E61F9961E6179B2BB1CDE90B7719
:10890C0001E40022169C28E71B9B002B3FF40CAEC5
:10891C00179BCDE90B3382E74FF0FF308FE600BF9A
:10892C002DE9F04F95B0239C1E9D04EBD4777F105E
:10893C00012C2EB29446C6EA06469A46DDF888907B
:10894C000B97099040F3F380219F4A467F4227EA18
:10895C00E77318460493269B4FEA490B5B000C9374
:10896C000346012000FA03F3013BB9F1000FCDF8E7
:10897C0008B0DDF884B0B8BF09F1030205930341D8
:10898C00099822F0030E97102BEAEB7BCDF838E018
:10899C000D97CDF80CB000EB87070EEB010BA9EB94
:1089AC000E00E6460A9301330F902394D046002024
:1089BC004C46109711931291CDF84CA0BEF1000FBC
:1089CC0000F0A680774657F8082BDEF80430BE4638
:1089DC000F190197029FCF1906970D9F002F00F0DA
:1089EC001181CDE9070BDDF82490BC46CDF804804D
:1089FC000F1959F8040B26FA90FB51F804AB26FA20
:108A0C0080F02FFA9AF828FB0B282FFA8AFA2AFB07
:108A1C00008257F8048B2FFA98FA2AFB0B3A2FFA9C
:108A2C0088F8BCF1010C28FB00A3E2D1DDE9070BAF
:108A3C0059460BEB0407DDF840C0DDF804800197C4
:108A4C000E9FBC4212DD0F9F07960CEB070A019F8D
:108A5C001CF9016B11F9019B2E4406FB092217F935
:108A6C00019BD44506FB0933F2D1079E03994FF0C5
:108A7C0080478A400021DDF880C00130C2FB0C71B8
:108A8C00FA0F42EA4102049F0599DDF880C01140BB
:108A9C003A414CBF119F0A9FB94203994FF080474E
:108AAC0003FA01F34FF00001C3FB0C714FEAD773CB
:108ABC0043EA4103049F0599C8BF013219403B4169
:108ACC004CBF119F0A9FB9421F99C8BF01330A447A
:108ADC000B4424998A42B8BF0A468B42B8BF0B4656
:108AEC0002998B4425998A42A8BF0A468B42A8BF9B
:108AFC000B4688F80020269A08F802300C9B984404
:108B0C000B9B834207DD0699BEF1000F7FF45AAF31
:108B1C00734672465CE7F4460C99DDF84CA0129A49
:108B2C0003FB01AA0299A14603FB0121239CE30745
:108B3C0064D5BCF1000F68D0DCF80030C846B9F140
:108B4C00000FB8BF09F103085FEAA8081AD08E46D7
:108B5C004446099F57F8040B26FA90FB5EF8042B49
:108B6C0026FA80F02FFA92FC2CFB0B332FFA82F2B0
:108B7C00013C22FB0033EDD1099A01EB880102EB99
:108B8C0088020992B9EB880F4FEA88020CDD099C28
:108B9C00A9EB0202224414F9010B11F9016B2844D0
:108BAC00944200FB0633F6D14FF0804200200121A5
:108BBC00219C24EAE474A340209CC3FB0420219B49
:108BCC00D20F5B4223EAE373994042EA4002013937
:108BDC0002EA01001A414FEA610148BF01318842A3
:108BEC001F9BC8BF01321344249A9342B8BF13464B
:108BFC00259A9342A8BF13468AF80030002015B07E
:108C0C00BDE8F08FDDF824C01AE7634696E700BF95
:108C1C002DE9F043C3EA03465FEA92081AD00C46EA
:108C2C000746454657F804CB013D4FEA3C2E26FA41
:108C3C008EFE26FA8CFC04F10804CEEA2C49CCEA10
:108C4C000E4C44F8049C44F808CCEBD100EB8800A3
:108C5C0001EBC80112F0030208D09BB2024410F9D8
:108C6C00014B1C44904221F8024BF8D1BDE8F08333
:108C7C002DE9F04FA1B011939368CE6808934B681F
:108C8C00DDE92A0515938B68D5E901C51293D368E4
:108C9C00BCF1000FDDF8B0E0B1F91090B1F914A0FF
:108CAC0009950293C6F1000740F3DE80DDF80880D9
:108CBC00089D434605FB03F35D004346DDF8248025
:108CCC0007955D0008F1FF3305FB03F30195129D39
:108CDC0013936D4217954546002D40F3C580002532
:108CEC00F046CDF86090CDF864A0CDF8B0E0B94670
:108CFC00E246AE465268029B14920A685B100E92D2
:108D0C0042680393169282689B001A94019C0F92FE
:108D1C000493149B169A33449342A8BF1346002520
:108D2C001299089A26EAE67C179806930CEB09032D
:108D3C0002FB03F3CDE91D8647460E462A46014643
:108D4C00CDE91B9A1093CDF87CE0089B26EAE675DA
:108D5C0003EB06090F9B9945A8BF9946069B9C45BA
:108D6C0060DA109BCDE90C2601EB030A119BAA4497
:108D7C0004FB0A3A2E4600230498CDE90AC1CDF82B
:108D8C0014C007EB00084E4540DA5246002B40F069
:108D9C00A38051462246384604F05FFDB446514646
:108DAC000CF1010CE14521442FD00A46039B002B0A
:108DBC0040F390803D460194286852F8043B0FFA2A
:108DCC0080FE1CB200141B147445B8BF7446834259
:108DDC00B8BF034664F30F0B63F31F4B45F804BB9A
:108DEC00A845E9D14346049A019C8A180298C00709
:108DFC00D6D5B2F90020B3F900000CF1010C904269
:108E0C00B8BF1A80E1452144CFD101230799059AB7
:108E1C008A44069901328A420592B4D1DDE90AC12D
:108E2C00DDE90C260E9B01321944F61A099B2744E6
:108E3C0093428AD1DDE91D86DDE91B9ADDF87CE0E1
:108E4C00139A08EB04030EF1010E03EB0208159BB9
:108E5C00F2459944A6EB03067FF45BAF1A9CDDF850
:108E6C00B0E0D446DDE9189A099B03FB0CF0029B99
:108E7C0003FB00F04210002A1CDD764697000EEB37
:108E8C008202336819B249454FEA2343B8BF4946B9
:108E9C004B45B8BF4B465145A8BF51465345A8BF9B
:108EAC00534661F30F0463F31F4446F8044BB2427C
:108EBC00E7D1BE44C30709D5BEF900309945B8BF08
:108ECC009946CA45A8BFCA46AEF800A0002021B0FA
:108EDC00BDE8F08F3B4689E7B446514666E700BFD4
:108EEC002DE9F04FD1E904659FB00F939368DDE94C
:108EFC00288006934B68D0F804C013938B68CF6816
:108F0C0011936346002BD0F808E02A9CD2F80CB0E1
:108F1C00CDF840C0C7F1000A40F3F0800EF1FF33EA
:108F2C000BFB03F31593069BBEF1000F0BFB03F336
:108F3C000593119BC3F10003169340F3DF804FF0B0
:108F4C00000C5368CDE9186512930B683A460C93E4
:108F5C00D8F8043026461493D8F80830E0460D9320
:108F6C004FEAAB0317932BF003030293CDF82CE0DD
:108F7C002A94129B149913448B42A8BF0B46119C44
:108F8C0037461D960021264622EAE270DDF818C00D
:108F9C00049300EB0A030CFB03F3169DCDE91A2A8C
:108FAC002A46179D0E93CDF87080069B26EAE67430
:108FBC0006EB03090D9B9945A8BF9946049B984263
:108FCC007DDA0E9B019402EB030A0F9BA2440BFB70
:108FDC000A3A2C460023DDF808C0CDE90762CDE93A
:108FEC000910039007EB0C08019A4A455ADA5246CD
:108FFC00002B40F0DC8051465A46384604F02DFCDC
:10900C005146019E0136B14559444AD00A46002CBE
:10901C0040F3CB803D46CDF800B0286852F8043BB5
:10902C004FFA80FC4FFA83FEE645B8BFE6464FF098
:10903C00000C40F3072B6EF3070C43F3072EDE45B1
:10904C00B8BFDE4640F3074B6EF30F2C43F3074ECD
:10905C00F3454FEA23634FEA2060B8BFF3468342DF
:10906C00B8BF03466BF3174C63F31F6C45F804CB86
:10907C004545D2D14346029ADDF800B00A441BF0B4
:10908C00030CBFD0013B944412F9010B13F9015F9F
:10909C008542B8BF18706245F6D10136B1455944C6
:1090AC00B4D101230599039A8A44049901328A4266
:1090BC00039299D1DDE90762DDE9091025460C9B85
:1090CC0001311A44F61A0B9B5F448B427FF46DAF4F
:1090DC00DDE91C86DDE91A2A159906EB0B035E18EF
:1090EC00139B08F101089A44D21A109B43457FF454
:1090FC0040AFDDE91865DDF82CE02A9C109B0EFBD7
:10910C0003F30BFB03F3981000283ADDA446870009
:10911C0004EB8000DCF800204FF0000E4FFA82F9CF
:10912C0042F30728B14542F30741B8BFB146B045F9
:10913C004FEA2262B8BFB046B142B8BF3146B24224
:10914C00B8BF32464FFA89F94FFA88F8A94549B2A7
:10915C00A8BFA946A84552B2A8BFA846A942A8BF15
:10916C002946AA42A8BF2A4669F3070E68F30F2EB8
:10917C0061F3174E62F31F6E4CF804EB6045C9D1D6
:10918C003C4413F003030CD0234494F90020B24266
:10919C00B8BF3246AA42A8BF2A4604F8012BA34204
:1091AC00F3D100201FB0BDE8F08F3B4667E7514676
:1091BC00019E2CE72DE9F04F9DB09DF8A0401E4676
:1091CC000B1E19941192299C189340F3FF830023D2
:1091DC001593531E00EB0309631E1393A31E1293E6
:1091EC00DFF8D482530000F1FF3A1A93CDF80490C3
:1091FC00119A9AF90170012A0AF1010340F3418690
:10920C00019913F9012F9742B8BF17469942F8D12B
:10921C000023D346CDF83CA0CDE90237B2467DE021
:10922C00C2FB0830002805DA6FF000429A1813468A
:10923C0040F10000DB0F43EA400303EB08024FF060
:10924C0080434FF0000E19469C4E0D98C2FB061E33
:10925C00C90F41EA4E0101FB0CFC10400C9A8CEA40
:10926C00000C0CEA020100201A46954EF224CCFBAD
:10927C000620D20F42EA400202FB07F700201A46F2
:10928C00904E4F40C7FB06200B9ED20F42EA400285
:10929C0002FB06F600201A460E9939408A4F4E40C2
:1092AC00C6FB0720D20F42EA400202FB05F5002064
:1092BC001A4607993140854E4D40C5FB0620D20F0A
:1092CC0042EA40020598089902FB00F00246294048
:1092DC004A40002519467E4E0A98C2FB06151040DE
:1092EC00C90F049A41EA450101FB02F200214240F8
:1092FC00C2FB0431DB0F43EA41030699099813FBC7
:10930C0001F302405A401313110548BF0133029A6E
:10931C001A440292019B5B4500F0E680039A1BF90C
:10932C00013F9B1A279A9A42F4DC269A93409AEAB8
:10933C00030F59BF4FF0804100224FF0FF326549B7
:10934C00C3FB0A12002A04DA6FF00040091842F13C
:10935C000002C90F9A4541EA420100F093804FF098
:10936C00804041F07F435C015B1AC3F30072C3F38E
:10937C008069C3F34076C3F3006CC3F34067C3F357
:10938C00C0650592C3F38073013A06930892013BC2
:10939C00721E0A9209930022034604F18054C4FB06
:1093AC000432DB0F43EA42030022C3FB03020CF13D
:1093BC00FF3ECDF834E007F1FF3ECDF830E0C00FB2
:1093CC0009F1FF3E40EA4200CDF838E005F1FF3EDE
:1093DC0084EA0302CDF81CE04FEAA00E800748BFD8
:1093EC000EF1010E002AA6BF4FF0804200204FF074
:1093FC00FF30CDF82C90049684FB0396B8BF354A09
:10940C0012EB090240EB0600002806DA6FF0004967
:10941C0012EB09094A4640F10000D20F42EA400221
:10942C002D48724492EA000F28D44FF080404FF040
:10943C00000E294EC2FB060EBEF1000F05DA6FF0CE
:10944C000042821810464EF1000EC00F40EA4E004A
:10945C0003445A105CBF03F00103D218224492EA71
:10946C00080F59BF4FF0804300204FF0FF30194BCD
:10947C0000297FF4D5AE4FF4002348E74FF0FF3EB0
:10948C001448D6E7BAF1004F7FF469AF4FF0FF30C4
:10949C0000256FF00041AC462F46CDE90800CDE920
:1094AC0005550E4A0E4B0F4C0D900E900B950A90D5
:1094BC00079004950C90B8E794A8F5707BBEAF6349
:1094CC00F2CBA24D6CAC162FA4AA5211B72A58029B
:1094DC0011FE0A00010000C0ABAAAA2AFFFF41003E
:1094EC00F8FFFF01E0FFFF0F029B5646002B039F86
:1094FC00DDF83CA000F0C784B3FA83F940F3A284F2
:10950C004FF0FF3003FA09F303F10043DA175B085D
:10951C0043EAC27313F1804342F1000E6449654A79
:10952C00C3FB0210002805DA6FF000428A181146BE
:10953C0040F10000C90F41EA40014FF08042002089
:10954C0001F15A31C1FB0320D20F42EA4002C2F1B1
:10955C00005292EA010F82FB014040F18384544A8D
:10956C00A21860F100000028C0F28384D20F42EAF6
:10957C0040029200114491EA030F59BF4FF0804210
:10958C0000254FF0FF354A4A9C46C1FB0325002DB0
:10959C000C464FEAE170C0F2AA84D20F42EA4502AF
:1095AC00C2F1005291EA020F00F1A9844FF08045FC
:1095BC004FF0000B029502FB00F0D51704FB0500E1
:1095CC00A2FB0424029D2044521940EB0B000028FE
:1095DC0005DA6FF000441419224640F10000D20F56
:1095EC0042EA4002B2F1005FC0F2EA836FF000423F
:1095FC000A4492EA0C0F61465ABF4FF0804100209A
:10960C004FF0FF3002FB0EF44FEAE27503FB05440A
:10961C00A2FB033548BF26492C445B1844EB0004DD
:10962C00002C05DA6FF0004159180B4644F1000488
:10963C00DB0F43EA4403C3F1005392EA030F59BF13
:10964C004FF0804100204FF0FF301949C2FB03104E
:10965C00002805DA6FF00043CB18194640F10000E2
:10966C00C90F41EA4001B1F1005FC0F24E846FF0C6
:10967C0000431A44B2F1804FC0F256840293199BF6
:10968C00002B00F0DD81119BC9F11B02002B149201
:10969C0040F3898101239340013B129916935B108F
:1096AC00D346B146039117930497CDF86CA06DE1A6
:1096BC00010000C0C4C3C3C3269A934099EA030FA8
:1096CC0059BF4FF0804700224FF0FF32C14FC9FB0A
:1096DC000372002A05DA6FF0004179180F4642F147
:1096EC000002FF0F994547EA420700F08581B7FA5F
:1096FC0087F34FF0804247F07F41002F4FEA53131E
:10970C00A1EB0707C7F3406503F1FF33C7F3806490
:10971C00099305F1FF33C7F3C060059304F1FF33E0
:10972C00C7F3007C069300F1FF33C7F3407E0F9321
:10973C000CF1FF33C7F3807A0D930EF1FF330893CE
:10974C000AF1FF33CDF838C007934FF0000C1346E5
:10975C004FEA411101F18051C1FB013C4FEAD37337
:10976C0043EA4C034FF0000CC3FB032C4FEAD272BC
:10977C0042EA4C02C7F30066CDF830E00CBF6FF044
:10978C00004700274FEAA20ECDF82CA0920781FBD0
:10979C0003CA83EA010248BF0EF1010E002AA8BFDA
:1097AC004FF08042CDF840A0AEBF4FF0000A4FF012
:1097BC00FF3A884A0A971CEB0202DDF840C006F11A
:1097CC00FF374CEB0A0ABAF1000F06DA6FF0004CC7
:1097DC0012EB0C0C62464AF1000AD20FDFF8F8C10A
:1097EC0042EA4A02724492EA0C0F59BF4FF0804C85
:1097FC004FF0000E4FF0FF3EDFF8D8C1DFF8D8A1D4
:10980C00C2FB0ACEBEF1000F06DA6FF000421CEB71
:10981C00020294464EF1000E4FEADC7C4CEA4E0CF0
:10982C0063445A1002D403F001031A440A4492EA26
:10983C00080F59BF4FF0804300214FF0FF31654BAB
:10984C00C2FB0831002905DA6FF000429A18134662
:10985C0041F10001DA0F4FF0804342EA41024FF030
:10986C00000C1946DFF874E14244C2FB0E1CC90F10
:10987C0041EA4C0101FB06F617407E401A460027D0
:10988C00DFF85CC10599C6FB0C27D20F42EA4702F0
:10989C00314002FB05F500261A46524F4D40C5FBE0
:1098AC0007260699D20F42EA4602294002FB04F42D
:1098BC0000251A464C4E4C40C4FB06250F99D20F7E
:1098CC0042EA4502214002FB00F000241A46474DB3
:1098DC004840C0FB05240D99D20F01400E9842EA76
:1098EC00440202FB00F0024600244A401946404D57
:1098FC000898C2FB05141040C90F0C9A41EA4401A8
:10990C0001FB02F2114600244140F2251846C1FB2E
:10991C000504079AC00F0A400B9940EA440010FB5B
:10992C0001F0099942400A400A9902984A4002996A
:10993C0092EA010F52BF00214FF0FF31254BC2FBC1
:10994C000031002905DA6FF000429A18134641F1F4
:10995C000001149ADB0F43EA410353FA02F21DD4BF
:10996C0016990B4017998B4265DDA2F5FF437F3B9F
:10997C0047F6FE729342CCBF47F6FF731BB2039AB5
:10998C0022F8023F019B03925B4509D0049A1BF914
:10999C00013F9B1A279A9A427FF78EAE154BEEE742
:1099AC004E46DDF86CA0119A019992441144019134
:1099BC001399159B11441391129A1A9901330A4465
:1099CC001292189A15939A427FF412AC1DB0BDE80E
:1099DC00F08F00BF010000C0ABAAAA2A7BBEAF6308
:1099EC00F2CBA24D6CAC162FA4AA5211B72A580276
:1099FC0011FE0A000080FFFFB9F1004F7FF477AE33
:109A0C004FF0FF360020B44637460896059606966A
:109A1C00054604460646CDE90B00134B134A144980
:109A2C000A900E90CDF824C0CDF81CC0CDF834C0EF
:109A3C00CDF83CC0F7E6A2F50043002A98D19EE78A
:109A4C00119BC9F12302002B1492ACDD012393402E
:109A5C00013B139916935B10D346B14603911793B0
:109A6C000497CDF86CA06CE1F8FF1502FCFF0A011D
:109A7C00E0FFFF0F269A934099EA030F59BF4FF06E
:109A8C00804700224FF0FF32C24FC9FB0372002AFD
:109A9C0005DA6FF0004179180F4642F10002FF0F12
:109AAC00994547EA420700F05781B7FA87F34FF020
:109ABC00804247F07F41002F4FEA5313A1EB070779
:109ACC00C7F3406503F1FF33C7F380640F9305F1CF
:109ADC00FF33C7F3C0600D9304F1FF33C7F3007C71
:109AEC000C9300F1FF33C7F3407E0B930CF1FF3363
:109AFC00C7F3807A09930EF1FF3307930AF1FF3312
:109B0C00CDF828C005934FF0000C13464FEA4111D5
:109B1C0001F18051C1FB013C4FEAD37343EA4C0382
:109B2C004FF0000CC3FB032C4FEAD27242EA4C02FA
:109B3C00C7F30066CDF820E00CBF6FF0004700279C
:109B4C004FEAA20ECDF818A0920781FB03CA83EA54
:109B5C00010248BF0EF1010E002AA8BF4FF080424F
:109B6C00CDF840A0AEBF4FF0000A4FF0FF3A894A43
:109B7C000E971CEB0202DDF840C006F1FF374CEBF0
:109B8C000A0ABAF1000F06DA6FF0004C12EB0C0C5B
:109B9C0062464AF1000AD20FDFF8FCC142EA4A02DF
:109BAC00724492EA0C0F59BF4FF0804C4FF0000EEC
:109BBC004FF0FF3EDFF8DCC1DFF8DCA1C2FB0ACEC0
:109BCC00BEF1000F06DA6FF000421CEB0202944665
:109BDC004EF1000E4FEADC7C4CEA4E0C63445A10FA
:109BEC0002D403F001031A440A4492EA080F59BF45
:109BFC004FF0804300214FF0FF31664BC2FB083120
:109C0C00002905DA6FF000429A18134641F1000161
:109C1C00DA0F4FF0804342EA41024FF0000C194634
:109C2C00DFF878E14244C2FB0E1CC90F41EA4C013B
:109C3C0001FB06F617407E401A460027DFF860C18C
:109C4C000D99C6FB0C27D20F42EA4702314002FBAA
:109C5C0005F500261A46534F4D40C5FB07260C99B7
:109C6C00D20F42EA4602294002FB04F400251A46B0
:109C7C004D4E4C40C4FB06250B99D20F42EA4502CF
:109C8C00214002FB00F000241A46484D4840C0FB1E
:109C9C0005240999D20F01400A9842EA440202FBBA
:109CAC0000F0024600244A401946414D0798C2FB79
:109CBC0005141040C90F089A41EA440101FB02F255
:109CCC00114600244140F2251846C1FB0504059AB3
:109CDC00C00F0A40069940EA440010FB01F00F99AE
:109CEC0042400A400E9902984A40029992EA010FAA
:109CFC0052BF00214FF0FF31264BC2FB003100292F
:109D0C0005DA6FF000429A18134641F10001149ADB
:109D1C00DB0F43EA410353FA02F21AD416990B40B3
:109D2C0017998B4231DDA2F17F037E2BCCBF7F23B1
:109D3C005BB2039A02F8013F019B03925B453FF42F
:109D4C002FAE049A1BF9013F9B1A279A9A427FF770
:109D5C0091AE6FF07F03ECE7B9F1004F7FF4A5AE45
:109D6C0000204FF0FF37064604460546CDE90C7738
:109D7C001049114B114A0E9007970A9008900B97B7
:109D8C000F970690059709972BE7A2F18003002AFD
:109D9C00CBD1CEE7010000C0ABAAAA2A7BBEAF6331
:109DAC00F2CBA24D6CAC162FA4AA5211B72A5802B2
:109DBC0011FE0A00E0FFFF0FF8FF1502FCFF0A017D
:109DCC00B2F1604FC8BF92003FF712AC01F10042F4
:109DDC0092EA0C0F5AD402FB0EFED11703FB01EED4
:109DEC00A2FB033113F180434EEB0101002905DA8C
:109DFC006FF000401818034641F100014FF0FF309E
:109E0C00DB0F43EA4103C3F10051494BC1FB023064
:109E1C00002805DA6FF0004159180B4640F100009C
:109E2C00DB0F43EA4003B3F1604F5BDC530002F1FC
:109E3C0000410293B1F1404F029BD8BF4FF0004359
:109E4C0002931CE44FF000094FF0FF3338483949B6
:109E5C0002904FF000520C469E469C4618469B467C
:109E6C00FFF7A9BB14F1804240F100000028BFF6B7
:109E7C007DAB6FF000441419224640F10000FFF74F
:109E8C0075BB3FF4C5A94FF02009DDE702FB0EF0CE
:109E9C00D11703FB0100A2FB0331084424495B18D2
:109EAC0060F10000002805DA6FF0004159180B46EC
:109EBC0040F10000DB0F43EA40034FF0FF301C4938
:109ECC00C3F10053C2FB0310002805DA6FF0004306
:109EDC00CB18194640F10000C90F41EA4001B1F11D
:109EEC00604FA3DD4FF000430293FFF7C8BB6FF048
:109EFC00004B12EB0B0245F10005FFF74EBB0C4D6E
:109F0C004FF0FF3B0295FFF756BBB1F1604F8DDD73
:109F1C0002EB81014B00B1F1804F0293A8BF6FF0AF
:109F2C000043BFF6ABAB85E753000293FFF7A7BB2B
:109F3C00010000C0B6B4B4B410B584B0069CDDF812
:109F4C001CC000940024CDF804C0DDF820C0CDE97D
:109F5C00024CFFF72FF904B010BD00BF12289ABFB6
:109F6C00024B53F820000248704700BF88190110BB
:109F7C009CFB001030B50C1E16DD0023551C08E0B0
:109F8C0010F901C04FEA2C1C05F803C002339C42A7
:109F9C000ADD591010F801E003F1010C4EF3030E29
:109FAC00644502F803E0EBD130BD00BF38B515466F
:109FBC001A461C4602F012FF0022114BF8F776FAF3
:109FCC0003F058F804F07CFB4FF0004E4FF0000CFF
:109FDC0086457CEB010203460FDB614508BF7045EB
:109FEC00226803D14FF08043013222601F3202DA23
:109FFC000022134622602B6038BD03F0D7F800BF57
:10A00C000000E0412DE9F04115461C4600220023DA
:10A01C0006460F46F8F7B2FC20B100232B602360F4
:10A02C00BDE8F08123462A4630463946BDE8F0416A
:10A03C00FFF7BCBF2DE9F04706464FF000400F4636
:10A04C0008999046C8409946F8F7C6F94246044626
:10A05C000D464B4630463946F8F728FA02460B4671
:10A06C0020462946F8F722FA10A3D3E90023044628
:10A07C000D46DDF828A0F8F7A9FC10B10BA5D5E921
:10A08C0000450022204629460A4BF8F79FFC58B1A0
:10A09C00534620462946099AFFF788FFDAF8003024
:10A0AC00002B01DBBDE8F08703F080F80000C0FF57
:10A0BC00FFFFDF410000F03F2DE9F8430124074684
:10A0CC0004FA00F0154601380E46F8F785F9ED1B39
:10A0DC008946C5F12003A5F1200124FA03F304FA03
:10A0EC0001F18046194304FA05F0F8F7B1F902467C
:10A0FC000B4640464946F8F7D9F9C6F12003894684
:10A10C00A6F1200124FA03F304FA01F18046194365
:10A11C0004FA06F0F8F79CF902460B46404649460D
:10A12C00F8F7EEFA02F022FFF8F75AFCBDE8F883D4
:10A13C00000000002DE9F04782B004469A46DDF895
:10A14C002890CD68D2F80C806BB32846F8F756F9F6
:10A15C00064640460F46F8F751F902460B46304684
:10A16C003946F8F7A3F90646DAF80C000F46F8F76B
:10A17C0045F90B46024639463046F7F7DFFF0246F3
:10A18C00D9F80C00164621F00047F8F737F90246CB
:10A19C000B4630463946F8F7B3FA1CA3D3E9002333
:10A1AC00F8F700FC00B341462846F8F74FFD0021B4
:10A1BC000546F8F7FDFE20B32846F8F71FF90446CC
:10A1CC00D9F80C000D46F8F719F902460B46204653
:10A1DC002946F8F795FA02460B4600200B99C1E97F
:10A1EC00002302B0BDE8F0874FF49E730949204666
:10A1FC002569094A00910949A847012002B0BDE828
:10A20C00F08740F249130649F1E700BF7B14AE47D3
:10A21C00E17A943FF4FC001050FC0010DCFC0010C0
:10A22C0018FD00102DE9F04792F800C00546BCF16E
:10A23C00070F1C4682B025D0BCF1090F0ED0BCF123
:10A24C00030F47D05649046940F28F130091554AC9
:10A25C005549A047012002B0BDE8F0877F276FF079
:10A26C007F060129D2F80C80D2F8109013D0032964
:10A27C0033D0022972D00A9B26601F60002002B0E6
:10A28C00BDE8F087012947F6FF77484ED2F80C80DD
:10A29C00D2F81090EBD141460020F8F78BFD02F07C
:10A2AC0037FF4FF04F418046F8F782FE002841D02F
:10A2BC0040464FF09E41F8F771FE00283AD04046D8
:10A2CC00F8F7A0FE4844B042B8BF30460A9B206065
:10A2DC001F60D3E7FF270026C3E741460020F8F7AD
:10A2EC0069FD02F015FF4FF04F418246F8F760FE12
:10A2FC0000B350464FF09E41F8F750FED0B1504697
:10A30C00F8F780FE03464B44B342B8BF3346414690
:10A31C0027482360F8F74EFD02F0FAFE4FF04F414C
:10A32C000446F8F745FE28B14FF09E412046F8F759
:10A33C0035FE48B91F492C6940F257130091284645
:10A34C00184A1949A04785E72046F8F75BFE4844B0
:10A35C00B842A8BF38460A9B18608FE7414616489A
:10A36C00F8F728FD824602F0D3FE4FF04F418046AD
:10A37C00F8F71EFE0028DDD040464FF09E41F8F75E
:10A38C000DFE0028D6D04046F8F73CFE03464B4461
:10A39C00B342B8BF33460AF100402360BCE700BFAC
:10A3AC0034FD001050FC0010DCFC00100080FFFF9E
:10A3BC000000C0403CFD0010000080BF2DE9F04FB4
:10A3CC0097B0209C1646DDE926780494219C1A4609
:10A3DC000594229C91F830300894239C012B09940D
:10A3EC00249C05460694259CDDF8A0A007940C46F9
:10A3FC000FD001267A4A0469CDE90123794AD72383
:10A40C0000927949794A0396A047012017B0BDE81C
:10A41C00F08F96F83010012918D1716B002900F0DB
:10A42C00A680D1F800B0BBF1000F00F08780DBF8FC
:10A43C000030012B24DD94F800C0BCF1090F11D0C1
:10A44C00BCF1070F0ED0E923694979E0644E694AE3
:10A45C000469CDE90213CDE90026D923634A624988
:10A46C00A047D2E73078092872D0122870D0624900
:10A47C002C69EB23009128465C4A6049A047C4E74D
:10A48C000499BAF1000FE068D1F80C903EDDCDE9EB
:10A49C001032F7F7B3FF02460B464846CDE90C23C2
:10A4AC00F7F7ACFF109B119ACDE90E5410964FF0B4
:10A4BC000109DDE90C561C46CDE90A01043FA8F15F
:10A4CC0004080C9200E09946012CCCBF5BF82900E3
:10A4DC00DBF80400F7F792FF2A463346F7F7E6FF5E
:10A4EC00DDE90A23F8F70CF914AB13AAFFF78AFD80
:10A4FC00139BCA4547F8043F149B48F8043F09F1E5
:10A50C000103E0D1DDE90E54109E0C9A2378032B45
:10A51C0044D0092B1AD84FF42270D84010F0010007
:10A52C003FF474AF28460599079C0978069B049A5A
:10A53C00209417B0BDE8F04FFFF774BEE523304907
:10A54C002C692A4A00912D49A0475EE700205DE75F
:10A55C0053450FD0CDE9023A2A4A2B492C69ED23F9
:10A56C00019200912846214A1F49A0474DE7E42358
:10A57C002649E5E78868B16801EB80014968994292
:10A58C0029D0CDE90231224A1E4E2C69EE230192CC
:10A59C002846164A14490096A04736E7134600276A
:10A5AC003246002604992846009114A901912146AF
:10A5BC00CDE91467FFF7BEFD00287FF426AFDDE977
:10A5CC001401089A13ABFFF71DFD139A0999524217
:10A5DC0023780A609DE70499E068D1F80C9056E75F
:10A5EC0080FD00109CFD001064FD001050FC00105C
:10A5FC0004FE0010B8FD001040FE0010DCFC001042
:10A60C00E8FD00107CFE00108CFE0010D4FD001044
:10A61C00B0FE0010436B10B51BB1BDE810403C21DF
:10A62C00184702F0C3FD00BF2DE9F04FD1F81080A0
:10A63C000E460546AFB0B8F1000F00F04581D1F8D9
:10A64C001490B9F1000F00F03F8184689F4B2046B5
:10A65C001A6823689B6998470746002800F0E38036
:10A66C009B4B31461A68236820469B699847824663
:10A67C00002800F0DB80974B31461A68236820468F
:10A68C00DB699847099000287AD0BB6819A819464D
:10A69C000B9351F8043B9A0018930A9303F0DDF8DE
:10A6AC00099A1FA8D2F808B0594651F8042B1E92EB
:10A6BC000892920003F0D1F80A98002840F3048124
:10A6CC00089A1999002A40F3FF801F9A8A4240F099
:10A6DC00FB800B9B03289968DB680C920D910E9301
:10A6EC0040F3F28008991C9B03290F9340F3EC80F4
:10A6FC00DAF808101492DBF80820DBF80C0015923D
:10A70C008A6816901192CA68CDE91223229B109385
:10A71C0017939AF80030122B00F08B803B78092BA2
:10A72C003BD0072B39D00593159B31460493169BD0
:10A73C004A460393119B28460293129BCDF818802E
:10A74C0001930D9B00930E9B00F0DEFA064600BBB6
:10A75C003B78092B38D0072B36D023682046099933
:10A76C005B6A98472368394620465B6A984723689A
:10A77C00204651465B6A984730462FB0BDE8F08FB3
:10A78C00482355492C6928460091544A5449A047FE
:10A79C00012630462FB0BDE8F08F524B28461A6880
:10A7AC00DAF8083003EB820359686B6B4FEA810BC4
:10A7BC00594698476B6BC8F8240059462846984769
:10A7CC003B78C8F82800AEE7D9F8080009993A692F
:10A7DC0009692790D9F8040025912690D9F814001E
:10A7EC00092B2B90D9F810002A90D8F80400299046
:10A7FC00D8F800002890C2F100002490D8E90BC0D2
:10A80C00CDE92CC051D0002A41D169B3CDE9021257
:10A81C00354F364E2C698D232846304A34490197E2
:10A82C000096A047B4E742233249ABE745233249AF
:10A83C00A8E751F8043B25A84FEA830B5A46089326
:10A84C0003F00BF8089B002B3CDD012124AB9B444F
:10A85C0053F8042F5B4502FB01F1F9D12846EB6B51
:10A86C0008F13402984759E70CA914AB10AA24A894
:10A87C00FCF746FD014600291FDD2846EB6B08F16D
:10A88C003802984700283FF468AF064681E7002657
:10A89C00154B1A49CDE9013228462C698C230091BD
:10A8AC000E4A13490396A04772E70CA914AB10AAE1
:10A8BC0024A8FCF7B3FD0146DDE74FF0FF33C8F8E1
:10A8CC0038304AE70121C9E702F070FCE4190110A5
:10A8DC00E0190110D8190110A0FF0010F0FE0010B3
:10A8EC00DCFC0010D4190110B4FF0010D4FF0010D0
:10A8FC0064FD001078FF00108CFF0010B8FF0010F2
:10A90C002DE9F0470E46144632461E462369BEB06A
:10A91C005B4234935369DDF818813B9313694146CC
:10A92C00DDE947573A93A36981463593936822A88A
:10A93C003793536836936368399323683893E36A83
:10A94C003C93236B3D93A36A0993636A089300F0CD
:10A95C0039FE314628A800F035FE39462EA800F005
:10A96C0031FE29461CA800F02DFEDDE93C239A425D
:10A97C0070DC289B042B6DD1229B042B6AD12E9B5F
:10A98C00042B67D1DDF8BCC0299B9C4562D126986D
:10A99C002C9B98425ED1DDF8C8E0239B9E4559D193
:10A9AC0085B12B6873B11C99002951DD01221CABB8
:10A9BC0003EB810A53F8041F534501FB02F2F9D152
:10A9CC00724547D101230F90139000202A9ACDE9AC
:10A9DC0014330D922B9A16930E92309B249AA16BE2
:10A9EC0011921993259A319B8142CDE90A00CDF839
:10A9FC0030C0CDF860C0CDF840E0CDF85CE0CDF8CB
:10AA0C006CE012921A9304DB4846D9F84030984710
:10AA1C000A90FEB13368B8F1000F1BD0D8F80010C3
:10AA2C0005B12D68B7B1386818AACDE9052014A86E
:10AA3C0010AACDE90121CDE90305009308AA0CABBE
:10AA4C0034A90AA8FCF71AFC20B93EB0BDE8F0877F
:10AA5C000122B5E702F0AAFB2DE9F0470D4614469A
:10AA6C002A461D462369BEB05B4234935369DDF818
:10AA7C0018913B9313694946DDE947683A93A369FA
:10AA8C0007463593936822A83793536836936368C7
:10AA9C00399323683893E36A3C93236B3D93A36A01
:10AAAC000993636A089300F08DFD294628A800F0ED
:10AABC0089FD41462EA800F085FD31461CA800F00A
:10AACC0081FDDDE93C239A4272DC289B042B6FD17B
:10AADC00229B042B6CD12E9B042B69D12C98269B8A
:10AAEC00984203D001203EB0BDE8F087DDF8BCE011
:10AAFC00299B9E455CD1DDF8C8C0239B9C4557D152
:10AB0C0086B1336873B11C99002953DD01231CAA4B
:10AB1C0002EB810A52F8041F524501FB03F3F9D1F1
:10AB2C009C4545D1012300220F9013902A98CDE922
:10AB3C0014330D902B9816930E90309B2498A16B88
:10AB4C00119019932598319B9142CDE90A22CDF8A9
:10AB5C0030E0CDF860E0CDF840C0CDF85CC0CDF869
:10AB6C006CC012901A9303DB38463B6C98470A90E2
:10AB7C00F5B12B68B9F1000F1AD0D9F8001006B155
:10AB8C003668B8F1000F13D0D8F8000018AACDE938
:10AB9C00052014A810AACDE90121CDE903060093E4
:10ABAC0008AA0CAB34A90AA8FCF7C4FB00289AD05D
:10ABBC0002F0FCFA0123B3E72DE9F0473F4B88B0D4
:10ABCC001A680C46054600F0D5FC3D4B214606465E
:10ABDC001A68284600F0CEFCD4F800908046B9F1F3
:10ABEC00000F05D0D9F80030032B5CD04FF00009D2
:10ABFC00344B214628461A6800F0D6FCD4F814A031
:10AC0C000746BAF1000F56D02469002C53D0337A82
:10AC1C00027A934210D0CDE902322B492B4E2C698B
:10AC2C004FF4F17300912846294A2A490196A0470E
:10AC3C00012008B0BDE8F08798F8082093420CD0AA
:10AC4C00072B08D0092B01D1122A06D028462B69D4
:10AC5C0021499847ECE7092AF8D143462946626B0B
:10AC6C0005A800F0C1FC337A072B10D0092BDFD1DB
:10AC7C009DF81C30092BDBD1224605AC33465146DE
:10AC8C002846CDE901970094FFF7E6FED1E7284668
:10AC9C00334622465146CDE90197CDF80080FFF7A7
:10ACAC002FFE0020C5E70D4B214628461A6800F000
:10ACBC0061FC81469CE702F079FA00BFE4190110AF
:10ACCC00E0190110D819011000000110F0FF00105C
:10ACDC00F0FE001064FD00100C000110DC190110D6
:10ACEC0010B5002482B000940446044B044A054974
:10ACFC0000F032FC204602B010BD00BFC5AB001006
:10AD0C0035A6001021A600102DE9F04F14460A6854
:10AD1C008DB012688A46023A012A05469DF86CB03D
:10AD2C001C9E0AD97A49046952230091794A7A49BE
:10AD3C00A04701200DB0BDE8F08F4A681268012AC7
:10AD4C000CD00126754B0469CDE90132744A5323AA
:10AD5C00009274496F4A0396A047EAE71799D4E921
:10AD6C000420013902FB01F1189AD4F804C0013A0D
:10AD7C0000FB02F2D4F808E0207801310132BCF17A
:10AD8C00000F10D0012800F09F8002281CD10CEB82
:10AD9C000300401A90FBFCF00138BEF1000F0CD1FF
:10ADAC004FF0FF3713E0BEF1000F0DD0012800F07B
:10ADBC00AB8002284FF0FF3008D1169F7744BF1AA2
:10ADCC0097FBFEF7013F02E04FF0FF30074600FB18
:10ADDC000C1107FB0E22CB1A1699AF6823EAE3730A
:10ADEC00521A591003F0010322EAE272B3603B6875
:10ADFC003160511002F001029B6938467160F260BB
:10AE0C00514600229847804600286ED03B680122AC
:10AE1C00514638469B699847814600286ED03B685E
:10AE2C00514602229B69384698473B6851460B9025
:10AE3C0000223846DB6998478246002861D0BBF176
:10AE4C00010F20D0D9F808300C345B6801940893BA
:10AE5C00CDF800A0B36A28460793736A4A46069356
:10AE6C0006F13003059306F12C03049306F120033D
:10AE7C00039306F11C03029341460B9BFFF79EFACA
:10AE8C0000287FF457AFD8F8103041463361D9F819
:10AE9C00103038467361DAF81030B3613B685B6A86
:10AEAC0098473B68494638465B6A98473B68514629
:10AEBC0038465B6A98473B6838460B995B6A9847FB
:10AECC0000200DB0BDE8F08F0CEB0300013890FBB7
:10AEDC00FCF00138BEF1000F3FF462AF169F7744CF
:10AEEC00013F97FBFEF7013F71E760230E492C6988
:10AEFC0028460091074A0849A0471AE763230B49E3
:10AF0C00F5E768230A49F2E74FF0FF30E6E700BFA8
:10AF1C0054010110C4000110DCFC0010E406011007
:10AF2C007801011064FD001078FF00108CFF0010F8
:10AF3C00A0FF0010436B10B51BB1BDE810403C21C5
:10AF4C00184702F033F900BF2DE9F04FB5B0DDE939
:10AF5C003E680746894624A841461D46144600F023
:10AF6C0031FBDDF890A0AAF10203022B00F2F6806F
:10AF7C0001230021D9F83820CDE91033CDE9143361
:10AF8C00CDE91733CDE91C3316921A921E92199300
:10AF9C00D9F83020D9F80430CDE90B11D9F82C10A0
:10AFAC000F921B920A93D9F83420D9F8003000295B
:10AFBC00CDE91222099303DB38463B6C98470B9082
:10AFCC0006B13668D9F81430BAF1020FD9F81CC0A2
:10AFDC00C3F10002D9E9020104D0D9F8343013F0DE
:10AFEC0003032FD00023CDE921C01F92239120937E
:10AFFC00002C00F0B3802368002D00F0AF802A688D
:10B00C00B8F1000F00F0AA80029200930496D8F8D1
:10B01C0000300DF16C0B0DF15C0A0DF14C0906932F
:10B02C00CDF814B0CDF80CA0CDF804900FAB09AA54
:10B03C001FA90BA8FCF78CFC00286CD1002035B0A4
:10B04C00BDE8F08FCDE932010121CDE93011CDE918
:10B05C002C11D9F83810CDE92A2CD9F82400D9F8BC
:10B06C0028200029CDE92E330D900E920CDD0438EA
:10B07C00043A0999013340F8041F0A9942F8041F55
:10B08C00D9F838108B42F4DB002C67D02368002DE4
:10B09C0064D02A68B8F1000F60D002920093049635
:10B0AC00D8F800300DF16C0B0DF15C0A0DF14C0968
:10B0BC000693CDF814B0CDF80CA0CDF804900FABDE
:10B0CC000DAA2AA90BA8FBF759FA0028B6D0CDE98E
:10B0DC00046BCDF80CA0CDF80490D8F800300DAA74
:10B0EC0006932B682AA9029323680BA800930FAB35
:10B0FC003C69FBF743FA0022034619491948CDE98C
:10B10C0002320090019138464FF48A73164A17495F
:10B11C00A047012093E7CDE9046BCDF80CA0CDF846
:10B12C000490D8F8003009AA06932B681FA9029343
:10B13C0023680BA800930FAB3C69FCF709FC0C4A85
:10B14C000346009200220649CDE9023201913846AD
:10B15C004FF49273044A0549A047DAE702F026F847
:10B16C0020020110380201108C01011064FD001046
:10B17C004C0301102DE9F0434B690C46054687B092
:10B18C00002B37D01C4B1A6800F0F4F91B4B2146EE
:10B19C001A680646284600F0EDF9194B21461A6844
:10B1AC000746284600F0E6F9164B214680461A68F9
:10B1BC00284600F0F9F924698146DCB13B46294662
:10B1CC00226A03A800F010FA337A092B03D001206D
:10B1DC0007B0BDE8F0839DF81430092BF7D1324647
:10B1EC0021462846CDF8049003ABCDF80080FFF73C
:10B1FC00ABFEEDE701F0DAFFF4190110F0190110C4
:10B20C00EC190110E81901102DE9F04FD1F810A03C
:10B21C000C460646A3B0BAF1000F00F03481D1F809
:10B22C0014B0BBF1000F00F02E818568974B2846B7
:10B23C001A682B689B6998470746002800F0AC8079
:10B24C00934B21461A682B6828469B699847814680
:10B25C00002800F0AA808F4B21461A682B682846DC
:10B26C009B6998478C4B05901A682B682146284699
:10B27C00DB6998478046002800F09A80387898F867
:10B28C000030069083426DD1D9F8081011A851F8FE
:10B29C00044BA200109402F0E0FAD8F8081017A89A
:10B2AC0051F8043B9A001693079302F0D6FA013C2E
:10B2BC0000F1E9800122079B0DEB8404616C581EA0
:10B2CC00CDE90922089100F1DE800024CAF834107F
:10B2DC000DEB8001D1F85CE00DF1580CCDF82CE0B1
:10B2EC00A04204D00CEB8401496801FB02F201344A
:10B2FC009C42F5D14FF0FF339BF80010CAF82C306C
:10B30C00059BCAF83020CAF838E03046CDE90093E6
:10B31C00CDE9028A3B46069A00F0E4F88346002801
:10B32C0036D13B78072B31D0092B44D099F800301B
:10B33C00122B00F081802B68414628465B6A9847A7
:10B34C002B68394628465B6A98472B6849465B6AE6
:10B35C0028469847059BDBB12B68284605995B6A04
:10B36C00984715E03569FEF7F9FD044698F800009A
:10B37C00FEF7F4FD03464949494ACDE902430092E0
:10B38C00019130465123474A4749A8474FF0010BDA
:10B39C00584623B0BDE8F08F472344493469304602
:10B3AC000091404A4249A047F0E74A234149F5E75A
:10B3BC004F234149F2E7B9681DAB51F8042B1846ED
:10B3CC001C929200069302F048FA012C5BD0042CDC
:10B3DC0059DC022C50D0DAF834309B074CD1DAF817
:10B3EC003810736B890030469847DAF83810736B55
:10B3FC00CAF824008900304698470123DAF8302037
:10B40C00CAF828000C92DAF834200CA8CDE90D33D8
:10B41C000F92FBF7EFF8044699F80030122B0ED080
:10B42C00002C88DD21463046F36B0AF12C0298473C
:10B43C00002880D08346ABE704461DAB0693D9F8B1
:10B44C000810069851F8043B9A00CDE9063202F038
:10B45C0004FA069B002B14DD0121079A1CAB1A443D
:10B46C0053F8040F934200FB01F1F9D13046F36B12
:10B47C000AF120029847D3E708A8FCF79FFA044684
:10B48C00CAE70121F2E701F091FE00BFF4190110A7
:10B49C00F0190110EC190110E8190110F0FF00105F
:10B4AC00000001108C0101105004011078FF0010F5
:10B4BC00DCFC00108CFF0010A0FF001010B5002465
:10B4CC0082B000940446044B044A054900F044F849
:10B4DC00204602B010BD00BF81B1001015B20010A3
:10B4EC0041AF00102DE9F043012A85B005460E4608
:10B4FC001C460F9F03D1002005B0BDE8F0834FF030
:10B50C0000084FF000090E9B2146009302AB0193FB
:10B51C00DDE90C23CDE90289FEF70CFE0028EBD106
:10B52C00DDE902013A463B1DFEF76CFD0C9B2269DE
:10B53C001B693146C7E905230E9B28461A6907F19A
:10B54C000C03FA6100930E9A07F10803FEF76AFEEA
:10B55C0005B0BDE8F08300BF10B400240160019970
:10B56C00C0E90334C0E90544C0E90744C0E901124D
:10B57C0010BC704710B5A8B1A1B10968002A8C465F
:10B58C005CF8044B0CDBA2420ADA5CF82240002C7B
:10B59C0006DBBDE8104001EB8201036D49681847DA
:10B5AC00002010BD01F002FE10B540B139B1BDE86C
:10B5BC0010404968036D01EB82025168184701F095
:10B5CC00F5FD00BF10B5044651B1496841B151F8C1
:10B5DC00042B40F8042B920002F03FF9204610BDDA
:10B5EC0000232046236010BD2DE9F0431D461B7A35
:10B5FC000446122B084687B007D095E8070084E86C
:10B60C000700204607B0BDE8F0831146036C98474D
:10B61C006F680646D5F8008007B3394651F8049B8D
:10B62C0001A84FEA89052A4602F017F9B9F1000F73
:10B63C0014DD6B4601215A1953F8045F934205FB44
:10B64C0001F1F9D140463246FEF794FC092320461D
:10B65C00C4E90067237207B0BDE8F0830121F1E76C
:10B66C00436B10B51BB1BDE810402421184701F005
:10B67C009DFD00BF10B50C4600F016F918B94FF03F
:10B68C00FF3223691A6210BD2DE9F0411D461B7A69
:10B69C00A4B0092B07460E461446DDF8A88001D04D
:10B6AC00072B65D1294612A8FFF78CFF129B042BA0
:10B6BC005ED1414618A8FFF785FF189B042B57D184
:10B6CC00129B032B54DD1C9B169A934250D1099369
:10B6DC000D930123002206930A930E931193B368E2
:10B6EC0014991F93736807911E936368159921939E
:10B6FC0023680891209323691A99229363690B910B
:10B70C00239333691B990F93F368CDE904220C91B1
:10B71C001093216A914203DB38463B6C98470490A6
:10B72C002A7A2B68092A12D0B8F1000F20D0D8F849
:10B73C0000000AA90EAACDE9011000921EA906AAC2
:10B74C0004A8FDF795FA98B924B0BDE8F081B8F1DA
:10B75C00000F0DD0D8F800000AA90EAACDE90110EF
:10B76C0000921EA906AA04A8FDF7BAFB0028EBD08C
:10B77C0001F01CFDF0B54E690C46054683B016B3BE
:10B78C000F6907B3114B1A68FFF7F4FE104B2146F3
:10B79C001A6804462846FFF707FF8446207A0128DA
:10B7AC0004D0092804D0072802D0012003B0F0BD32
:10B7BC00284623463A463146CDF800C0FFF764FFD1
:10B7CC00002003B0F0BD01F0F1FC00BFFC1901102A
:10B7DC00F819011010B5002482B000940446044BF3
:10B7EC00044A0549FFF7B8FE204602B010BD00BF61
:10B7FC0081B7001081B600106DB600109368F0B4DC
:10B80C00D3E90254D1E90167D1E9032304980978FB
:10B81C00BEB3012910D002293CD13119891A91FBF0
:10B82C00F6F10139D7B307EB050CACEB030C9CFB21
:10B83C00F7FC0CF1FF3C0DE03119013991FBF6F1ED
:10B84C0001395FB307EB050C0CF1FF3C9CFBF7FCDB
:10B85C000CF1FF3C01FB06220CFB0733121B5B1B9C
:10B86C0023EAE37322EAE2725410591002F0010247
:10B87C0003F00103C0E90041F0BCC0E90223002041
:10B88C0070473FB101290CD002294FF0FF31CAD0CB
:10B89C008C46DFE74FF0FF318C46DBE74FF0FF3C87
:10B8AC00D8E74FF0FF31CDE72DE9F043D1F81490F4
:10B8BC000D46064683B0B9F1000F72D0D1F8108056
:10B8CC00B8F1000F6DD084680022236820469B6974
:10B8DC009847074600284BD023682946002220466B
:10B8EC00DB699847054638B303463A464946304625
:10B8FC00CDF80080FFF782FF3B78012B28D0092B75
:10B90C0001D0072B20D108F1140399F814103046FC
:10B91C0000932A4608F11003FEF784FC236839468D
:10B92C0020465B6A98472368204629465B6A9847FD
:10B93C00002003B0BDE8F08340231B493469304636
:10B94C0000911A4A1A49A047012003B0BDE8F083C0
:10B95C0099F81430012B15D0032B0CD0022B18D0D6
:10B96C006FF40003C8F81830124BC8F81C30D5E738
:10B97C003D231149E2E70023C8F818300F4BC8F8F3
:10B98C001C30CBE70023C8F818300A4BC8F81C3021
:10B99C00C4E70B4BC8F818304FF07E53C8F81C3076
:10B9AC00BCE701F003FC00BFA0FF00106C04011009
:10B9BC00DCFC0010FFFF7F7F78FF00100000C04010
:10B9CC00000080BF70B5002282B004460E46FFF71F
:10B9DC00D1FD3146054600222046FFF7E5FD01A9C1
:10B9EC000646287A00F03CFB044610B1204602B013
:10B9FC0070BD686800F07CFC019B296803FB00F2B9
:10BA0C00306801928142F1D001F027FF204602B04C
:10BA1C0070BD00BF2DE9F0438668002233680446F0
:10BA2C009B69304685B0884698470546002878D0F3
:10BA3C003368002241463046DB69984707460028A8
:10BA4C0000F09980A868D0F800C0BCF1000F40F35A
:10BA5C0095800122002150F8043F01316145A2FB81
:10BA6C000323F8D11146D7F80890D8F80030D9F84C
:10BA7C00000013B11B68012B48D000284EDDCC46CA
:10BA8C0000234FF0FF384FF0010E04E001338342E6
:10BA9C0002FB0EFE0BD05CF8042FB2F1FF3FF5D188
:10BAAC00B8F1FF3F5AD1984601338342F3D1B8F134
:10BABC00FF3F07D091FBFEF303FB0EFE09EB880959
:10BACC00C9F8043028783B78834233D18E450FD0A7
:10BADC00CDE9021E2A4A2B4E25694C2301922046A1
:10BAEC00294A2A490096A847012005B0BDE8F083F1
:10BAFC003368294630465B6A984733683046394686
:10BB0C005B6A9847002005B0BDE8F0830128B4D1EA
:10BB1C00D9F80430002BB2D1C9F800304FF0010E27
:10BB2C00D0E728231A49256920460091164A19495D
:10BB3C00A847D9E72669FEF711FA05463878FEF7CB
:10BB4C000DFA03461449154ACDE9025300920191AE
:10BB5C0020464B230C4A1249B047C5E7CDE9028277
:10BB6C00104E11492569402300912046064A074989
:10BB7C000196A847B8E72B230C49D4E7012172E7BB
:10BB8C0098050110AC050110FC04011064FD0010B7
:10BB9C0078FF0010DCFC0010F0FF0010000001101A
:10BBAC0050040110880501108C050110A0FF001035
:10BBBC0070B50B680D46044684B01BB11B68013B85
:10BBCC00012B0AD91A492569542300912046194A98
:10BBDC001949A847012004B070BD4B6813B11B680C
:10BBEC00012B0DD00126154A2569CDE90123144AF4
:10BBFC002046009255230F4A12490396A847E9E7BD
:10BC0C00FFF708FF0028E6D0294620462569FFF7F4
:10BC1C0001FF002203460C490C48CDE9023200908A
:10BC2C00019120465623034A0649A847D2E700BF94
:10BC3C00C0050110FC040110DCFC0010E40601102E
:10BC4C00F005011064FD001004060110100601102F
:10BC5C00002110B5044682B0034B044A0091FFF753
:10BC6C007BFC204602B010BDD1B90010BDBB00104A
:10BC7C00436B10B51BB1BDE810404021184701F0D3
:10BC8C0095FA00BF70B5002284B00C460646FFF74B
:10BC9C0071FC2146054600223046FFF785FC2469DD
:10BCAC00BCB12B7A092B02D0012004B070BD037AF1
:10BCBC00092BF9D1D4E90E120668A36828680296FC
:10BCCC00A5690195E4680094FEF736F9002004B0EC
:10BCDC0070BD01F06BFA00BF2DE9F04F0B680E46FA
:10BCEC00044691B013B11B68012B11D00126584AA0
:10BCFC002569CDE90123574A204600923423564A40
:10BD0C0056490396A8470124204611B0BDE8F08F90
:10BD1C004D68002D7AD02D68012D77D1D0F8088090
:10BD2C000022D8F8003040469B6998470746002807
:10BD3C0000F0868083681B68002B7EDDD8F800300D
:10BD4C00002231464046DB699847814600287AD06C
:10BD5C00D6F810A0BAF1000F66D0736920464A4697
:10BD6C003946CDF800A000F09BF8B968044651F8AC
:10BD7C00046B05A8B200049601F06FFDD9F8081009
:10BD8C000BA851F804BB4FEA8B0201F066FD002EA4
:10BD9C0006F1FF315ADD00230DF1100E0DF1280CC8
:10BDAC0099420AD00EEB83029B4550684FEA8302FE
:10BDBC004CDD62445268824248D10133B342EFD128
:10BDCC00002304A8994204D000EB8302526802FBC2
:10BDDC0005F501339E42F5D110AB03EB81035945B8
:10BDEC0053F82C2C32DA53F8143C93422ED1CAE976
:10BDFC000E53D8F80030394640465B6A9847D8F85D
:10BE0C000030494640465B6A98477DE70127104B56
:10BE1C00134A26692046CDE90135009235230E4A96
:10BE2C000E490397B0476EE73C230E49256920461F
:10BE3C000091094A0C49A84765E738230B49F5E7F7
:10BE4C0037230B49F2E73A230A49EFE701F0AEF941
:10BE5C00E4060110BC0601103006011064FD001050
:10BE6C00F0050110E8060110DCFC0010CC060110F6
:10BE7C0078FF0010A0FF001010B5002482B00094D1
:10BE8C000446044B044A0549FFF766FB204602B002
:10BE9C0010BD00BF91BC0010E5BC00107DBC0010B3
:10BEAC00F0B50E780D46092E04461F4689B00BD00E
:10BEBC0007693046FEF752F8544902462B78204663
:10BECC00B847012009B0F0BD1378072B33D0092BEC
:10BEDC0077D1136913F1800F59D14FF06E51D0689F
:10BEEC00F7F748F8002800F08780E868F6F786FA3C
:10BEFC0004460D4605263868F6F780FA22460E9C55
:10BF0C0007AB0834029300962B460194FEF792F887
:10BF1C000E9B07991F22D9603046FEF7CDF8F6F735
:10BF2C005BFA01F10041F6F75BFD034600200E9A27
:10BF3C00936109B0F0BD136935498B4235D1D66890
:10BF4C004FF05E513046F7F73DF800284ED04FF0D9
:10BF5C005E513046F6F770FD2E49F7F733F800289E
:10BF6C00C3D000222C4B3046CDE90423F6F746FA19
:10BF7C0006460F46294D2A48CDE90267CDE9000552
:10BF8C006F232046274A28492469A04799E76FF078
:10BF9C007F05264A0469CDE90123254A73230092C3
:10BFAC002449204A0395A0478BE7234D204A046976
:10BFBC00CDE90231CDE900256E231A4A1D49A0476F
:10BFCC007FE718462769FDF7C9FF05463046FDF7A0
:10BFDC00C5FF034619491A4ACDE902530092019153
:10BFEC00204672230F4A1749B8476AE731464FF08B
:10BFFC005E50F6F721FDAFE71349256974230091D4
:10C00C002046084A1149A8475BE700BF0407011006
:10C01C000080FFFF6F1283320000F03ED807011042
:10C02C00E407011020070110B807011008080110DF
:10C03C00D4FF001064FD0010B0070110FC070110C4
:10C04C00F0FF00105004011010080110DCFC00106F
:10C05C004B1E1844B0FBF1F001FB00F0704700BF21
:10C06C00122838D8092810D802282BD9012303FA12
:10C07C0000F212F4127F21D112F4887F27D1072805
:10C08C0029D1022300200B6070470A38082822D8D7
:10C09C0001A353F820F000BF8FC00010DBC00010CC
:10C0AC00E7C00010DBC00010D3C00010E3C00010CC
:10C0BC00D3C00010E3C00010C9C0001001230B60F6
:10C0CC000020704738B1042300200B607047082310
:10C0DC0000200B6070470120704710230B60EFE7C6
:10C0EC002DE9F04180460F46C069042116461D46D5
:10C0FC00FFF7AEFFD8F81820844682B1002302EB7C
:10C10C00420E00EB8E0EDCF804400CF10C0C0134EA
:10C11C0008BF0133E645F6D10B2B11D8F4464FF08E
:10C12C00FF33CCF80070CCF80430CCF808602A60EF
:10C13C00D8F8183000200133C8F81830BDE8F08169
:10C14C000120BDE8F08100BF704700BF4068036864
:10C15C005B691847036953F821007047844630B572
:10C16C000B46D0E90101D1E9042583B00468DCF861
:10C17C000C1000956468A04703B030BD406803689C
:10C18C009B681847836801EB4101D3E9043203EB48
:10C19C00C203586800EB8100704700BF10B504461D
:10C1AC00182100F0DEFF204610BD00BF1346D0E979
:10C1BC0001025269FFF794BF30B58B68002A8446A0
:10C1CC0053F8041B83B01BDB914219DD53F822306A
:10C1DC00002B15DB02680C4952698A420BD1D0E95D
:10C1EC000101D1E904250468DCF80C1000956468A1
:10C1FC00A04703B030BD194603B0BDE8304010472E
:10C20C00002003B030BD00BF69C1001030B54B68D1
:10C21C00002A844653F8041B83B01BDB914219DDC2
:10C22C0053F82230002B15DB02680C4952698A4204
:10C23C000BD1D0E90101D1E904250468DCF80C101C
:10C24C0000956468A04703B030BD194603B0BDE843
:10C25C0030401047002003B030BD00BF69C1001052
:10C26C0030B50B68002A844653F8041B83B01BDBE3
:10C27C00914219DD53F82230002B15DB02680C4972
:10C28C0052698A420BD1D0E90101D1E90425046835
:10C29C00DCF80C1000956468A04703B030BD19465B
:10C2AC0003B0BDE830401047002003B030BD00BFE4
:10C2BC0069C1001030B40024044DC0E90444C0E945
:10C2CC00005130BCC0E90232704700BF081A01109F
:10C2DC000EB400B582B003A951F8040B019100F023
:10C2EC0005F802B05DF804EB03B07047704700BF6F
:10C2FC0010B404680246002C0ADD0023012052F819
:10C30C00041F0133A34201FB00F0F8D110BC7047AD
:10C31C00012010BC704700BF30B400250B46194CEF
:10C32C0000EB400214F832C004EBC20281F82D502D
:10C33C00557881F814C01D70D568BCF1020F9D6151
:10C34C0095684FEA40019D60556802D10E4A12680B
:10C35C0015440A1804EBC20404F1100103F1300275
:10C36C005D6003C982E8030093F83020012A06D1EE
:10C37C006269D2E9001249685268D9601A6130BC0E
:10C38C00704700BFD0F2012078030220044B1B68D9
:10C39C008B42A3BF034B03EBC103586800207047CB
:10C3AC001C00022020000220044B1B689942DDBFB8
:10C3BC00034B03EBC1035868002070471C0002209C
:10C3CC0020000220704700BF38B51D4C00232246C8
:10C3DC0047F6FF7C1B4D1C482D6850F82500014486
:10C3EC00B2F90C00103288420AD060450BD00133F0
:10C3FC00042BF5D119461548F7F75CFC002038BD25
:10C40C0004EB031038BD124D01EB410C05EBCC02D3
:10C41C0015F83C5092F801C004EB031080F808C0EA
:10C42C00D2F808C0022D52684FEA0313C0F804C0BA
:10C43C0002D1084D2D682A44E2501C44A18138BD1C
:10C44C00C40102200C010220681A011034080110EA
:10C45C00D0F20120780302200020FFF7B5BF00BF07
:10C46C00174870B50246002347F6FF75154E164C5B
:10C47C00366854F826400C44B2F940C04432A44506
:10C48C000BD0AC450FD00133042BF5D10025194648
:10C49C000E48F7F70FFC284670BD03EB031300EBB7
:10C4AC008305284670BD03EB031300EB8305294677
:10C4BC002046FFF731FF2846A5F8404070BD00BF6D
:10C4CC00080202200C010220681A01106C080110ED
:10C4DC000020FFF7C5BF00BF38B511F00F0308BF30
:10C4EC000A461C4D18BF01F110020C461A4918BF20
:10C4FC00D21A2B6809689A1A914211D9174D2B68D8
:10C50C00312B1BD801212046F7F73CFE0346E0B146
:10C51C002A681349501C286041F82230184638BD4F
:10C52C001B1B0F3B23F00F03103322460021184630
:10C53C002B6001F0E8F80346184638BD214609483F
:10C54C00F7F7B8FB0023184638BD21460648F7F725
:10C55C00B1FBF7E7700302207403022040000220B5
:10C56C0044000220A408011024090110F8B5104D54
:10C57C000F462B681446032B0FD8FFF7ADFF03466D
:10C58C0080B12E680020721C2A600A4A266042F88C
:10C59C00367002EBC6025360F8BD0748F7F78AFB0A
:10C5AC000120F8BD39460548F7F784FBF8E700BFD2
:10C5BC001C000220200002205C090110B4090110AB
:10C5CC000020FFF789BF00BF10B50446024B036083
:10C5DC00FFF7BAFD204610BD3C1A011010B50446F9
:10C5EC00044B0360FFF7B0FD2046182100F0B9FDA5
:10C5FC00204610BD3C1A0110F8B5104D0F462B68A3
:10C60C001446032B10D80020FFF766FF034680B1B9
:10C61C002E680020721C2A60094A266042F8367087
:10C62C0002EBC6025360F8BD0648F7F743FB012046
:10C63C00F8BD39460448F7F73DFBF8E71C0002202B
:10C64C00200002205C090110B40901102DE9F04F03
:10C65C0003464FF4C8611020A3B09847754B18607F
:10C66C00002800F0DC800023734E744F00F5C86284
:10C67C000DF1300A194630603A6050461A46FFF701
:10C68C0019FE172200246E4BDFF8B8B11A606E4AFF
:10C69C00D6F800805A636D4A6D4DDA636D4ACDF859
:10C6AC0030B01A646C4AC3F808A0DA646B4A1A6595
:10C6BC006B4A1A61204612A9FFF72EFE9DF85C30DA
:10C6CC000134022B06D1EA68139B134498453CBFF6
:10C6DC0098463360172C05F11805EBD13B684345A0
:10C6EC00C0F098805F4E02A834460DF10809FFF7A0
:10C6FC00AFFAB9E80F000FC4B9E80F000FC4D9F8AE
:10C70C00003002A802AF06F124052360FEF7E8FA18
:10C71C000FCFD9F800400FC50FCF0FC502AF2C605B
:10C72C0002A806F14805FFF755F80FCFD9F80040DD
:10C73C000FC50FCF0FC502AF2C6002A806F16C0518
:10C74C00FEF7BCFE0FCFD9F800400FC50FCF0FC5B9
:10C75C0002A82C60FFF790FB0023434FDFF80C81FD
:10C76C003D464446424A0DF1080C1360D9F800309E
:10C77C0006F1900E0193BCE80F00AEE80F00BCE888
:10C78C000F00AEE80F00019B07F10B09CEF800304B
:10C79C0015F8013B03EBC30356F8233023B10022F9
:10C7AC0027486169984720614D4504F12804EFD171
:10C7BC0000232F4A2F4D304C136017F8013B03EB2D
:10C7CC00C30306EB83039A688AB147F6FF734146AD
:10C7DC001B48A5F84030A5F88430A5F8C830A5F85A
:10C7EC000C31A381A383A385A3879047F8B94F4548
:10C7FC0008F12808E1D1002213461D490A60504671
:10C80C000193CDF830B0FFF79FFC019B184623B085
:10C81C00BDE8F08F1948F7F74DFA0123EFE71848F8
:10C82C00F7F748FA0123184623B0BDE8F08F03460A
:10C83C00E5E700BF78030220740302207003022096
:10C84C00180302203C1A0110E5C4001079C5001031
:10C85C00D0F2012099C300106DC40010D5C3001094
:10C86C00DDC2001010010220701A011018F1012015
:10C87C000C01022008020220C4010220100A01103F
:10C88C00E80901100B464FF0000C144A10B5D168A2
:10C89C00107892F801E099619168022854689960C7
:10C8AC0083F800E083F82DC0187502D10C49096893
:10C8BC000C440C4903F1300C03C95C608CE8030098
:10C8CC0093F83010012906D15269D2E90012496857
:10C8DC005268D9601A61002010BD00BFD0F201204F
:10C8EC0078030220E0F201200B464FF0000C154AB1
:10C8FC0030B5D2E9854592F8100292F811E2D2F8DF
:10C90C001C12022899619D6083F800E083F82DC009
:10C91C00187502D10C4909680C440C4903F1300C10
:10C92C0003C95C608CE8030093F83010012907D12F
:10C93C00D2F82422D2E9001249685268D9601A61EF
:10C94C00002030BDD0F2012078030220F0F4012049
:10C95C002DE9F04747F6FF74DFF84890DFF848A060
:10C96C00124E134D134F09F10B0819F8013B5146A8
:10C97C0003EBC30307EB83030F48DB68A6F84040C7
:10C98C00A6F88440A6F8C840A6F80C41AC81AC834C
:10C99C00AC85AC8798470AF1280A08B9C845E4D198
:10C9AC00BDE8F087701A011018F10120080202206E
:10C9BC00C4010220100102201803022070B50024CB
:10C9CC000A4A0B4E0346106898470A4A33681460AB
:10C9DC0043B1094D55F8040BF6F7B2FF3368013437
:10C9EC00A342F7D80020306070BD00BF780302204E
:10C9FC00400002201C00022044000220114A124B6D
:10CA0C00126810B402F5D07102F5A07402F1D000D6
:10CA1C005C60C3F8242110BCC3F83C11C3F854214A
:10CA2C00C3F86C11C3F88421C3F89C11C3F8B4216A
:10CA3C00C3F8CC11C3F8E421C3F8FC01C3F81422E9
:10CA4C00704700BF78030220D0F2012038B5194B93
:10CA5C00044698420BD003F58063984207D003F547
:10CA6C008063984203D003F5806398421CD1E36B3A
:10CA7C0003F01F030A2B09D0E36B03F01F030E2BEB
:10CA8C0004D0E36B03F01F030D2B0FD1022364259D
:10CA9C00A364E06B10F01F0000D138BD013D07D03E
:10CAAC00012002F003F8F4E71020F6E70120F4E788
:10CABC000320F2E7003000602DE9F84F9946724BE5
:10CACC0004469842884617460CD003F5806398427A
:10CADC0008D003F58063984204D003F58063984234
:10CAEC0040F0D080002F00F0CD80B8F1000F00F0A6
:10CAFC00C9800121204602F051F80221204602F0A3
:10CB0C0005F8204602F06EF82023102FA3644FF096
:10CB1C0001064FF6FF733D4628BF10252361E9B28D
:10CB2C0066642046266401F0E5FFA6646426E36B88
:10CB3C0003F01F03092B04D0E36B03F01F030A2B34
:10CB4C001AD14FF0000B4FF0800A5E467D1BADB240
:10CB5C00BE4238D308236425A364E36B03F01F03A0
:10CB6C000D2B7CD1B9F1000F7FD14FF6FF71204610
:10CB7C0002F018F800200EE0012001F097FFE36BA3
:10CB8C0003F01F030D2B01D0013ED0D1642507E02B
:10CB9C00013D02D10420BDE8F88F012001F086FF91
:10CBAC00E36B03F01F030D2BF2D102236425A36466
:10CBBC00E36BD90601D10220EDE7013DEAD001205B
:10CBCC0001F074FFF4E7E36B03F01F030F2B24D188
:10CBDC00B5B1102DAB4628BF4FF0100B20465FFAB5
:10CBEC008BF101F087FFA5EB0B05ADB2A36813F039
:10CBFC00800B0AD1052001F059FF5B469B46A7E745
:10CC0C002946204601F076FFF0E7636808F8063005
:10CC1C000136C4F810A0B6B2E8E7012001F046FFD7
:10CC2C00BBF5FA6F0BF10103E8D308236425A36469
:10CC3C00E36B03F01F030D2B0BD102236425A364BC
:10CC4C00E36BDA06A6D0013DA4D0012001F02EFF43
:10CC5C00F6E7013D9ED0012001F028FFE8E7013DF9
:10CC6C0098D0012001F022FF77E702236425A3640A
:10CC7C00E36BDB063FF479AF013D8BD0012001F073
:10CC8C0015FFF5E7012086E7003000602DE9F84339
:10CC9C009846514B044698420D4616460CD003F567
:10CCAC008063984208D003F58063984204D003F562
:10CCBC008063984240F08C80002E00F08980002D1B
:10CCCC0000F086800121204601F068FF01212046FA
:10CCDC0001F01CFF204601F085FF2023A3644FF6D2
:10CCEC00FF7323610123642763642364A364E36BF0
:10CCFC0003F01F03072B2AD14FF40059013D2E449A
:10CD0C00AE423AD1B8F1000F56D14FF6FF71204622
:10CD1C0001F048FF002012E0013D01D104200EE09B
:10CD2C00012001F0C3FEE36B03F01F030D2BF3D1C5
:10CD3C0002236425A364E36BD90602D10220BDE86B
:10CD4C00F883013DEAD0012001F0B0FEF3E7E36B7C
:10CD5C0003F01F030E2BCFD0E36B03F01F03082B44
:10CD6C00CAD0012001F0A2FEE36B03F01F030D2BD0
:10CD7C0001D0013FBBD16425D5E740F2D17715F83E
:10CD8C00013F2360A3689A040DD56427C4F8109062
:10CD9C00E36B03F01F030E2BB2D0013F1AD001201E
:10CDAC0001F084FEF4E7013F02D10223A364B5E74E
:10CDBC00012001F07BFEE5E702236425A364E36B0D
:10CDCC00DB06A2D0013DA9D0012001F06FFEF6E7F1
:10CDDC000120B4E70320B2E700300060F8B5DFF8BB
:10CDEC005CC021F000430027044663450D461760E4
:10CDFC0021D8844653EA0C0C1DD0DFF844C01646EB
:10CE0C000A4601EA0C0CBCF1000F09D100220D4BB3
:10CE1C00F5F74CFB6FF0350704460A4621F000434A
:10CE2C006FF31E521B1542F07F55A3F2FE3345F4EF
:10CE3C0000153B44336020462946F8BDFFFFEF7FC9
:10CE4C000000F07F0000504338B5044600F018F89D
:10CE5C00054621462046F6F7BFF820B900212046AA
:10CE6C00F6F792F808B9284638BD00F0BBFC212330
:10CE7C00002103600846F5F79DFF0546284638BD9E
:10CE8C0020F00042B2F1FF4F2DE9F041044651D29F
:10CE9C00002A4DD00028034656DB10F0FF4251D13A
:10CEAC005B00114601321802FAD54942C3F316034E
:10CEBC00CA07A1F17F054FF0000443F400034FF0C3
:10CECC00190C4FEA6505204658BF5B004FF0807285
:10CEDC005B0000EB020E19469E4504DC0EEB0200D3
:10CEEC00A3EB0E011444BCF1010C4FEA41034FEAD1
:10CEFC005202EED1B9B11A4E1A4F30683968D6F8D1
:10CF0C000080F5F799FD01464046F6F747F850B119
:10CF1C00306839683668F5F791FD01463046F6F70A
:10CF2C0033F8C8B10234601000F17C5000EBC550EE
:10CF3C00BDE8F0810146F5F789FE2146F5F77EFD47
:10CF4C00BDE8F081C115B1E70146F5F775FD014665
:10CF5C00F5F730FFBDE8F081013424F00104E2E77D
:10CF6C007C2801107828011000000000C1F30A5C35
:10CF7C0002460B462DE9F041ACF2FF350C46064655
:10CF8C00132D22DC002D42DBDFF8E0800F4648FA3F
:10CF9C0005F801EA080C5CEA000C1BD031A3D3E9BC
:10CFAC000023F5F7CDF800220023F5F70FFD40B173
:10CFBC00002C03DA4FF480132B411F4427EA08049A
:10CFCC00002621463046BDE8F081332D06DDB5F54F
:10CFDC00806F2CD010461946BDE8F081ACF2134C92
:10CFEC004FF0FF3727FA0CF73842F3D01DA3D3E9E3
:10CFFC000023F5F7A5F800220023F5F7E7FC00283D
:10D00C00DFD0002C33461CDB23EA0706D9E715A337
:10D01C00D3E90023F5F794F800220023F5F7D6FCAA
:10D02C000028CED0002C05DB00263446C9E7F5F7E6
:10D03C0087F8D1E724F0004426430DD14FF000448B
:10D04C00BFE7142D06D0C5F134050122AA401344C4
:10D05C009E42D9D90134D7E70026054CB1E700BF71
:10D06C00AFF300809C7500883CE4377EFFFF0F0017
:10D07C000000F0BF38B5C1F30A5402460B468E4689
:10D08C00A4F2FF3CBCF1130F14DCBCF1000F2DDB40
:10D09C001E4941FA0CF101EA0300104310D04FF481
:10D0AC000022002342FA0CF2724422EA010E71466D
:10D0BC00184638BDBCF1330F05DDBCF5806F1CD0B4
:10D0CC001046194638BDA4F213444FF0FF31E1402D
:10D0DC000142F5D0CCF1330C012303FA0CF31B18ED
:10D0EC0028BF0EF1010E23EA0103E0E7BCF1FF3F7C
:10D0FC0001F0004E04D00023D9E7F5F721F838BD34
:10D10C004EF07F5E00234EF4401ED0E7FFFF0F0071
:10D11C0008B5C0F3C75301467F3B162B0EDC002B22
:10D12C00024610DB0B481841014205D04FF4800138
:10D13C001941114421EA0001084608BD802BFBD19E
:10D14C00F5F77CFC08BD013300F00041F4D141F04F
:10D15C007E51F1E7FFFF7F000B460146184600F0B9
:10D16C0053B900F018B800F018B8012838BF0120E6
:10D17C0010B50446204600F05BF800B110BD00F07D
:10D18C000FF808B900F012F88047F3E7FFF7EDBF8E
:10D19C0008B500F00BF800F053B8FFF7FCBF000027
:10D1AC00014BD3E8AF0F70477C030220062008B573
:10D1BC0000F0ECFA012001F06FFC00001FB51446E2
:10D1CC001A46094B05461B68D8684CB1074B0091B1
:10D1DC000749CDE901342B4600F024F9FFF7E6FFAF
:10D1EC00044B1C46F3E700BFF8F401208028011023
:10D1FC008D280110BB280110024B0A460146186805
:10D20C0000F002B8F8F4012070B5A1FB025434B957
:10D21C00294600F03FF8064628B9304670BD0C226E
:10D22C0000260260F9E72A46214600F06CFAF4E782
:10D23C00024B0146186800F02DB800BFF8F401202D
:10D24C00024B0146186800F015BB00BFF8F4012032
:10D25C0070B50F4E0C460546316811B900F0B2FAA4
:10D26C0030602146284600F0ADFA431C03D14FF044
:10D27C00FF34204670BDC41C24F00304A042F8D037
:10D28C00211A284600F09EFA0130F2D1EFE700BFD8
:10D29C00800302202DE9F843CD1C064625F003053A
:10D2AC0008350C2D38BF0C25002D01DBA94204D903
:10D2BC000C2333600020BDE8F883DFF8D48000F045
:10D2CC0069F8D8F800301C4644BB29463046FFF7B5
:10D2DC00BFFF431C044658D1D8F800402746002F06
:10D2EC0043D1002C4BD023683946304604EB03095C
:10D2FC0000F068FA814542D1216830466D1A294602
:10D30C00FFF7A6FF01303AD023682B442360D8F8EE
:10D31C0000305A6862BBC8F800700FE02268521BDC
:10D32C0020D40B2A17D96119A342256018BF596064
:10D33C00636808BFC8F8001062514B60304600F0BB
:10D34C002FF804F10B00231D20F00700C21A1CBF9C
:10D35C001B1AA350AFE76268A3420CBFC8F80020A9
:10D36C005A60EBE723466468AEE73C467F68B6E755
:10D37C001A465B68A342FBD100235360DEE70C2303
:10D38C003046336000F00CF894E70560D6E700BF38
:10D39C0084030220014800F050BA00BF8803022029
:10D3AC00014800F04BBA00BF880302202DE9F04180
:10D3BC00074614460D4621B91146BDE8F041FFF76A
:10D3CC0069BF2AB9254600F055FA2846BDE8F08118
:10D3DC0000F09AFA8442064602D8B4EB500FF4D807
:10D3EC0021463846FFF756FF804608B94546ECE71C
:10D3FC00B4422246294628BF324600F02EFA29466E
:10D40C00384600F037FAF1E710B5044604481346E5
:10D41C0020B10A4602202146AFF3008010BD00BFA8
:10D42C00000000000EB403B503AB0146054853F8E9
:10D43C00042B0068019300F0F3FB02B05DF804EBE1
:10D44C0003B07047F8F401200FB407B5064904ABDC
:10D45C00086853F8042B8168019300F0E1FB03B0DA
:10D46C005DF804EB04B07047F8F40120024B014660
:10D47C001868826801F043B8F8F40120036A70B5AB
:10D48C0005460E4684680BB900F0A6FF636EDB07F9
:10D49C0005D4A389980502D4A06D00F0CEF9A38918
:10D4AC00190702D52369002B35D12146284600F0F7
:10D4BC00BDF880B34FF0FF35636EDA0705D4A3894E
:10D4CC009B0502D4A06D00F0B9F9284670BD002B65
:10D4DC0004DAA269934217DB0A2915D023685A1C77
:10D4EC0022601970A36816F8011F013BA360002984
:10D4FC00EDD1002B11DA22460A21284600F058F80B
:10D50C000130D7D00A25D7E72246284600F050F83C
:10D51C000130E7D1CEE7013EE4E723685A1C2260D4
:10D52C000A221A70EEE70000024B01461868FFF75A
:10D53C00A5BF00BFF8F4012030B514469BB00546DA
:10D54C001A46002C05DA8B2303604FF0FF301BB01A
:10D55C0030BD4FF40273009104916946ADF80C3064
:10D56C004FF00003199314BF04F1FF3323460293C9
:10D57C0005934FF6FF73ADF80E301E9B00F02CFA9E
:10D58C00431CBCBF8B232B60002CE0D0009B0022E3
:10D59C001A70DCE707B5009313460A4601460348A8
:10D5AC000068FFF7C9FF03B05DF804FBF8F4012035
:10D5BC00F8B50E461446054618B1036A0BB900F0CF
:10D5CC000BFFA369A360A3891A0701D5236943B98B
:10D5DC002146284600F02AF818B14FF0FF3738469C
:10D5EC00F8BD2368F6B222693746981A63698342FC
:10D5FC0005DC2146284600F039FE0028EDD1A36851
:10D60C00013BA36023685A1C22601E70431C626994
:10D61C009A4204D0A389DB07E1D50A2EDFD121463B
:10D62C00284600F023FE0028D9D0D6E738B5284B81
:10D63C0005460C46186818B1036A0BB900F0CCFE0D
:10D64C00B4F90C301A0721D4D80607D409222A6061
:10D65C0043F040034FF0FF30A38130E0590712D55F
:10D66C00616B41B104F14403994202D0284600F0A9
:10D67C0001F9002363630022B4F90C30626023F0DB
:10D68C0024032269226043F00803A38122693AB97A
:10D69C009A0501D5180603D52146284600F0F6FE5A
:10D6AC00B4F90C3013F001020AD00022A2606269B6
:10D6BC005242A261226942B913F08000C8D138BD30
:10D6CC00990758BF6269A260F4E70020F7E700BF32
:10D6DC00F8F40120884210B501EB020402D984420F
:10D6EC00234607D8431EA14207D011F8012B03F89B
:10D6FC00012FF8E70244824200D110BD13F8011D3E
:10D70C0002F8011DF7E702440346934200D170472B
:10D71C0003F8011BF9E70139034610B532B111F8D2
:10D72C00014F013A03F8014B002CF7D11A440021A8
:10D73C00934200D110BD03F8011BF9E71F2938B53E
:10D74C0005460C4604D9162303604FF0FF3038BD54
:10D75C00C26B12B152F821304BB9284600F030F8A8
:10D76C00224601462846BDE8384000F017B8012B88
:10D77C000AD0591C03D1162303600120E7E70021CE
:10D78C00204642F8241098470020E0E7024B01465F
:10D79C001868FFF7D3BF00BFF8F4012038B5002399
:10D7AC00064D0446084611462B60F5F785FE431CD2
:10D7BC0002D12B6803B1236038BD00BFC80402201E
:10D7CC00F5F778BE38B50023054D044608462B60A6
:10D7DC0001F052F9431C02D12B6803B1236038BD10
:10D7EC00C8040220014B1868704700BFF8F40120F0
:10D7FC0070B50D4B00260D4D5B1B9C10A64209D13C
:10D80C000B4DF5F7DDFF0B4B00265B1B9C10A64266
:10D81C0005D170BD55F8043B01369847EEE755F835
:10D82C00043B01369847F2E7F8280110F82801105C
:10D83C00F828011000290110704770477047C9B2D1
:10D84C000346024410B59342184601D1002003E070
:10D85C00047801338C42F6D110BD0A44431E914228
:10D86C0000D1704710B511F8014B914203F8014FEC
:10D87C00F9D110BD38B50546002941D051F8043C0A
:10D88C000C1F002BB8BFE418FFF784FD1D4A13686A
:10D89C0033B9636014602846BDE83840FFF780BD9B
:10D8AC00A34208D9206821188B4201BF19685B6814
:10D8BC0009182160EDE71A465B680BB1A342FAD94F
:10D8CC0011685018A0420BD1206801445018116007
:10D8DC008342E0D118685B68084453601060DAE753
:10D8EC0002D90C232B60D6E7206821188B4202BF8B
:10D8FC0019685B680918636008BF21605460CAE747
:10D90C0038BD00BF8403022051F8043C181F002BC3
:10D91C00BCBF0B58C01870472DE9F0471F468E68E6
:10D92C0082460C46BE429046334653D8B1F90C00A1
:10D93C0010F4906F2BD065692368096905EB4505D8
:10D94C00A3EB010905EBD5757B1C6D104B442A46E6
:10D95C00AB4284BF1D462A46430527D51146504687
:10D96C00FFF798FC064658B34A462169FFF775FF46
:10D97C00A38923F4906343F08003A38126614E4472
:10D98C0065613B46A5EB090526603E46A5601F4632
:10D99C003A4641462068FFF79DFEA36800209B1B7A
:10D9AC00A36023683B442360BDE8F0875046FFF733
:10D9BC00FDFC06460028E1D121695046FFF75AFFCD
:10D9CC000C234FF0FF30CAF80030A38943F040031A
:10D9DC00A381E9E73E46DBE72DE9F04F98468B89BA
:10D9EC009DB007461B060D46144610D50B6973B93E
:10D9FC004021FFF74FFC2860286130B90C233B60B5
:10DA0C004FF0FF301DB0BDE8F08F40236B61002359
:10DA1C00CDF80C804FF00109DFF8A0810993202389
:10DA2C008DF8293030238DF82A3023469A4613F886
:10DA3C00012B0AB1252AF9D1BAEB040B0BD05B46AA
:10DA4C00224629463846FFF767FF013000F0A780D1
:10DA5C00099A5A4409929AF80030002B00F09F80E2
:10DA6C0000234FF0FF320AF1010A049307938DF85B
:10DA7C0053301A93CDE90523544605224F4814F828
:10DA8C00011BFFF7DCFE049AD8B9D00644BF202353
:10DA9C008DF85330110744BF2B238DF853309AF86F
:10DAAC0000302A2B15D0079A544600204FF00A0C50
:10DABC00214611F8013B303B092B4BD9B0B10792F1
:10DACC0014E0A0EB0803A24609FA03F313430493F2
:10DADC00D2E7039B191D1B68002B0391BBBF5B4254
:10DAEC0042F0020207930793B8BF049223782E2BBF
:10DAFC000AD163782A2B32D1039B02341A1D1B687E
:10DB0C0043EAE37303920593DFF8B4A00322217870
:10DB1C005046FFF794FE38B1A0EB0A004022049B5C
:10DB2C00013482401343049314F8011B0622254848
:10DB3C008DF82810FFF783FE002836D0224B1BBB34
:10DB4C00039B073323F0070308330393099B3344E8
:10DB5C0009936AE70CFB02320C460120A8E700236C
:10DB6C0001344FF00A0C19460593204610F8012B8E
:10DB7C00303A092A03D9002BC6D00591C4E70CFB17
:10DB8C00012104460123F0E703AB2A4604A93846D9
:10DB9C0000930E4BAFF30080421C0646D6D1AB89E6
:10DBAC005B063FF52DAF09982CE703AB2A4604A979
:10DBBC0038460093054B00F0BDF9EDE7BC28011089
:10DBCC00C2280110C62801100000000025D9001041
:10DBDC009368013B002B10B4936007DA9469A3425D
:10DBEC0001DB0A2902D110BCFFF7E2BC1368581CF8
:10DBFC0010600846197010BC7047F8B506460F4601
:10DC0C001446D518AC4201D1002007E03A4614F86E
:10DC1C00011B3046FFF7DCFF431CF3D1F8BD0000BD
:10DC2C002DE9F04F0D469DB014469846064618B1A6
:10DC3C00036A0BB900F0D0FB6B6ED90705D4AB8926
:10DC4C009A0502D4A86DFFF7F8FDAB891B0701D527
:10DC5C002B699BB929463046FFF7E8FC70B16B6E17
:10DC6C00DC0704D54FF0FF301DB0BDE8F08FAB8959
:10DC7C009805F7D4A86DFFF7E1FDF3E70023CDF885
:10DC8C000C804FF00109DFF8B481099320238DF843
:10DC9C00293030238DF82A3023469A4613F8012B6D
:10DCAC000AB1252AF9D1BAEB040B0BD05B462246FC
:10DCBC0029463046FFF7A1FF013000F0A780099AF2
:10DCCC005A4409929AF80030002B00F09F800023F0
:10DCDC004FF0FF320AF1010A049307938DF8533089
:10DCEC001A93CDE9052354460522544814F8011B18
:10DCFC00FFF7A5FD049AD8B9D10644BF20238DF8AF
:10DD0C005330130744BF2B238DF853309AF800304F
:10DD1C002A2B15D0079A544600204FF00A0C2146A6
:10DD2C0011F8013B303B092B4BD9B0B1079214E0F1
:10DD3C00A0EB0803A24609FA03F313430493D2E7BA
:10DD4C00039B191D1B68002B0391BBBF5B4242F068
:10DD5C00020207930793B8BF049223782E2B0AD1A3
:10DD6C0063782A2B32D1039B02341A1D1B6843EAB9
:10DD7C00E37303920593DFF8C8A003222178504681
:10DD8C00FFF75DFD38B1A0EB0A004022049B013483
:10DD9C0082401343049314F8011B062229488DF882
:10DDAC002810FFF74CFD00283FD0274B1BBB039BD3
:10DDBC00073323F0070308330393099B3B44099370
:10DDCC006AE70CFB02320C460120A8E70023013461
:10DDDC004FF00A0C19460593204610F8012B303AE7
:10DDEC00092A03D9002BC6D00591C4E70CFB0121ED
:10DDFC0004460123F0E703AB2A4604A930460093FE
:10DE0C00124BAFF300800746781CD6D16B6ED90746
:10DE1C0005D4AB899A0502D4A86DFFF70FFDAB8929
:10DE2C005B063FF51FAF09981EE703AB2A4604A912
:10DE3C0030460093054B00F07DF8E4E7BC28011058
:10DE4C00C2280110C62801100000000007DC0010D9
:10DE5C002DE9F047164698468A6807460B690C462A
:10DE6C00DDF820909342B8BF1346336091F84320FD
:10DE7C000AB1013333602368990642BF3368023319
:10DE8C003360256815F0060506D104F1190AE3681C
:10DE9C0032689B1AAB422BDC94F843302268003B6F
:10DEAC0018BF0123920630D404F143024146384690
:10DEBC00C847013023D023681A3454F80A2C03F0D5
:10DECC000603042B0ABF54F80E5C002533684FF090
:10DEDC00000608BFED1A54F8123C08BF25EAE57598
:10DEEC009342C4BF9B1AED18B5421AD1002008E02A
:10DEFC000123524641463846C847013003D14FF002
:10DF0C00FF30BDE8F0870135C1E7E1185A1C30201D
:10DF1C000233224481F8430094F8451082F84310F0
:10DF2C00C2E70123224641463846C8470130E6D0B5
:10DF3C000136D9E72DE9FF470F7E914680460C4606
:10DF4C00782F9A460C9E01F1430207D8622F0AD80B
:10DF5C00002F00F0D280582F00F0B78004F1420659
:10DF6C0084F842703AE0A7F16303152BF6D801A1AF
:10DF7C0051F823F0D9DF0010EDDF001069DF00103D
:10DF8C0069DF001069DF001069DF0010EDDF0010A1
:10DF9C0069DF001069DF001069DF001069DF001015
:10DFAC00EDE0001017E00010A3E0001069DF001096
:10DFBC0069DF00100FE1001069DF001017E000109E
:10DFCC0069DF001069DF0010ABE0001033681A1D28
:10DFDC001B68326004F1420684F8423001239DE054
:10DFEC0033682068191D3160060601D51D6803E0F1
:10DFFC004506FBD5B3F90050002D03DA2D236D42F5
:10E00C0084F8433059480A2310E021683368080625
:10E01C0053F8045B02D4490648BFADB26F2F534886
:10E02C00336059D10823002184F843106668002E10
:10E03C00A66005DB21682E4321F0040121604DD040
:10E04C001646B5FBF3F103FB1157C75D06F8017DCE
:10E05C002F460D46BB42F4D9082B0BD12368DF07A2
:10E06C0008D5236961689942DEBF302306F8013C6C
:10E07C0006F1FF36921B22614B4603AA214640460D
:10E08C00CDF800A0FFF7E4FE01304CD14FF0FF308B
:10E09C0004B0BDE8F087236843F0200323607827A1
:10E0AC003348236884F845701F06316851F8045BC7
:10E0BC0002D45F0648BFADB23160D90744BF43F00C
:10E0CC00200323601DB11023ADE72848E9E723683E
:10E0DC0023F020032360F6E70A23A4E71646BBE7E8
:10E0EC0033682568181D616930602E061B6801D5E0
:10E0FC00196002E06806FBD51980002316462361DF
:10E10C00BAE7336800211A1D32601E686268304617
:10E11C00FFF795FB08B1801B6060636823610023E7
:10E12C0084F84330A8E72369324649464046D04735
:10E13C000130ABD023689B0713D4E068039B984253
:10E14C00B8BF1846A4E70123324649464046D0479B
:10E15C0001309BD00135E36803995B1AAB42F2DCCA
:10E16C00EBE7002504F11906F5E700BFCD280110F7
:10E17C00DE280110B1F90C20F8B5160705460C463F
:10E18C0051D44B68002B02DC0B6C002B49DDE66A8A
:10E19C00002E46D0002312F480522F682B6031D011
:10E1AC00626DA389590705D56368D21A636B0BB1ED
:10E1BC00236CD21A0023E66A216A2846B047421C17
:10E1CC00B4F90C3006D129681D2944D8264ACA4016
:10E1DC00D60740D50022D90462602269226004D59A
:10E1EC00421C01D12B6803B96065616B2F60C1B112
:10E1FC0004F14403994202D02846FFF73BFB00236D
:10E20C0063630EE00123216A2846B0470246501C86
:10E21C00C7D12B68002BC4D01D2B01D0162B18D1C5
:10E22C002F6000201CE00F69002FFAD093070E68B6
:10E23C000F600CBF4B690023F61B8B60002EF0DDCA
:10E24C0033463A46216A2846D4F828C0E0470028CD
:10E25C0007DCB4F90C3043F040034FF0FF30A381DE
:10E26C00F8BD0744361AE9E70100402038B50B69C0
:10E27C0005460C4613B90025284638BD18B1036A6B
:10E28C000BB900F0A9F8B4F90C30002BF3D0626E86
:10E29C00D00704D4990502D4A06DFFF7CEFA284616
:10E2AC002146FFF767FF636E0546DA07E4D4A389BE
:10E2BC009B05E1D4A06DFFF7C1FADDE7002310B593
:10E2CC0004468360818119464366C28108228361BA
:10E2DC00C0E90033C0E904335C30FFF714FA0D4B8E
:10E2EC00246263620C4BA3620C4BE3620C4B236302
:10E2FC000C4B9C4206D003F16802944202D0D033FE
:10E30C009C4205D104F15800BDE81040FFF794BAC7
:10E31C0010BD00BF73E5001095E50010CDE50010B1
:10E32C00F3E500108C030220024A0349034800F075
:10E33C006BB800BF48F5012079E20010FCF4012015
:10E34C0041680C4B994210B5044601D0FFF78EFF83
:10E35C00A168094B994202D02046FFF787FFE1687C
:10E36C00064B994204D02046BDE81040FFF77EBF13
:10E37C0010BD00BF8C030220F40302205C040220B9
:10E38C000C4B04210C4A0D4810B51A600022FFF703
:10E39C0095FF0A4B012209211C4603F16800FFF787
:10E3AC008DFF022204F1D0001221BDE81040FFF7CE
:10E3BC0085BF00BFC404022035E300108C0302208B
:10E3CC000148FFF73ABA00BF890302200148FFF762
:10E3DC0035BA00BF8903022010B50446FFF7F0FFE1
:10E3EC00236A1BB1BDE81040FFF7F0BF044B23625A
:10E3FC00044B1B68002BF5D1FFF7C2FFF2E700BFFF
:10E40C004DE30010C40402202DE9F843074688466A
:10E41C0014460026D4E90195B9F1010905D5246803
:10E42C00002CF7D13046BDE8F883AB89012B07D916
:10E43C00B5F90E30013303D029463846C0470643A0
:10E44C006835E9E770B50C46B1F90E1096B0154673
:10E45C0000291E460ADAA18911F0800113D14FF46C
:10E46C008062002031602A6016B070BD6A4600F0F0
:10E47C00CFF80028EFDB019901F47041A1F50053AE
:10E48C0059425941EBE700214022EAE78B8973B5E9
:10E49C009E0705460C4607D504F14703236023610C
:10E4AC000123636102B070BD01AB6A46FFF7CAFF7E
:10E4BC00009E28463146FEF7EDFEB4F90C3038B913
:10E4CC009A05EFD423F0030343F00203A381E3E79F
:10E4DC0043F080032060A381019BC4E90406002B58
:10E4EC00E0D0B4F90E10284600F0A4F80028D9D0DA
:10E4FC00A38923F0030343F00103A381D2E770B592
:10E50C000D461446064618B1036A0BB9FFF764FFB3
:10E51C00636ED80705D4A389990502D4A06DFFF7C3
:10E52C008CF9A368013B002BA36005DAA269934226
:10E53C0012DBEBB20A2B0FD023685A1C22601D7021
:10E54C00EDB2636EDA0705D4A3899B0502D4A06DE6
:10E55C00FFF774F9284670BD294622463046FFF76E
:10E56C0027F80546EDE710B50C46B1F90E1000F092
:10E57C0083F80028ABBF636DA3891B1823F4805369
:10E58C00ACBF6365A38110BD2DE9F0411F468B899B
:10E59C0005460C46DB05164605D502230022B1F9CB
:10E5AC000E1000F057F8A3893246B4F90E10284625
:10E5BC0023F48053A3813B46BDE8F04100F06EB8D4
:10E5CC0010B50C46B1F90E1000F044F8421CB4F929
:10E5DC000C3015BF606523F4805343F48053A38142
:10E5EC0018BFA38110BDB1F90E1000F001B80000E6
:10E5FC0038B50023054D044608462B60F4F74CFF54
:10E60C00431C02D12B6803B1236038BDC80402201F
:10E61C0038B50023064D0446084611462B60F4F726
:10E62C0041FF431C02D12B6803B1236038BD00BFEE
:10E63C00C804022038B50023054D044608462B605B
:10E64C00F4F728FF431C02D12B6803B1236038BDBB
:10E65C00C804022038B50446064D0846114600226F
:10E66C002A601A46F4F71CFF431C02D12B6803B135
:10E67C00236038BDC804022038B50446064D084650
:10E68C00114600222A601A46F4F712FF431C02D1ED
:10E69C002B6803B1236038BDC804022038B504468A
:10E6AC00064D0846114600222A601A46F4F7AEFEC3
:10E6BC00431C02D12B6803B1236038BDC80402206F
:10E6CC0038B50022002304460D46F4F761F928B949
:10E6DC0020462946BDE8384000F00AB8204605F12E
:10E6EC00004100F005F8404261EB410138BD00BF2C
:10E6FC00D0B500220B4B06460F46F3F7D7FEF4F7C6
:10E70C0031FD0446F3F758FE0022074BF3F7CEFE1B
:10E71C0002460B4630463946F3F710FDF4F722FD5E
:10E72C002146D0BD0000F03D0000F0412DE9F04F36
:10E73C008C46099E04460F46002B48D18A4215464A
:10E74C005ED9B2FA82F33BB1C3F120029F409D40E7
:10E75C009C4020FA02F217434FEA154E1FFA85FC33
:10E76C00220CB7FBFEF10EFB117701FB0CF042EA19
:10E77C000742904207D9AA1801F1FF3702D2904202
:10E78C0000F258813946121AA4B2B2FBFEF00EFB0D
:10E79C00102200FB0CFC44EA0244A4450BD92C19B2
:10E7AC0000F1FF322CBF01270027A44502D9002F0E
:10E7BC0000F04381104640EA0140A4EB0C04002118
:10E7CC001EB1DC400023C6E90043BDE8F08F8B424C
:10E7DC0006D90EB1C6E9000100210846BDE8F08F4C
:10E7EC00B3FA83F1002951D16345C0F016818242FE
:10E7FC0040F213810846002EE7D0C6E90047E4E753
:10E80C00002A00F0AF80B2FA82F3002B40F0C280F5
:10E81C008A1A4FEA154EAFB20121200CB2FBFEFC56
:10E82C000EFB1C2240EA024207FB0CF090420ED970
:10E83C00AA180CF1FF382CBF4FF001094FF000095A
:10E84C00904203D9B9F1000F00F0F080C446121ABF
:10E85C00A4B2B2FBFEF00EFB102200FB07F744EA59
:10E86C000244A7420ED92C1900F1FF322CBF4FF0F5
:10E87C00010E4FF0000EA74203D9BEF1000F00F0BD
:10E88C00D2801046E41B40EA0C4099E7C1F1200508
:10E89C008B400CFA01F400FA01F922FA05F72CFA74
:10E8AC0005FC8A401F4320FA05F3380C23431FFA5A
:10E8BC0087FE1C0CBCFBF0F800FB18CC44EA0C44A3
:10E8CC0008FB0EFCA4450ED93C1908F1FF3A2CBFED
:10E8DC004FF0010B4FF0000BA44503D9BBF1000F17
:10E8EC0000F0B880D046A4EB0C041FFA83FCB4FBF8
:10E8FC00F0F300FB134403FB0EFE4CEA0444A64564
:10E90C000ED93C1903F1FF302CBF4FF0010C4FF026
:10E91C00000CA64503D9BCF1000F00F09F80034604
:10E92C0043EA0840A4EB0E04A0FB02EC64457346DA
:10E93C00E04602D307D1F14505D2BEEB02036CEBE6
:10E94C00070C0138E0465EB1B9EB030264EB080436
:10E95C0004FA05F522FA01F3CC401D43C6E9005434
:10E96C00002132E742082F464B08AC4642EAC172FE
:10E97C00AE46C407110C92B241EA034142EA01428D
:10E98C00B1FBF5F1B3FBF5F01F23A2EB0C0241EA4E
:10E99C00004142E79D40C3F1200299409C402CFA73
:10E9AC0002FC4FEA154E20FA02F2AFB2BCFBFEF8A5
:10E9BC000A430EFB18CC110C41EA0C4108FB07FC76
:10E9CC008C4550D9691808F1FF302CBF4FF0010964
:10E9DC004FF000098C4502D9B9F1000F30D0A1EBF2
:10E9EC000C01B1FBFEF808FB07FC0EFB181192B2F0
:10E9FC0042EA0142624534D2AA1808F1FF312CBF19
:10EA0C004FF001094FF000096245BED2B9F1000F79
:10EA1C00BBD1A8F102012A44B7E7841A6CEB0302BC
:10EA2C0001201746E7E62C4402382BE7ACF1020C28
:10EA3C002A440CE702392A44A5E62C440238BAE6EB
:10EA4C00A5EB0C0CA8F102006144B1FBFEF808FB2D
:10EA5C0007FCCAE7A8F102083C4444E7023B3C44EB
:10EA6C005EE7414691E7A1EB0C014046B1FBFEF895
:10EA7C0008FB07FCB9E700BF054A0346106810B154
:10EA8C00034413607047034803441360704700BF8E
:10EA9C00CC040220D0040220FEE700BF5FF800F097
:10EAAC00B1AB00005FF800F059AE00005FF800F069
:10EABC00814700005FF800F0719600005FF800F0ED
:10EACC009D9C00005FF800F0F19600005FF800F0EC
:10EADC003D0200005FF800F09D9800005FF800F028
:10EAEC00857A00005FF800F011C300005FF800F0B9
:10EAFC00358100005FF800F091A100005FF800F094
:10EB0C00FDAD00005FF800F0158100005FF800F02B
:10EB1C0011A200005FF800F0295D00005FF800F022
:10EB2C00198500005FF800F065DE00005FF800F06A
:10EB3C00655900005FF800F0598000005FF800F0A4
:10EB4C0069AE00005FF800F0D17A00005FF800F0C9
:10EB5C001D8200005FF800F07D7900005FF800F086
:10EB6C007DAD00005FF800F0714700005FF800F029
:10EB7C00215C00005FF800F0F99700005FF800F0EE
:10EB8C00AD8000005FF800F0A9AD00005FF800F068
:10EB9C00B9C300005FF800F05DA300005FF800F05F
:10EBAC002DA300005FF800F0819A00005FF800F0E0
:10EBBC0079C100005FF800F0019B00005FF800F0E5
:10EBCC0031F800005FF800F0219800005FF800F0C9
:10EBDC007DDF00005FF800F00D8700005FF800F0AB
:0CEBEC00C58200005FF800F07D9C000076
:10EBF8004E4D495F48616E646C65723A2025303825
:10EC0800582C20253038582C20253038580A000038
:10EC18005B486172644661756C745F48616E646CD0
:10EC280065725D43757272656E74206D73703A20FB
:10EC38003078253038580A004F6363757265642050
:10EC4800696E207461736B2E000000004F6363755A
:10EC580072656420696E20696E746572727570746D
:10EC68002E0000005573696E67207533325073703B
:10EC78002E0000005573696E67207533324D73702E
:10EC88002E000000537461636B206672616D653AF3
:10EC980000000000523020203A20307825303858C3
:10ECA8000A000000523120203A20307825303858A8
:10ECB8000A000000523220203A2030782530385897
:10ECC8000A000000523320203A2030782530385886
:10ECD8000A000000523132203A2030782530385866
:10ECE8000A0000004C5220203A203078253038584D
:10ECF8000A000000504320203A2030782530385848
:10ED08000A000000785053523A203078253038589D
:10ED18000A000000566563746F72204661756C7452
:10ED28000D0000004465627567204576656E7420A5
:10ED38004661756C740D0000436F6E666967757285
:10ED480061626C65204661756C740D004D656D4D92
:10ED5800616E616765204661756C740D0000000086
:10ED68005B4941434356494F4C5D54686520707276
:10ED78006F636573736F7220617474656D70746509
:10ED88006420616E20696E737472756374696F6E46
:10ED98002066657463682066726F6D2061206C6FF1
:10EDA800636174696F6E207468617420646F657341
:10EDB800206E6F74207065726D6974206578656364
:10EDC8007574696F6E2C205043203A2030782530B6
:10EDD80038780D0A000000005B4441434356494F10
:10EDE8004C5D205468652070726F636573736F7231
:10EDF80020617474656D707465642061206C6F6146
:10EE080064206F722073746F7265206174206120B2
:10EE18006C6F636174696F6E207468617420646FCD
:10EE28006573206E6F74207065726D6974207468E4
:10EE380065206F7065726174696F6E2C2050432075
:10EE48003A203078253038780D0A00004154203AAD
:10EE58003078253038780D0A000000005B4D554E9B
:10EE680053544B4552525D556E737461636B206603
:10EE78006F7220616E20657863657074696F6E20AB
:10EE880072657475726E206861732063617573654D
:10EE980064206F6E65206F72206D6F7265206163EC
:10EEA800636573732076696F6C6174696F6E730D37
:10EEB800000000005B4D53544B4552525D53746142
:10EEC800636B696E6720666F7220616E2065786378
:10EED800657074696F6E20656E74727920686173ED
:10EEE80020636175736564206F6E65206F72206D95
:10EEF8006F7265206163636573732076696F6C61F7
:10EF080074696F6E730D00005B4D4C53504552523F
:10EF18005D41204D656D4D616E6167652066617567
:10EF28006C74206F636375727265642064757269AE
:10EF38006E6720666C6F6174696E672D706F696E9D
:10EF480074206C617A7920737461746520707265BD
:10EF5800736572766174696F6E0D00004275732077
:10EF68004661756C740D00005B4942555345525219
:10EF78005D696E737472756374696F6E2062757300
:10EF8800206572726F7220686173206F6363757297
:10EF98007265640D000000005B50524543495345BB
:10EFA80052525D20646174612062757320657272CB
:10EFB8006F7220686173206F636375727265642C69
:10EFC800205043203A203078253038780D0A000048
:10EFD8005B494D5052454349534552525D496D7006
:10EFE8007265636973652064617461206163636538
:10EFF8007373206572726F7220686173206F636328
:10F0080075727265640D00005B554E53544B455242
:10F01800525D556E737461636B20666F7220616E0A
:10F0280020657863657074696F6E20726574757297
:10F038006E2068617320636175736564206F6E6507
:10F04800206F72206D6F7265204275734661756C12
:10F0580074730D005B53544B4552525D5374616396
:10F068006B696E6720666F7220616E2065786365D4
:10F078007074696F6E20656E747279206861732090
:10F08800636175736564206F6E65206F72206D6FA4
:10F098007265204275734661756C74730D000000CB
:10F0A8005B4C53504552525D412062757320666136
:10F0B800756C74206F636375727265642064757211
:10F0C800696E6720666C6F6174696E672D706F6911
:10F0D8006E74206C617A7920737461746520707223
:10F0E80065736572766174696F6E0D00557361673B
:10F0F80065204661756C740D000000005B554E4438
:10F108004546494E5354525D616E20756E6465667E
:10F11800696E656420696E737472756374696F6E65
:10F12800206572726F7220686173206F63637572F5
:10F138007265640D000000005B494E5653544154FB
:10F14800455D20616E20455053522E54206F722029
:10F15800455053522E49542076616C69646974791C
:10F16800206572726F7220686173206F63637572B5
:10F178007265640D000000005B494E5650435D61A6
:10F188006E20696E74656772697479206368656357
:10F198006B206572726F7220686173206F6363758C
:10F1A800727265640D0000005B4E4F43505D612034
:10F1B800636F70726F636573736F722064697361D4
:10F1C800626C6564206F72206E6F74207072657354
:10F1D800656E74206572726F7220686173206F6348
:10F1E8006375727265640D005B53544B4F465D61E5
:10F1F80020737461636B206F766572666C6F77201D
:10F208006572726F7220686173206F6363757272C2
:10F2180065640D005B554E414C49474E45445D6160
:10F228006E20756E616C69676E65642061636365E5
:10F238007373206572726F7220686173206F6363E5
:10F2480075727265640D00005B44495642595A450F
:10F25800524F5D616E20696E7465676572206469DE
:10F26800766973696F6E206279207A65726F20659E
:10F2780072726F7220686173206F63637572726552
:10F28800640D00004D50205379735469636B2069F5
:10F298006E697469616C697A6174696F6E20666100
:10F2A800696C65640D00000070747200766F6964A3
:10F2B800207B616E6F6E796D6F75737D3A3A656903
:10F2C8005F616C69676E65645F6672656528766FF5
:10F2D80069642A2900000000433A2F557365727348
:10F2E8002F636F726E392F417070446174612F4CB7
:10F2F8006F63616C2F41726D2F5061636B732F4583
:10F30800646765496D70756C73652F45492D534465
:10F318004B2F312E39352E31342F65646765696D71
:10F3280070756C73652F656467652D696D70756C94
:10F3380073652D73646B2F636C617373696669659C
:10F34800722F65695F616C69676E65645F6D616C7A
:10F358006C6F632E680000004552523A2043616E7C
:10F368006E6F742068616E646C6520696E70757468
:10F37800207479706520282564290A004552523A7C
:10F3880020696E7075742074656E736F7220686181
:10F39800732073697A652025642062797465732CFB
:10F3A8002062757420696E707574206D617472695D
:10F3B8007820686173206861732073697A652025F5
:10F3C800642062797465730A000000004552523A5D
:10F3D800206F75747075742074656E736F72206811
:10F3E80061732073697A652025642C206275742006
:10F3F800696E707574206D617472697820686173C4
:10F40800206861732073697A652025640A0000000A
:10F418004552523A2043616E6E6F742068616E6483
:10F428006C65206F75747075742074797065202808
:10F438002564290A000000006D65616E733A20009A
:10F44800617869733A2025690A0000002566200062
:10F458004661696C656420746F20696E69746961BE
:10F468006C697A6520746865206D6F64656C202806
:10F478006572726F7220636F6465202564290A00C3
:10F488004552520025733A200000000041524D2099
:10F49800434D534953204572726F723A20256400D8
:10F4A8002D000000696E76616C6964002573256C17
:10F4B800752E2530336C75000A0A0000426C6F63A4
:10F4C8006B20256C753A200A0000000028616C69E1
:10F4D800676E20262028616C69676E202D203129EF
:10F4E80029203D3D20300000766F69642A207B6129
:10F4F8006E6F6E796D6F75737D3A3A65695F616C91
:10F5080069676E65645F63616C6C6F632873697AA1
:10F51800655F742C2073697A655F742900000000A8
:10F52800477261797363616C650000004552523A15
:10F53800204661696C656420746F2072756E204482
:10F5480053502070726F6365737320282564290AED
:10F558000000000046656174757265732028256493
:10F56800206D732E293A20004552523A204F757467
:10F57800206F66206D656D6F72792C2063616E2730
:10F588007420616C6C6F6361746520666561747565
:10F598007265730A000000004552523A204F757494
:10F5A800206F66206D656D6F72792C2063616E2700
:10F5B8007420616C6C6F63617465206D617472692D
:10F5C800785F707472735B256C755D0A00000000CB
:10F5D8004552523A20576F756C642077726974658A
:10F5E800206F7574736964652066656174757265EA
:10F5F800206275666665720A00000000494E464F33
:10F6080000000000496D70756C7365206D61696E4E
:10F618007461696E732073746174652E2043616C24
:10F628006C2072756E5F636C61737369666965726D
:10F638005F696E6974282920746F20726573657418
:10F648002073746174652028652E672E20696620F2
:10F65800646174612073747265616D2069732069D7
:10F668006E7465727275707465642E290A000000E4
:10F678004665617475726573204265666F726520B0
:10F688004E6F726D616C697A6174696F6E3A200AA7
:10F69800000000004552523A204661696C656420BA
:10F6A800746F2072756E2044617461204E6F726DA4
:10F6B800616C697A6174696F6E2070726F636573CB
:10F6C8007320282564290A0046656174757265737C
:10F6D8002028256C642075732E293A200A00000022
:10F6E80052756E6E696E6720696D70756C73652EE4
:10F6F8002E2E0A0073656E74000000006C6F772070
:10F70800636F6E666964656E636500004E4F4E45B3
:10F71800000000005357494E4720736B69707065AD
:10F72800643A206F6E6C7920256C752073616D705A
:10F738006C65732073696E636520746865207374E3
:10F748007265616D20737461727465640D0A0000DE
:10F7580072756E5F636C6173736966696572206642
:10F7680061696C65643A2025640D0A005357494E57
:10F778004720736B69707065643A20696E76616CB6
:10F788006964206D6F64656C2073636F72650D0A20
:10F79800000000005357494E472023256C75207000
:10F7A80065616B3D257520647073202D3E2025739F
:10F7B8002025752062702028257329207C000000F0
:10F7C8002025733D25750000207C20696E666572D2
:10F7D8003D2575206D730D0A000000004552523A10
:10F7E8002064617461206E6F726D616C697A6174F6
:10F7F800696F6E3A20696E707574206D61747269F4
:10F808007820696E76616C6964206E756D206F660C
:10F8180020726F77732C2065787065637465643A1D
:10F82800202831292C20676F7420282564290A0094
:10F838004552523A2064617461206E6F726D616C3A
:10F84800697A6174696F6E3A20696E707574206D9B
:10F8580061747269782073697A652C20657870659F
:10F86800637465642028256C64292C20676F7420D4
:10F87800282564290A0000004552523A2064617420
:10F8880061206E6F726D616C697A6174696F6E3A2E
:10F89800206D65616E2073697A65206D69736D618D
:10F8A8007463682C20657870656374656420282506
:10F8B80064292C20676F7420282564290A00000019
:10F8C8004552523A2064617461206E6F726D616CAA
:10F8D800697A6174696F6E3A207363616C6520732D
:10F8E800697A65206D69736D617463682C20657829
:10F8F80070656374656420282564292C20676F74FB
:10F9080020282564290A00004C534D3644533320DF
:10F918004649464F20696E6974206661696C656462
:10F928003A2025640D0A000070696E706F6E2076AB
:10F938002564207065616B20747269676765723A27
:10F948002025752073616D706C65732040313034EB
:10F9580020487A2C207065616B2061742025752CF5
:10F96800207468726573686F6C64202575206470F4
:10F97800732C20726566726163746F7279202575C5
:10F988002073616D706C65732C207075626C69737F
:10F9980068203E3D2025752062700D0A0000000099
:10F9A800494D55206572726F723D2564204649465F
:10F9B8004F20776F7264733D256C75207061747485
:10F9C80065726E3D256C7520666C6167733D307895
:10F9D8002530326C583B20726573746172743D2512
:10F9E8006C752073616D706C65733D256C750D0ABF
:10F9F800000000004552524F523A20696E636F6D05
:10FA080070617469626C65206D6F64656C20696EE5
:10FA1800707574206D657461646174610D0A00000D
:10FA28004243000042500000425300004643000099
:10FA38004650000046530000415341530000000067
:10FA480070696E706F6E0000496D70756C7365201B
:10FA5800233100004178202B204179202B20417A46
:10FA6800202B204778202B204779202B20477A000D
:10FA78002530325820000000727820646F6E6500CF
:10FA8800747820646F6E65004C534D3644533320B0
:10FA9800436F6E6E656374204661696C65642E20E1
:10FAA80057484F5F414D5F493D3078253032580DFA
:10FAB8000A0000004C534D3644533320696E697474
:10FAC80069616C697A6174696F6E207772697465AF
:10FAD800206661696C65643A203078253032580DAB
:10FAE8000A0000004C534D3644533320636F6E6652
:10FAF800696775726174696F6E20726561646261AD
:10FB0800636B206661696C65642E0D004C534D363D
:10FB18004453333A20313034487A2C2041636320EF
:10FB28002B2F2D3136672028302E3030303438389E
:10FB3800672F4C5342292C204779726F202B2F2D89
:10FB4800323030306470732028302E303730647093
:10FB5800732F4C5342290D004354524C315F584C7B
:10FB68003D30783434204354524C325F473D30782E
:10FB78003443204354524C335F433D307834343B54
:10FB88002041782C41792C417A2C47782C47792CC4
:10FB9800477A0D00556E6B6E6F776E2074797065BD
:10FBA800000000004E4F545950450000464C4F414C
:10FBB80054333200494E54333200000055494E54F4
:10FBC80038000000494E543634000000535452495E
:10FBD8004E470000424F4F4C00000000494E543140
:10FBE80036000000434F4D504C4558363400000055
:10FBF800494E543800000000464C4F4154313600FD
:10FC0800464C4F4154363400434F4D504C455831C3
:10FC18003238000055494E54363400005245534F8F
:10FC2800555243450000000056415249414E540088
:10FC380055494E543332000055494E543136000070
:10FC4800494E543400000000433A2F5573657273CF
:10FC58002F636F726E392F417070446174612F4C3D
:10FC68006F63616C2F41726D2F5061636B732F4509
:10FC7800646765496D70756C73652F45492D5344EC
:10FC88004B2F312E39352E31342F65646765696DF8
:10FC980070756C73652F656467652D696D70756C1B
:10FCA80073652D73646B2F74656E736F72666C6FFA
:10FCB800772F6C6974652F6B65726E656C732F6B2B
:10FCC80065726E656C5F7574696C5F6C6974652EBE
:10FCD8006370700025733A2564202573207761735B
:10FCE800206E6F7420747275652E00007363616CEA
:10FCF800655F64696666202F206F75747075745F20
:10FD08007363616C65203C3D20302E30320000006A
:10FD1800696E7075745F70726F647563745F736316
:10FD2800616C65203E3D20300000000066616C7308
:10FD3800650000006E6F5F696E74656765725F6F5E
:10FD4800766572666C6F775F66726F6D5F717561ED
:10FD58006E74697A6174696F6E00000025733A25C4
:10FD68006420257320213D20257320282564202127
:10FD78003D202564290000006B54664C6974654178
:10FD88006666696E655175616E74697A6174696FCA
:10FD98006E000000696E7075742D3E7175616E7429
:10FDA800697A6174696F6E2E74797065000000005D
:10FDB80066696C7465722D3E7175616E74697A61DD
:10FDC80074696F6E2E7479706500000061666669EB
:10FDD8006E655F7175616E74697A6174696F6E00C2
:10FDE800616666696E655F7175616E74697A617462
:10FDF800696F6E2D3E7363616C650000696E707586
:10FE0800742D3E74797065203D3D206B54664C69B5
:10FE18007465496E7438207C7C20696E7075742D09
:10FE28003E74797065203D3D206B54664C6974655D
:10FE3800496E74313600000066696C7465722D3E37
:10FE480074797065203D3D206B54664C6974654932
:10FE58006E7438207C7C2066696C7465722D3E74E3
:10FE6800797065203D3D206B54664C697465496E18
:10FE7800743400006E756D5F6368616E6E656C73D7
:10FE880000000000616666696E655F7175616E7479
:10FE9800697A6174696F6E2D3E7363616C652D3E7E
:10FEA80073697A650000000066696C7465722D3E9E
:10FEB80064696D732D3E646174615B616666696E29
:10FEC800655F7175616E74697A6174696F6E2D3ED4
:10FED8007175616E74697A65645F64696D656E7366
:10FEE800696F6E5D00000000433A2F5573657273A9
:10FEF8002F636F726E392F417070446174612F4C9B
:10FF08006F63616C2F41726D2F5061636B732F4566
:10FF1800646765496D70756C73652F45492D534449
:10FF28004B2F312E39352E31342F65646765696D55
:10FF380070756C73652F656467652D696D70756C78
:10FF480073652D73646B2F74656E736F72666C6F57
:10FF5800772F6C6974652F6D6963726F2F6B65728B
:10FF68006E656C732F636F6E762E63707000000081
:10FF7800696E70757420213D206E756C6C7074729A
:10FF88000000000066696C74657220213D206E7562
:10FF98006C6C7074720000006F7574707574202139
:10FFA8003D206E756C6C70747200000030000000AB
:10FFB800696E7075742D3E706172616D732E7A650D
:10FFC800726F5F706F696E74000000006F757470F7
:10FFD80075742D3E706172616D732E7A65726F5FF4
:10FFE800706F696E740000006F75747075742D3EC3
:08FFF80074797065000000003F
:020000041001E9
:10000000696E7075742D3E7479706500433A2F5592
:10001000736572732F636F726E392F417070446114
:1000200074612F4C6F63616C2F41726D2F5061634F
:100030006B732F45646765496D70756C73652F45EB
:10004000492D53444B2F312E39352E31342F6564D1
:100050006765696D70756C73652F656467652D697B
:100060006D70756C73652D73646B2F74656E736F33
:1000700072666C6F772F6C6974652F6D6963726F30
:100080002F6B65726E656C732F636F6E762E637067
:100090007020487962726964206D6F64656C7320AA
:1000A000617265206E6F7420737570706F72746505
:1000B00064206F6E2054464C697465204D696372EC
:1000C0006F2E0000433A2F55736572732F636F7262
:1000D0006E392F417070446174612F4C6F63616C95
:1000E0002F41726D2F5061636B732F4564676549B3
:1000F0006D70756C73652F45492D53444B2F312E10
:1001000039352E31342F65646765696D70756C7390
:10011000652F656467652D696D70756C73652D73EA
:10012000646B2F74656E736F72666C6F772F6C697A
:1001300074652F6D6963726F2F6B65726E656C737A
:100140002F636F6E765F636F6D6D6F6E2E63707071
:10015000000000006861735F62696173207C7C202D
:100160006E6F64652D3E696E707574732D3E736994
:100170007A65203D3D2032006E6F64652D3E6F75BF
:1001800074707574732D3E73697A6500433A2F5508
:10019000736572732F636F726E392F417070446193
:1001A00074612F4C6F63616C2F41726D2F506163CE
:1001B0006B732F45646765496D70756C73652F456A
:1001C000492D53444B2F312E39352E31342F656450
:1001D0006765696D70756C73652F656467652D69FA
:1001E0006D70756C73652D73646B2F74656E736FB2
:1001F00072666C6F772F6C6974652F6D6963726FAF
:100200002F6B65726E656C732F66756C6C795F63AE
:100210006F6E6E65637465642E637070000000001D
:1002200041524D5F434D5349535F4E4E5F535543CB
:10023000434553530000000061726D5F636F6E763B
:100240006F6C76655F3178315F73385F66617374A8
:100250002820266374782C2026636F6E765F706189
:1002600072616D732C20267065725F6368616E6EBB
:10027000656C5F7175616E745F706172616D732C16
:100280002026696E7075745F64696D732C207466C6
:100290006C6974653A3A6D6963726F3A3A4765748E
:1002A00054656E736F72446174613C696E74385F3B
:1002B000743E28696E707574292C202666696C74EA
:1002C00065725F64696D732C2074666C6974653A3D
:1002D0003A6D6963726F3A3A47657454656E736F2D
:1002E00072446174613C696E74385F743E2866695B
:1002F0006C746572292C2026626961735F64696D74
:10030000732C20626961735F646174612C20266FB5
:1003100075747075745F64696D732C2074666C6994
:1003200074653A3A6D6963726F3A3A476574546519
:100330006E736F72446174613C696E74385F743EB1
:10034000286F7574707574292900000061726D5FE3
:1003500066756C6C795F636F6E6E65637465645F00
:1003600073382820266374782C202666635F7061BA
:1003700072616D732C20267175616E745F7061728D
:10038000616D732C2026696E7075745F64696D737E
:100390002C2074666C6974653A3A6D6963726F3AC1
:1003A0003A47657454656E736F72446174613C6959
:1003B0006E74385F743E28696E707574292C20261F
:1003C00066696C7465725F64696D732C2074666C09
:1003D0006974653A3A6D6963726F3A3A4765745465
:1003E000656E736F72446174613C696E74385F74DA
:1003F0003E2866696C746572292C202662696173D7
:100400005F64696D732C20626961735F64617461FC
:100410002C20266F75747075745F64696D732C2061
:1004200074666C6974653A3A6D6963726F3A3A47FB
:10043000657454656E736F72446174613C696E7467
:10044000385F743E286F7574707574292900000038
:1004500025733A256420257320213D20257320280B
:10046000257320213D20257329000000433A2F5594
:10047000736572732F636F726E392F4170704461B0
:1004800074612F4C6F63616C2F41726D2F506163EB
:100490006B732F45646765496D70756C73652F4587
:1004A000492D53444B2F312E39352E31342F65646D
:1004B0006765696D70756C73652F656467652D6917
:1004C0006D70756C73652D73646B2F74656E736FCF
:1004D00072666C6F772F6C6974652F6D6963726FCC
:1004E0002F6B65726E656C732F706F6F6C696E67C2
:1004F0005F636F6D6D6F6E2E63707000433A2F55A2
:10050000736572732F636F726E392F41707044611F
:1005100074612F4C6F63616C2F41726D2F5061635A
:100520006B732F45646765496D70756C73652F45F6
:10053000492D53444B2F312E39352E31342F6564DC
:100540006765696D70756C73652F656467652D6986
:100550006D70756C73652D73646B2F74656E736F3E
:1005600072666C6F772F6C6974652F6D6963726F3B
:100570002F6B65726E656C732F7265736861706541
:100580002E637070000000002D31000073747265DE
:100590007463685F64696D006E756D5F6F7574700C
:1005A00075745F656C656D656E7473006E756D5FF7
:1005B000696E7075745F656C656D656E747300004F
:1005C0004E756D496E70757473286E6F6465292061
:1005D0003D3D2031207C7C204E756D496E707574D8
:1005E00073286E6F646529203D3D203200000000B5
:1005F0004E756D4F757470757473286E6F646529D0
:10060000000000006B54664C6974654F6B0000007D
:10061000526573686170654F757470757428636F87
:100620006E746578742C206E6F646529000000007C
:10063000433A2F55736572732F636F726E392F4172
:100640007070446174612F4C6F63616C2F41726DE7
:100650002F5061636B732F45646765496D70756CCE
:1006600073652F45492D53444B2F312E39352E318B
:10067000342F65646765696D70756C73652F65648B
:1006800067652D696D70756C73652D73646B2F7460
:10069000656E736F72666C6F772F6C6974652F6D02
:1006A0006963726F2F6B65726E656C732F736F6603
:1006B000746D61782E637070000000004E756D4996
:1006C0006E70757473286E6F646529004E756D4485
:1006D000696D656E73696F6E7328696E70757429C4
:1006E000203E3D20310000006E6F64652D3E757325
:1006F00065725F6461746120213D206E756C6C7061
:1007000074720000547970652025732028256429AF
:10071000206E6F7420737570706F727465642E0034
:10072000433A2F55736572732F636F726E392F4181
:100730007070446174612F4C6F63616C2F41726DF6
:100740002F5061636B732F45646765496D70756CDD
:1007500073652F45492D53444B2F312E39352E319A
:10076000342F65646765696D70756C73652F65649A
:1007700067652D696D70756C73652D73646B2F746F
:10078000656E736F72666C6F772F6C6974652F6D11
:100790006963726F2F6B65726E656C732F736F6612
:1007A000746D61785F636F6D6D6F6E2E6370700036
:1007B0002D3332373638000025733A2564202573EF
:1007C000206E6F74206E6561722025732028256667
:1007D00020213D2025662900312E66202F20363528
:1007E000353336006F75747075742D3E70617261AB
:1007F0006D732E7363616C65000000006B54664C72
:10080000697465496E7438002D313238000000007B
:100810006F75747075742D3E706172616D732E7397
:1008200063616C65203D3D20312E66202F203235DE
:10083000360000004552523A2047657454656E7385
:100840006F722063616C6C6564206265796F6E64A1
:10085000204D41585F54464C5F4556414C5F434FD5
:10086000554E5420282564290A0000004552523A6A
:100870002047657454656E736F722063616C6C659C
:1008800064206265796F6E64204D41585F54464C18
:100890005F54454E534F525F434F554E54202825C9
:1008A00064290A004552523A204661696C65642009
:1008B000746F20616C6C6F63617465207065727316
:1008C000697374656E7420627566666572206F6602
:1008D0002073697A652025642C20646F6573206E0F
:1008E0006F742066697420696E2074656E736F7210
:1008F000206172656E6120616E642072656163685B
:1009000065642045495F4D41585F4F564552464CFE
:100910004F575F4255464645525F434F554E540A26
:10092000000000004552523A204661696C6564201F
:10093000746F20616C6C6F63617465207065727395
:10094000697374656E7420627566666572206F6681
:100950002073697A652025640A0000004552523AE6
:10096000204661696C656420746F20616C6C6F63F4
:100970006174652073637261746368206275666672
:100980006572206F662073697A652025642C207259
:100990006561636865642045495F4D41585F534315
:1009A00052415443485F4255464645525F434F5576
:1009B0004E540A004552523A204661696C656420E3
:1009C000746F20616C6C6F63617465207363726116
:1009D00074636820627566666572206F662073694D
:1009E0007A652025640A00004552523A2066616902
:1009F0006C656420746F20616C6C6F63617465203A
:100A000074656E736F72206172656E610A0000001A
:100A10004552523A2074656E736F72206172656E32
:100A20006120697320746F6F20736D616C6C2C2072
:100A3000646F6573206E6F7420666974206D6F64D7
:100A4000656C202D206576656E20776974686F75FA
:100A50007420736372617463682062756666657280
:100A6000730A000028FA00102CFA001030FA001067
:100A700034FA001038FA00103CFA001014F7001095
:100A80000300000001000000000000000000000062
:100A9000793900100000000070F001200300000010
:100AA000030000006543001078F001200000000002
:100AB000B80A01100100000004000000000000005E
:100AC0000100000059C600105DC90010C9C900101E
:100AD00091C80010F5C800109865AB3ECFB99F3E95
:100AE000682AF53EFD62AF4630FF1E46F7FF1F46FF
:100AF000EDD5B03EF6EC9F3ED8D8F63EC901AE46E5
:100B00008B491346DC6B1D469DB3BB3E7BDAA03E92
:100B1000DF4EFB3EE535AD46459D114627961C460A
:100B20007C75CC3E36D4A63E77F3023F02ADAB4691
:100B3000564012463E971D4634ECD63E956CAA3E72
:100B4000D2C2063F269BA846602214463959214648
:100B5000DC9EE83ECC6EB03E2B4B093F769DA64610
:100B600043CD14468CC725460287003FB04AB83EA5
:100B7000AB52113F8D30A54679912046E6A92B4610
:100B8000D9A30B3F74A5C53E2DED183FB67EA546F3
:100B9000868E2B46562F3446E1D4173F5A55D43E05
:100BA000E2D6203FE085A546D8183646D8B53E4661
:100BB000764A253F94F2E63EF2AC253F18BFA746A1
:100BC0001FFA3E460A7D4A46434A353F691DFA3EB2
:100BD000FA842E3FF224AB46BEA052465524564618
:100BE0006213453F697A083F6C2F3C3F2A84B14627
:100BF00022F25F468D9C634641E6553F7027183FC1
:100C00007E0B453F753FB84612556D46E704744666
:100C100088F1673F984D293FC3F44D3F4BB6C2461C
:100C200093E87D4651BA8146D4207C3F5BEA3A3F47
:100C3000AB4E563F377CD14625A38C46EADC8B462B
:100C4000B515883FC7504D3F2D61643F7269E4463A
:100C50007B8E96468CAB9946FBBF913F1BD8663F77
:100C6000EDFE683F15CDF9468B22A046A62DAD4678
:100C70002CD89C3FCA27803F39A76C3FF7710D479E
:100C8000113BAB46A497C7465BACA93FBA628C3F09
:100C90009A776F3F7456264788DCBA4613ECEF46C6
:100CA000F74FB63FACA1993FC6A0743F7687474740
:100CB000856BCC46E4BE1447D553BF3F76ACAA3F04
:100CC0005141703F553A7447E35CE5461D5A3F4732
:100CD0002301CD3F87C6B93FE0EF693F928A96472F
:100CE00054E80347488D78477FACD13F5499C63FBD
:100CF0001B266C3F7CD0BB471CE41C47C1B7A447F4
:100D0000A742E23FF010DB3F9493713FE9F4E647DE
:100D1000472736477C8EDA47EAB8E83F5FAAED3FBF
:100D2000188F753F40FB0B484C005B471F1B0E485C
:100D3000F8F604407E3901402D1F833FF45E2648BB
:100D400098BB824753E73348D6AE0E403E8E0740ED
:100D5000E5538A3FA24E42488273A24715FE5A4885
:100D60005E6E034066DA12409986963FCE115D486A
:100D70008FF2B74775847C48491FF33FA320134087
:100D8000AE629E3F1FDE7148656EAE478F99864802
:100D90009FDD0640D59C12409D7A953F5575804851
:100DA0002DDFAB47FC7F8A4807990A40E4311140A8
:100DB0008796903F027E8548655AC04793C8904801
:100DC000D662F13FC1DE15404A5A9A3F9069884881
:100DD0008597CE47E3DF95488D53D63F9CA00F40C3
:100DE000834EA63FDC7F8648B883BC4790A69248D6
:100DF00067FCE53F5A53094036339A3FF0988248E2
:100E0000849DB247D28F8A4816A9F23F54ED014023
:100E10007B4D923F073B774840F4BC47A12684486E
:100E2000B5A6C73F99D0F93FCF139A3F86196748B7
:100E3000FED3C047042E7648515CA73F6690DF3F43
:100E4000C7DBA13F870B4F48D0189E472FF452486D
:100E5000CEC69B3FAA91C33FF3848B3F396B354885
:100E6000019D824799AB2648996C8F3F273EAE3F44
:100E7000910D773F3A9B1948176168473FDC03485B
:100E8000E9BE783FC9C49B3FC28F6B3F134B0048FC
:100E9000E88C55474FB8D047F2A2563F53E28B3FFC
:100EA000C4D36B3F8FA0D047D6874047CEAEA5476F
:100EB00054E3343F37E8813F419A5E3F051CAB471E
:100EC000C42034473CED824787731D3F08BA693F11
:100ED000594F543FEB448C479A9B2747E63952477A
:100EE000F1A20C3FE6764D3FAEE14E3FDE186B4778
:100EF00069991B47267B26475605023FD4A7323FF8
:100F00007EEF483FD1C5484736AE0D4735130547FC
:100F10002F91F93E61AE1E3FAEE6493FEA7A2D477A
:100F200098570347A07CD7460D23003F6A930F3F95
:100F3000205C403FD8441A473C60F2466450B646B5
:100F4000552FED3E2E2A073FF0E6363F2CB10A47DB
:100F5000F8BEE24617F19B463207E83EC6A6FC3EC5
:100F60005AB72F3FA6DBFE462AF0D5467D048846B9
:100F7000BD26E13E64B9E83EA7D32A3F64A8EC460B
:100F80008B82CD466DD66C46EC99EA3EC17BDE3E47
:100F9000A122283FCCA1E1462115C446139F564605
:100FA0008276D93E9FC4DD3EACAE213FE0DED7461F
:100FB000A93EBC46F4C14946D13ADD3F792BE53F15
:100FC000D4F9B83FEDB2DA3B286B223C9FE8213CD4
:100FD00014CDD93FCF06E53F4758B83F7390DB3B70
:100FE0005AC0283CB43A233C2567D33F795DE43F9F
:100FF0008BB3B63F8711DC3BCFB7293CF2A9233C2A
:10100000F48DCA3FEF3CE03FD1F7B23FC90CDD3B66
:101010001659293C3C24233CEC8FC53F35DCDD3F91
:10102000856BB03F9B0DDF3BAC44283C083B213C2B
:10103000F2E5BD3FB20CDA3F06C9AE3FC361E03B0B
:10104000F1E3273CB20F1F3CC7A5B43F8559D53FFC
:1010500059E3A93F1159E13B329F213CBA4F1C3C57
:10106000804FAD3F0E04CE3F5C9CA53FD423E13BB7
:10107000335C1C3C1092183CF434A63F5BC3C63F63
:101080004F7CA13FF41EE13B74C4173CF34C143C6D
:10109000D64B9F3FB595BE3F771C9F3FBA9FDF3B26
:1010A0006E32143C42EC0F3CD41A983FF922B73F01
:1010B000FA069B3F9664DD3B581D0D3CB6F30B3C96
:1010C000CCE2913F804EAF3FCF4A953F1662D93B6D
:1010D000B4DA083C70BF073C04088C3FD607A63F33
:1010E000B8E5913F0560D53B51F0043CC91A033C7B
:1010F0006379863FBB659D3FC5B48E3FF48FCF3B80
:10110000AF86003C1D4AFE3BA4FA803F68CC953F69
:10111000E3E58B3F191CC83B433AF43B18E7F43B2B
:101120007347783FB7ED8E3FF484873FC7A3BF3B3B
:10113000900BEC3B43A4E93BE4E76F3F42CB863F97
:101140008F2B863F6940B73B7BE0E43BC416DC3B1A
:10115000E943673F40D87F3F1C21853F7A33AC3B52
:101160004856DD3B5002CD3BBF595E3F4672743F4F
:101170004658843F50CB9E3BACE0D33B7DFCBA3B12
:101180003781563FC5AB693FFDF0823F7AFC903B0B
:10119000E492CA3B0DECA73BE263513FADB25D3F29
:1011A000AC20843F700C833BF83DBF3B3D0D943B2E
:1011B000EB484A3FF97E543F65E6853FA00E6C3B05
:1011C0006851B23B57E7813B0D05483F69854D3F6C
:1011D0007C45853FE556533B4481A33BA3AB613B34
:1011E0007B8C403F55AF433F0AC4833FBF943E3B97
:1011F00071BE973BB3E9433B51DB3D3F36DF3B3F9D
:1012000063B1823F5C192D3B02648A3BDECC2B3BF1
:10121000919B313FDB28343F27EF7C3F41C71E3B8A
:101220006A4F7D3B96B0183BD9732B3FF4E62F3FB6
:101230000C42763FECEB123B443D633BB5640A3B0A
:1012400010A4323F2A00293FBE116C3FE1BD093B8B
:101250009A8C553B30E1003B6BC0393FCFD7283FDC
:101260003023663FBAAF033B0D4C5B3B17A5F93A01
:10127000FD59303FA223293FFCE46C3FFB8AFF3A33
:1012800084EC5C3BD71AF63A03F62D3F85F6293FEE
:101290002BDE703FAEADFA3AC9D4503B86B4F03A7B
:1012A0001E6B3A3F7B4A273FDD1F693F17FBF73A2A
:1012B0009481493BE594EC3A3BD6453F4EE32A3FC7
:1012C000FF96603FF0BCF93A55F2523BFE2AEF3AE6
:1012D0009AFB3E3FD0C32E3F653D693F0471FD3A06
:1012E0009DB6583BC60CF63AA3ED393F01AC333FEF
:1012F000C4736F3F1640023B7BB3523B89F2FB3A0B
:1013000094FA4C3F1F3F373F2855693F2DB8063BA5
:10131000E692503B2D87023BAEE15F3FD6B4413FA2
:10132000AEA7633F92540E3BED58663B6C010D3BFC
:101330007B0E683F691B4F3F4134753F020D183BE0
:10134000126D7D3BBBA21E3BD6D7713F666A5B3FE9
:10135000114C823F6F3E253B1859863B9359323BD7
:1013600061DA813FFC0F683FFD6F853FF4CF343B6E
:101370004C258C3BEC79483B69CA8B3F5CE2743F5F
:10138000BE5C853F5585483B0D99933B2403613BEB
:101390001546983F2C1D7E3F4044893F5C6A5D3B6B
:1013A0003C98983B601F7D3BBB36A33FD0F5853F03
:1013B000F48D8C3F3D8C743BFE309E3BD83F8D3B83
:1013C0000AB2AC3F74E08E3FF7628E3FB691853B28
:1013D000A82EA43BCEB99E3B6A9BB33FE138993F10
:1013E0005B7A903F5989903BDA0EAC3BB788B13BB2
:1013F0006556B73F7E94A23FCF21903FAE7D9B3B89
:101400008CB3B23BAD4DC53B2FECB43F28EBAA3FAC
:10141000D1A9933F7EE3A43B9209BA3BF780D63B28
:10142000EA0FBC3F0428B03FDB6E973FDEE6AD3BE2
:10143000AB57C03B03EFE73BF923BE3F0837B63F4E
:10144000987F9A3FA96CB53B2904C63B2A57F83BC5
:10145000BC05C13F1FDBBD3FA1B19C3F8045BC3BEC
:101460003109CA3BD713053C4A18BD3F1F2DC23F67
:101470006CF19D3F12D1C03BF0D5CE3BABCB0B3CCA
:10148000A867C43F3B7DC23F6710A13FC120C53B59
:101490000319D33BED2E103C7452FCBE12B720BD95
:1014A0008F7A113EC66CA0BF21778FBFDB1D4AC16A
:1014B0003F8AFEBE3FA002BDB64F163ED07641BF6A
:1014C000E49F95BF48CD32C1287800BF62F5A7BC24
:1014D000EC94203EE336D4BE559C86BFC57D16C134
:1014E00087A602BFB40B3BBCA622303E866FC03D30
:1014F000CDABDABF2355F7C025A305BFD3166A3B92
:101500008EC73F3E1B2CA23F9994CCBF0655C7C047
:10151000298B07BFC827B33C78A7493EB92119409A
:1015200071A3A4BF01FE9AC0A21C09BFDFB8333D5E
:10153000035E573E287F6A408C7481BF05FC52C011
:10154000A7310DBF831B8D3DB62E6A3E834F9A4057
:10155000E699FABFE08808C0075911BF85DBCA3D8C
:101560004C4F773E0D88C2401D032CC04AFCB1BFD2
:101570006D2C15BF85B9073EA019803E2EA4E04012
:10158000DAE235C02B543EBF6F2219BF671E303ED2
:10159000E307863EECBC0141D6D82EC0A2744FBEF4
:1015A0004E4F1EBF8FF5603E86628C3E78260C4102
:1015B00064FA63C0E41487BE782724BFB2E58B3E8B
:1015C0004DE1923EA29F1941398BA6C08E8368BF20
:1015D00015DF29BFD49DAB3E4C7C963E3FDB2C41B2
:1015E0006C23C9C05C19C6BF8C2030BF645DCE3E81
:1015F0009C1E993ECAE13A4106E1F0C0CC701CC085
:10160000566637BF9CF7F43E7900973E33724541EA
:10161000FB2E0DC17A9F88C024013FBF09500F3FA8
:101620007853963E989D4741B9A52BC10E6AD4C008
:1016300002B647BF44D9233FE5CC933EF1BD4541B7
:10164000BE572FC145AC0FC12AC450BFC6AF383FEB
:101650001FB4903E36194241740D1CC1A52737C1F5
:10166000FBEB5ABF9D334E3F8085873ED1D424414A
:10167000AD5DF6C0D76B62C113E065BFC0AA623F23
:101680008630813EB8A4D6408F6EAEC0068388C136
:10169000C95673BF5E09753F990F773EE63B194007
:1016A0002938F9BF338E9FC191E781BF1AD9813F95
:1016B0006CD8713E15EB2EC0AA8328408D86AEC132
:1016C00065318BBF27A2873F234B623E014D15C179
:1016D0008862E140BBA4B9C11EF293BF0CC08C3F2D
:1016E0003357603EA77C83C1BA064541ADDCC5C116
:1016F000E5F99EBFE0C08F3F5A59613E7C5EB6C19E
:10170000EA4B8E4197A6D0C1DF05ABBF8907923F58
:10171000BE51733E8E42D7C1007CE241D396DEC1FA
:101720009413B2BFD741943FC881733E2664EDC184
:101730007C9A0E42C466F8C1E34DB3BF73FA953F7D
:10174000DE5E743E758CFEC122070942A58818C270
:101750004C6AB9BF4446903F514C863EC8670AC2A6
:101760001CD7F74158AD41C224B0C0BF22E38A3F25
:1017700091EC963E69A212C21C360A4200FC65C278
:10178000CA77BFBF0D6F873F3F379F3E24D010C23F
:101790009DB2164252EA80C24547B8BFC0D3843FCB
:1017A0000DD7A03E1D5E03C286ACFB413F2590C213
:1017B00094C6B4BFBDA5783F31A2A33EF949EDC19F
:1017C00087BABA413651A0C2CD26B2BFE7556A3FAB
:1017D0003928A73E6855D6C1DFE0B541E7EEACC277
:1017E0002176A7BF9ABD603FFC42A43E7863BBC18F
:1017F0002EFAB34196A9B4C25C5F98BF747C583F7F
:10180000D7069A3ED8559BC18DD246413D78BBC282
:1018100091578CBF2C02473FA2EA8F3EF6C091C180
:10182000B74D1B40D99CC2C2AC4882BFA636343FDC
:1018300007B1843E79EAA8C12CC93CC0FCE7C3C209
:101840007EC66CBF015B243F9D15743EAD3FC9C190
:1018500050759FC02284BDC2017257BF85F4153FE9
:101860003EAA5C3E1DECE3C11D5BD9C07551B0C200
:1018700096EB42BFA7E9083FEB2E323EC6FFFDC103
:10188000ED1DFDC0FCCC9DC21ADF32BF949DF83E19
:10189000AB080D3E37A013C2C5C904C115428AC2A8
:1018A0006A3925BF5DA5DD3E0E20D93DAD9A27C220
:1018B0006B9206C1AA7470C2B1AD1ABFA536C53EFF
:1018C000EBF7AF3DB0A137C2625404C160BA4CC25D
:1018D000D69E12BFA793AB3EDA90823DCB8E42C21A
:1018E000B8B1F8C0071C2AC268D409BF6E2E943E56
:1018F0007C26373D858C4CC28BFCD7C024550AC250
:10190000FF8C04BFA5DE7E3E3752083DA9AE4DC216
:101910000487A9C075EAE1C1099100BF4E1B5D3E75
:10192000F938E43C996C45C24E098DC01C58B8C1C9
:101930009C9EFDBEB7C0383ED6895E3C000036C2D4
:10194000754F82C0D76B95C1900CF3BED65E1C3E1E
:10195000DFFB2B3B56FA21C218927FC039746CC151
:101960002E08F3BEE6F0F33D6D7DCBBB9DB10CC2FE
:1019700019686EC0B56D40C10A0012441044114C84
:101980000600070008090900ACFB0010B4FB0010BA
:10199000BCFB0010C4FB0010CCFB0010D4FB0010FB
:1019A000DCFB0010E4FB0010ECFB0010F8FB001067
:1019B00000FC001008FC001010FC00101CFC0010C3
:1019C00024FC001030FC001038FC001040FC00101B
:1019D00048FC0010000000000000000002000000B1
:1019E00001000000000000000000000002000000F4
:1019F00001000000000000000000000000000000E6
:101A0000000000000000000055C10010A9C1001036
:101A100059C10010B9C1001061C1001069C10010A6
:101A20006DC2001019C20010C5C1001089C100109C
:101A300091C100100000000000000000D5C500109A
:101A4000E9C50010CDC5001005C60010B5C30010D3
:101A5000DDC400106DC2001019C20010C5C1001015
:101A6000D1C3001065C40010000000001700000082
:101A70000001000200010002000304000100000058
:101A80001600000001000000150000000000803F6B
:101A90000100000015000000030000001400000019
:101AA0000700000006000000000000000100000028
:101AB00014000000020000001300000005000000F8
:101AC0000000000000000000000000000000000016
:101AD0000000000000000000000000000000000006
:101AE00000000000010000001300000001000000E1
:101AF00012000000010000000100000002000000D0
:101B000001000000020000000000000000000000D2
:101B100000000000000000000000000001000000C4
:101B2000120000000200000011000000040000008C
:101B300000000000000000000000000000000000A5
:101B40000000000000000000000000000000000095
:101B50000000000001000000110000000300000070
:101B60001000000009000000080000000100000053
:101B70000100000001000000010000000100000061
:101B80000100000001000000100000000200000041
:101B90000F00000003000000000000000000000033
:101BA0000000000000000000000000000000000035
:101BB0000000000000000000000000000100000024
:101BC0000F000000010000000E00000001000000F6
:101BD00001000000020000000100000002000000FF
:101BE00000000000000000000000000000000000F5
:101BF00000000000010000000E00000002000000D4
:101C00000D000000020000000000000000000000C5
:101C100000000000000000000000000000000000C4
:101C200000000000000000000000000001000000B3
:101C30000D000000030000000C0000000B0000007D
:101C40000A00000001000000010000000100000087
:101C50000100000001000000010000000100000080
:101C60000C00000002000000000000000100000065
:101C70000000000000000000000000000000000064
:101C80000000000000000000000000000000000054
:101C900000000000A01C0110741D011000000000D5
:101CA000010000000000803BBC1C0110B41C0110AE
:101CB00000000000010000004B00000001000000D7
:101CC000A9B4333F0200000001000000070000003B
:101CD0000200000001000000D0000000040000002D
:101CE000010000000D0000000100000010000000D5
:101CF00004000000010000001A00000001000000C4
:101D000010000000101D0110741D011000000000E3
:101D10000100000030E7E13D040000000100000088
:101D2000010000001A000000100000000400000084
:101D300001000000010000001A000000080000007F
:101D400004000000010000001A0000000100000073
:101D50000800000004000000010000003400000042
:101D600001000000080000007C1D0110741D01101E
:101D7000000000000100000080FFFFFF01000000E4
:101D8000CBE6B43D040000000100000001000000AB
:101D90003400000008000000040000000100000002
:101DA000010000003400000006000000B81D011012
:101DB0008C1E01100000000008000000F712763BA6
:101DC0002766873BB4F6993BFFAFA33B6CE16E3BC4
:101DD0000458A93B532BBA3BBA2E9F3B040000008A
:101DE00008000000010000000300000006000000E1
:101DF000E90AD3D5D6CD32A79CA43C99558681E873
:101E000004D6EFB1185C8F29F944250CD1C87F9A0C
:101E100077278CE2FE7F8F0798F90B52B02E0AFFCE
:101E20002CD5AE541D0BA23102BB3F95253A35C3CC
:101E3000F981D8470E054CCE7FB0004F9D4F293217
:101E400028DB8C7A520C4034AB21EF210C6957EF20
:101E5000E218177F241A192E155102F02642FFC3EB
:101E6000D507F1E4CA81B517FDFE11BEB73E61EF9B
:101E7000382F781FEE0DEDE57FC35A98DE0A3955ED
:101E8000B01E01108C1E01100000000008000000B0
:101E90000000000000000000000000000000000042
:101EA0000000000000000000000000000000000032
:101EB00008000000C566BC39B254CF3913C2EB39F3
:101EC000D3A5FA39D4E4B6398FA7013A5C890E3A22
:101ED000DFBFF3390100000008000000000000002F
:101EE000F10100008DFFFFFF4B0200004BFCFFFFE4
:101EF0005900000069FFFFFFA7FEFFFFBCFFFFFFC7
:101F00000C1F0110FC200110000000001000000058
:101F1000D1EE703BF8476A3B5168553B37D0423BA6
:101F20001E96663B24FF9C3B1B74703B71E2773B23
:101F300058C9C43BBF90653B826A9B3BED05663B3D
:101F4000972CAD3B1057493B5C26A53BE161693BB3
:101F50000400000010000000010000000300000069
:101F60000800000000000000000000000000000069
:101F70001418297ED4A943E81204FD0BC0BC698162
:101F80001F191140BFC136CBFE5BCBE22ED4F54703
:101F9000F909C0D24F4F587F643ECFCC1AE61412D5
:101FA000ED12F7F001B340365AFF5D1D25B4115E06
:101FB000D90F33DAE5C87FD55AE1CEF039A3D67F01
:101FC00062E0B920228AE53A273CC6E95D9E116BA2
:101FD0001181F5A784DC5A26D988ED98A94D4107CF
:101FE00057D145A29476F228E92E1C2D07E0CC307B
:101FF000E73402EB257FA6EFE252112CF53EAC232D
:102000007DC3206991D40B394DB030B8BBD6F849A7
:1020100002B7E77FDAE9EB01FE0CF7ACE87F2B466D
:102020001C0C01F15C4A0953FEE9DCC75429253038
:102030002BC47F11F30A30FF03CF0F1E1DEDDF18F5
:1020400012DA5E1F0718E9F7059FF141AF7F0F4ACB
:10205000FA9ED8CEC44EB42FFB96D23BC050BE766B
:10206000DA04C60F0A00F620DA09C4FEF5E4B64029
:10207000E003C52BED3DDF7FE751AD7F2629F5DF7E
:10208000EE00C60E54EF0D11F92FAE7CC2E5F7E954
:10209000F3E8E97FBD1266F3F5E8F1FEB457FFF30C
:1020A000F90E0746EEDA05012818E9C1B1458EEDB3
:1020B0007F48D9D1C5C690D5EB395FC92DC98B3FB3
:1020C00001F626F80E0A4081F121281128145F85B7
:1020D00006E80B3D43EF3B987F1A249806D5EA7338
:1020E00035F543A310C1F8310BDE3EBFE6D50957E5
:1020F00040210110FC200110000000001000000031
:1021000000000000000000000000000000000000CF
:1021100000000000000000000000000000000000BF
:1021200000000000000000000000000000000000AF
:10213000000000000000000000000000000000009F
:10214000100000002141AA39D18DA539BECD9639A4
:1021500008AA89396FF1A239DEE1DD396AEAA939C5
:10216000B12AAF39FB0E0B3ABC38A23901A6DB39D4
:102170008A8BA239F3BEF439BB468E39B867E93988
:1021800039EBA4390100000010000000000000003D
:1021900009FCFFFF07000000B2FEFFFFF4FFFFFF96
:1021A000150300005EFEFFFF44FFFFFF52FDFFFF2F
:1021B0000DFFFFFFDEFDFFFFC1FFFFFF7C01000001
:1021C0005CFFFFFF80060000AAFDFFFF0304000084
:1021D000DC210110AC27011000000000010000000C
:1021E0005F02C43B0200000007000000D0000000B6
:1021F00019E702F435A323FA27F5CFA7A82DE90B99
:10220000FBF018FD21B61AE820BDE599AA14F714D1
:10221000F805FA0836BB150320EBD694B610F01972
:10222000F318111314D02BF717E9C3B3C017E21B2F
:10223000E9FE11010AF21B0E0CE8D6AFBF0DD61B4A
:10224000D702110814FE22060CFFE9B8E20FE018CD
:10225000CA05E610001AF715FDEFF013FC05DB15B3
:10226000DB160A04EEEDF807E6DBBBF8DFF9E01752
:10227000FA1502F0E0DAFBE1E2CFCCD7E0E9D50DC8
:10228000D1FDF4F9F4D00FE9FABEB5AEDB04ED0FE1
:10229000CCFEDDF1EFDDFDDCEFC6C5D4CB13CD0BFD
:1022A000DCDDFCFBFBD605D404BB93DED5FAEF02E4
:1022B000F5D00BF3EFA61CE928CBABF0EEF9130534
:1022C000FE110E03E60BDD08E0060522EFCB12A996
:1022D00002F9FB06E4F5E609D822141F18AC0FB486
:1022E0000410E810F8FC0014E7010B0119B206BB5A
:1022F000CA19FB02D5EDE806F709FC2019BF0CC18D
:10230000EAF4E9E9D710FBF6DC06F9110BEC0DB99C
:10231000EE00F4F2F60F1F00FC09050521F904D5C3
:10232000E805E1FCCF0319FEFB15F31130E6EDBF24
:1023300009EBD7F1F61200F3FB1A11FB2DE8D9D403
:10234000FADFF406ED1320F40D1F0A0D2B0BC9EB79
:10235000FFE7F115DA17080405210A141AEAF8FD57
:102360000606DA03D71CFBF7080B19FD0BF0F8E3A0
:10237000DF1D090ED314FC0BF30F2C1013DFDAD082
:10238000CA1EEB14B412CA16F0121D2100F0F7D4C5
:10239000E5ABE4B4F8CCC995F3CBA3FF03A006D119
:1023A000E5C8F9BE00CEE6AA05B7B3D8F4CD0BDA7E
:1023B00005C9E3BE1206DADB15F4D2E5FEBC06D48D
:1023C000DDA9E8C21A09CDF51700E6A329DD20EF43
:1023D00000D210AD2F0BE70F1718E8D216F00BFA4A
:1023E000DEE60EAF2E06EBF90F1714C40B06EBF961
:1023F000ED00FFA82417FF10231109F3FE1ACE10D9
:10240000DE0ECBCF241BE905FE021D0100FADDEC38
:10241000C42EDCEB1022C118F9232E1A120DCF03A3
:10242000E628F61E081CAA22DD171EFA1723B8FBA1
:10243000DA23040FF1219A11BFFE0A0ADD2BD50B16
:10244000072921FDDE14DF10DDF81AFAF909EEF88C
:10245000EF13FDE9B3FDDDFBE1CBCBF0CA18FA12B7
:10246000F7FCD409A806BAFCB7E5280DFC17A205AD
:10247000F302070781F0D300BDDAF90FFE15A51AA4
:102480000F22071B8308E80ED2C312FAEF1CD622D4
:102490002A21241CA7F3F3FFE8E70507EB0EE72347
:1024A00006140A10DC09ED02E80C0008E70DEF182D
:1024B0000A0F0C160407F6FEFBF70FF9CC17F01104
:1024C000D11B092315F4DEFEF7EACE0CFB0EF00556
:1024D000C40D180BF5FBD8EAD4F1D1F501EC0600D8
:1024E000B60BFFFB29E5C701DC02E503F614F7FA9A
:1024F000CFEFD7F31FFFA3FADCFFC2FBEB1408F208
:10250000B5F5D8F02103B7E0BAF8E0081A1CE7EBFC
:10251000D3FE93EA2518CCEFC810F6FD23FCE3B1F7
:10252000F6FFA3B0090E000BD9001A10251AF29875
:1025300009D507BD1CD805DD04EDB3D2D9C4F11708
:1025400002BFE8E50BECFBE80AF2E00C02DD11E269
:102550000EC7F0D60502FADEF2DB141B12D206EA31
:1025600009D804DDF103F3EE08E4F41501E60DD219
:1025700018E110D70C0608DEF6F22A1917D50ECD91
:1025800000CF1AC9F10523DAFDD4020E1CBE18E9EA
:102590001CB217CD09ED0FF1140F1F2C0DB711C090
:1025A0000EC60DA8D6EA0EBB1405E81A098916B79F
:1025B00011B805BFD50506D310E50F0C199310C649
:1025C000FECB04CAECEF11EE1702FB1A1FBD1FDD94
:1025D00011DB06CBDBEF03D10EFEFC0C04C60405B9
:1025E00015D307C4F8DA20E705E2E10A11ED09FC8A
:1025F0001BCF0DCDF0E915E01DD6BDD9070809FFA9
:10260000AAE2ABCBFD1ED203D31C181E1212A1BC32
:10261000D6ECC0D7E20FC6FECF0B231D1E1DC9BAD4
:10262000ECF2CFCCCA05BB04B6F71A0502FEF1E501
:10263000F20705D7F50E97E7C6E7E200F4160AC9D8
:10264000060C0ADD1B15B3FFD4E0E7030B2311B51D
:10265000001C1AD02E19E00EFDD7EBEF001013E589
:10266000131B0EF0240C03030503EF13F7F607F812
:102670000E111DDD17F6EAF20613FEFCFFD717EB6D
:1026800010FD1DD424D605FB100AE7DE18F8120F42
:102690000FEA21D930C710FB260CDDDC17FA28130E
:1026A00015F71FE713D3F5DF14E1E4C8EFFD1703B7
:1026B00007F3FCE717D11BDC0D01CCE5FEFC060699
:1026C000FAD8DDE203EEFAF30721CFE6FA19FC09A6
:1026D00030FFF6040A210E0B2819EB1E2B0A20F7F7
:1026E0000CFF14F30A020C0A2022E3042BF40A0262
:1026F0001017F901060EFD121A10FCEF27EF060362
:1027000004100B02ECEE18FB1201EAFF08F21908A4
:10271000030101F0F3FC0A060406E2F70FEE100DC8
:1027200010030005EA06F8FDF9EF0AE5F9F80CFFD9
:10273000000FFB14EDFEDF0FF000FCF3D8F90602EA
:1027400004111603F703DA01F0FA04D7B9F2150DF4
:10275000E40D100AEE09F71902130BEED5EB001782
:10276000E6020C0FF4FF02170A1F07EDDDEE171F3C
:102770000611FF1FEF03F8FEFB1A0EF2DFF40F0441
:10278000071E011B170615F4F5241DF606EC16F9B5
:102790001410012A0B14100908202AFE26072BF119
:1027A000B4270110AC270110000000000100000058
:1027B000000000000100000018F72C3A01000000A2
:1027C0000700000000000000000000000000000002
:1027D000930000008DFEFFFF25000000270200008F
:1027E000E9FEFFFF440000007EFFFFFF0100000044
:1027F0000200000000000000FFFFFFFFD00000000B
:10280000010000001A00000001000000100000009C
:1028100001000000010000001A0000000800000094
:10282000010000003400000001000000080000006A
:102830000100000004000000000000000000000093
:10284000010000000100000034000000060000004C
:10285000642801105C280110000000000100000045
:10286000F0FFFFFF010000004200C43D0200000035
:1028700001000000380100006042A20D0000803F0E
:102880002C2066756E6374696F6E3A2000617373F5
:10289000657274696F6E2022257322206661696CEF
:1028A00065643A2066696C6520222573222C206CB1
:1028B000696E65202564257325730A00232D302B4E
:1028C0002000686C4C006566674546470030313231
:1028D0003334353637383941424344454600303188
:1028E00032333435363738396162636465660000E7
:0828F0003CF8FE7F010000002E
:0828F800ED5C001009CA00109C
:1029000000700120BD310020C5310020D5310020EC
:1029100000000000000000000000000000000000B7
:102920000000000000000000000000001905010088
:1029300000000000000000009D050100A905010045
:10294000E5310020E73100206D360020EB3100201A
:10295000ED310020EF310020F1310020F331002073
:10296000F5310020F7310020F9310020FB31002043
:10297000FD310020FF310020013200200332002011
:102980000532002007320020093200200B320020DF
:102990000D3200200F32002011320020B13600200D
:1029A0001532002017320020193200201B3200207F
:1029B0001D3200201F32002021320020D13600209D
:1029C0000348854600F006F800480047795100208A
:1029D000007001201CB50948009009480190054687
:1029E0000126009C05E0E36807CC33430C3C984784
:1029F0001034AC42F7D3FFF7E7FF0000243100208A
:102A00003431002002E008C8121F08C1002AFAD1A0
:102A100070477047002001E001C1121F002AFBD15E
:102A200070470000C0840020C08400208C7100002A
:102A30001431002070B51D4E3078002834D0EFF3EB
:102A40001085EFF3108072B619480068002802D094
:102A50008047002813D03078811E032912D2012428
:102A60002046214604F026F81248016804220A4351
:102A7000026030BF0021204604F01CF80AE085F314
:102A8000108870BD012805D10A48016804229143CD
:102A9000016030BF08480068002803D0317802295F
:102AA00000D1804785F3108870BDC046FCC100206E
:102AB000BCED002010ED00E0B8ED00201948804783
:102AC000194800477046EFF30881EFF30982174B6E
:102AD0009847FEE77046EFF30881EFF30982144B45
:102AE0009847FEE7FEE7FEE7FEE7FEE7FEE7FEE7C4
:102AF000FEE7FEE7FEE7FEE7FEE7FEE7FEE7FEE7AE
:102B0000FEE7FEE7FEE7FEE7FEE7FEE7FEE7FEE79D
:102B1000FEE7FEE7FEE7FEE7FEE7FEE7FEE7FEE78D
:102B2000FEE7FEE7D5370020C130002075360020D3
:102B300039350020F0B51FB40646002082B00546A6
:102B40004024019100901BE0019922460F46304637
:102B500000F060F9049A059B801A994110D3104641
:102B60001946224600F046F9361A8F41019722464F
:102B700001200021009F00F03DF938184D410090E0
:102B80002046641E0028DFDC019B0098294632465F
:102B900007B0F0BD30B5434351435C18010C130C32
:102BA0000D465D432C1980B292B205465543514300
:102BB0000A0C09044D1962415843010C00044019E4
:102BC000514130BD03460B439B0703D009E008C9C0
:102BD000121F08C0042AFAD203E00B780370401CCD
:102BE000491C521EF9D2704710B5002200E0521C59
:102BF000835C8C5CA34201D1002BF8D1D8B2E1B246
:102C0000401A10BDF8B502464A40D40F42004B00AE
:102C100052085B089A4202D20246084611464A0010
:102C200023D0C30D4A00DDB2120EAD1A202D35DAC5
:102C300049020126490AF6058A19002C00D05242A1
:102C400020214F1B1146B9402A411018C20D9A424B
:102C500021D0002C17D0012D08DCDA05801AD20F04
:102C60008019D207DBB203F02BFFF8BDDA05801A1A
:102C7000012340001B06C01880185A428018CA0F52
:102C80001043490007E04908C2071143DA05801ADA
:102C900080194008801803F019FFF8BD6100012277
:102CA000511A001BF7E70122D2075140AAE701227F
:102CB000D2075040A6E7024670B54A40D30FDB0763
:102CC00040002DD04A002AD0010E140E000212023C
:102CD0000919400A520A8418E50104465443000ABF
:102CE000120A2E045043A4194219200CC543AA18F5
:102CF000120C0125AD03521C521912047F39240411
:102D000000D0521C104301D44000491EC2B20C0630
:102D1000C0092018401C4008802A02D003E000208F
:102D200070BD40084000002900DA0020184370BD43
:102D30000122D207002800DB101A002900DB511AFB
:102D4000814201D201207047002070470122D20742
:102D5000002800DB101A002900DB511A814201D93A
:102D600001207047002070470122D207002800DBB5
:102D7000101A002900DB511A814201D1012070474D
:102D800000207047C20F410040020123400ADB05CA
:102D9000D207090EC0187F2901DA00207047962952
:102DA00003DC9623591AC84001E096398840002A6E
:102DB000F4D04042704770B50446002903D000208B
:102DC0002022012310E0002801D00020C043C0468B
:102DD000C0460DE02546D5408D4205D30D469540B1
:102DE000641B1D46954040191546521E002DF1DC0E
:102DF000214670BD10B5202A04DB0146203A9140DF
:102E0000002010BD914020239C1A0346E340194343
:102E1000904010BD10B5202A04DB0846203AD0406F
:102E2000002110BD0B46D340D0402024A21A91406F
:102E30000843194610BD000015460C46064600F032
:102E4000D5F9EFF308811D4804F03EFB300701D5AA
:102E50001C4800E01A4804F081FD0420064001D01F
:102E60001AA000E0184804F079FD1CA004F076FDDB
:102E7000002E00D02C4621681CA004F025FB6168C0
:102E80001EA004F021FBA16820A004F01DFBE16856
:102E900022A004F019FB216924A004F015FB61694C
:102EA00026A004F011FBA16928A004F00DFBE16944
:102EB0002AA004F009FB00F06DF9FEE77A810020FA
:102EC000C1810020A2810020B38100205573696E6A
:102ED00067207533325073702E00000053746163A5
:102EE0006B206672616D653A000000005230202050
:102EF0003A203078253038580A000000523120201E
:102F00003A203078253038580A000000523220200C
:102F10003A203078253038580A00000052332020FB
:102F20003A203078253038580A00000052313220DB
:102F30003A203078253038580A0000004C522020C2
:102F40003A203078253038580A00000050432020BD
:102F50003A203078253038580A0000007850535213
:102F60003A203078253038580A00000080B503F048
:102F7000B3FD80BD14460D46064600F037F904A0A7
:102F800031462A46234604F09FFA00F003F9FEE793
:102F90004E4D495F48616E646C65723A2025303849
:102FA000582C20253038582C20253038580A00005D
:102FB00010B582B001AC204603F094FD019803F0F7
:102FC00097FD6078000601D501F0FEF802B010BD53
:102FD000F0B585B0002503953B4C04AE2046314644
:102FE00003F08CFD30880821014001200190C607C4
:102FF000002907D0204603F087FD642003F08AFDF6
:1030000032480660032103AA204603F089FD3048B8
:10301000046803E003F084FC2C480660002C25D0F3
:103020002046A46A017D0029F4D1417D0129F1D017
:10303000817D0229F2D102A90746234803F076FDDB
:103040003846BA68FB6802999A4204D29142E5D3A5
:10305000994204D3E2E7994201D39142DED3C16998
:103060000029D7D0006A88473846D3E70096184829
:103070000668002E18D00021029A0D46124804E07E
:103080001D461148B66A002E10D0B37D022BF9D12F
:10309000B368CC0705D0AC1A9F1AA742F0D32B46D1
:1030A000EEE71D460199EDE729460748C90709D013
:1030B00003998D4206D003212A4603F03DFD009876
:1030C0000249086005B0F0BD0030056000E200E094
:1030D0009CC20020014802490160704708ED00E0F1
:1030E0000030002070B55C4D29685A4E30680024CD
:1030F000224603F027FD30682968224603F028FDA8
:10310000534801689A48814201D02D2000E02C20CC
:1031100003225207914200D12B2003F01FFD70BD06
:1031200070B5032465071024AA4205D0104DAA42A9
:1031300002D08F4DAA4219D1802505438B4EB5424E
:1031400014D1049C264D2C60002C04D0264C002564
:103150002580244C25803F4C20603D4802603E483D
:1031600001603F48036000F041F80446204670BD0E
:10317000000800601C48008880B21A49098889B29A
:10318000081A4142414116480268504250410843E2
:103190007047C046F0B581B0114C2068002805D0BA
:1031A000104D2888104E3188884201D101B0F0BD01
:1031B000274F04E0288081B232889142F6D080B255
:1031C00021680968095C386803F0CEFC20688188B2
:1031D0002888401C82B28A42ECD30020EAE7C0462D
:1031E00008C20020AAC20020A8C20020F0B583B007
:1031F000174D286803214907884205D05C49884259
:1032000005D108242C2004E004242B2001E00C2408
:103210002D2003F0AFFC0F4E30680F4F3968224667
:1032200003F0AEFC002801D003B0F0BD396830686F
:10323000022203F08DFC0028F6D1084802900848CD
:1032400000680190286801A903F0A0FC03B0F0BD5C
:1032500010C200200CC20020B0C2002021300101A9
:10326000B4C2002070B58AB0282003F083FC0A2085
:1032700003F080FC0B2003F07DFC0C2003F07AFCB3
:103280000D2003F077FC0E2003F074FC0F2003F0F8
:1032900071FC102003F06EFC352003F06BFC112054
:1032A00003F068FC1225284603F064FC0024204645
:1032B0002146224603F070FC03F074FC03F078FC16
:1032C00000F0E0F80126310326488180264A02609A
:1032D0000090E120C3022548254AFFF721FF25A0E1
:1032E00031A134A204F0F0F801F020FB00F01AFF45
:1032F00000F0C8FD00F0F6FF31A02946224600F09C
:10330000DBFD00F0CFFA01F0D7FA01F045FB172101
:10331000204603F053FCF0052E490860FF21090602
:103320002D4A13688B4313602C49086002202C49F6
:103330002C4A01F087FBC82003F046FC2AA001AA12
:10334000114668C868C168C868C168C868C12F48A4
:10335000214603F03FFC03F043FC03F047FC0AB0B6
:1033600070BDC04614C2002020CC002080B0046094
:10337000000400605B257320542025735D626C653A
:10338000207065726970686572616C2070726F6A16
:103390006563742863702920737461727420746F7C
:1033A00020776F726B2E0A00536570203235203201
:1033B0003032360031373A32383A353000000000CA
:1033C00053757065725F536D6172745F5261636BA8
:1033D0006574000080E200E014E400E000E100E039
:1033E00015510020095100209784002000000000A2
:1033F00074ED002044000000B8C600200004000066
:10340000180000000100000000000000C94A002070
:10341000B0B503461020002B22D0012920D8EFF3AD
:103420001084EFF3108572B69D7D002D02D084F3D9
:103430001088B0BD00209862DA6119760121997573
:103440002D490A68002A02D10B600021D9622B495C
:103450000A68002A01D09362DA620B6084F3108854
:10346000B0BDC04601461020002909D08A7D002A3F
:1034700006D001224A750020C875D107374A11606D
:103480007047C046F0B581B0052003F073FB2A4DAC
:1034900000242846214603F0AFFB0127F807134913
:1034A0000860FF263106124A13688B4303218907FF
:1034B000591811600F4908601F21204603F07EFB58
:1034C0007902284603F09EFB0821284603F0A0FB62
:1034D0002846314603F0A2FB284603F0A5FB064828
:1034E000046006480460204601B0F0BD80E200E0C0
:1034F0001CE400E000E100E09CC20020A0C200202B
:1035000010B51023002815D0847D002C12D0426203
:10351000416001461031084A0446104603F006FB9C
:103520000220E075FF200230A0820120C0070B4975
:1035300008600023184610BD0030056001461020C9
:10354000002909D08A7D002A06D001204875C87557
:10355000C0070249086000207047C04600E200E052
:1035600084B0104C104D04E0621C81B2104603F090
:1035700061FB28680022D34301A903F061FB002806
:10358000F2D101A803F062FB02990029F1D003985F
:10359000002802D003F060FBEBE7204603F062FB5B
:1035A000E7E7C046026000003C85002080B50A467F
:1035B0000021FFF72DFF4142484180BD80B5FFF754
:1035C00051FF4142484180BD80B5FFF799FF41421C
:1035D000484180BD80B5FFF7B1FF4142484180BD01
:1035E000F0B593B07E48012103F042FB002600288D
:1035F00000D1D9E07B4803F041FB002800D1D3E0A3
:10360000794803F041FB002800D1CDE07748012440
:10361000214603F03FFB002800D1C5E004200090C4
:103620007348744A10210B4603F03AFB002800D17E
:10363000BAE07148062103F039FB002800D1B3E05D
:103640006E48022103F038FB002800D1ACE02502CF
:1036500000206B496B4A131859601D8149191C30B1
:103660007028F8D100206849684A13185960282644
:103670001E8128311C307028F7D165480D9064A058
:1036800041688268C06810900F920E910DA803F0F7
:1036900019FB002800D186E001940020604A614BAC
:1036A0001918CA600D824121890052183030302823
:1036B000F6D00395BF20C5435B4F28465B4A1418DC
:1036C000CC22A750D023E6522C373030F6D10292CC
:1036D0000024574F57480019C7600A4603990182D2
:1036E0001146BF183034302CF4D05349534C029A51
:1036F00060198150C6522C313035F9D150A104A83F
:10370000024678C978C278C978C203F0E1FA002885
:10371000039C48D000205249524A13189C8199605A
:10372000091920302028F8D04E480222214603F003
:10373000D5FA002837D000204B494C4A11501318B5
:103740009C80091910301028F8D0484802222146E0
:1037500003F0CAFA0026002826D045480DAA1146D3
:1037600038C838C138C838C14020082103F0C2FA2F
:103770004049086000281AD03F4804AA114638C8BA
:1037800038C138C838C138C838C13C48002631462D
:1037900003F020FA07463A480760002F0BD039485B
:1037A00003F0AEFA0AE00026304613B0F0BD384808
:1037B00004F0D4F8F8E7344804F0D0F8019C002F66
:1037C000F2D003F0A3FA0398F43003F0A5FA7D20B9
:1037D00040012E4903F0A6FA03F0AAFA2646E3E7D1
:1037E00070980020409B0020089A0020E093002061
:1037F000B89D0020C89D0020C89F0020589D002033
:10380000F8A30020289C002008AC0020D89D0020B0
:10381000289C002000010400D89D002028000400FE
:1038200000AA0020F89C002058AD0020089F00202E
:10383000F8A70020989C0020A8AC0020489E0020FB
:10384000F89C002000010200089F002028000400CE
:10385000989C002000010200489E002028000400DF
:10386000F89F0020A0930020F8A10020509800208D
:10387000B080002094AE00208C800020BD5000203D
:103880005CAE0020396F00200D820020AC0D0000DE
:10389000F68100205A480088081A41424141C80078
:1038A0007047C046F0B583B03B4900253B4B2846E6
:1038B0002A4601F095FB002867D0009501958120EC
:1038C0004300374C284621462A4601F01DFB0028BC
:1038D0005BD04B4908800D20019032480090611C5C
:1038E00000200223024601F00FFB00284DD00E26D7
:1038F00001962D480090A11C0025022328462A4647
:1039000001F002FB002840D01227019727480090C1
:10391000E11C0296022628462A46334601F0F4FAB4
:10392000019723480090211D28462A46334601F07E
:10393000EBFA01971F480090611D28462A4633463E
:1039400001F0E2FA01971C480090A11D28462A4682
:10395000334601F0D9FA0298019018480090E11D11
:1039600028462A46334601F0CFFA07200190144832
:1039700000902D34284621462A46334601F0C4FAE9
:1039800001F0F4FA03F0DAF903E00E4803F0E6FF81
:103990000125284603B0F0BD0A180000E48000208D
:1039A000232A000048810020588100200C8100203B
:1039B000208100206881002034810020FC800020CC
:1039C000AC840020D781002010B50D4800888142CA
:1039D00014D10820002B10D00A490A6849681971CF
:1039E0001A700C0EDC710C0C9C71090A5971110EC5
:1039F000D970110C9970110A597010BD002010BDBA
:103A0000AEC20020E0EC0020014800887047C046AC
:103A1000A6C2002070B5401E622800D9AEE14D1C40
:103A20004000C04678448088400087446200E0003F
:103A3000A3002A015001BE00F6000B0178015F01CE
:103A4000A701A701A701A701A701A701A701A70136
:103A5000A701A701A701A701A701A701A701A70126
:103A6000A701A701A701A701A7018800CE00910027
:103A70007F00A7011B0121019001A701A701A70158
:103A8000A701A701A701A701A701A701A701A701F6
:103A9000A701A701A701A701A701A701A701A701E6
:103AA000A701A701A701A701A7018701A701A701F6
:103AB0007900A0009D017C008E008500DD00820061
:103AC000A301A701A001A701A701A701A701A701C1
:103AD000A701A701A701A701A701A7018B00A701C3
:103AE000A701A701A701A701A701A701A701BB0083
:103AF00027018878CA7812021218E0480C4611464D
:103B000003F098F8A078E17809020918DC4803F07E
:103B1000DBFCA078E17809020818D749088070BD5D
:103B20000978A04828E109789B4825E10988A4483C
:103B300022E1097894481FE1097895481CE1098839
:103B4000A24819E10978984816E10978914813E1EB
:103B5000881C00220C46114603F0F6F80146207836
:103B6000627812021218974803F0F4F870BD0978D1
:103B70008B4801E108794A7912021418CB782A7827
:103B8000B5480E46214603F0EBF830797179090209
:103B9000091828786A7812021218F378AF4803F0EF
:103BA00093FC70BD09788148E6E0287869780902BD
:103BB0000918A878EA7812021218A879EB791B0282
:103BC0001B18954803F0D2F870BD881C00220C46E3
:103BD000114603F0B9F801462078627812021218F3
:103BE000794803F0B7F870BD09786848C4E0CA782E
:103BF0002B789F480C46194603F0BEF82878697860
:103C000009020918E2789B4803F05EFC9A490020FB
:103C10000880012103F0B6F870BD8878CA781202D6
:103C200014184B790A797A480D46214603F098F822
:103C3000A878E978090209186B792A79754803F0A0
:103C400043FC70BDCA782B7887480C46194603F0B0
:103C500093F82878697809020918E278834803F014
:103C600033FC70BD0878497809020918534883E08D
:103C70008A780978504803F07FF870BD0978544875
:103C80007AE008794A791202121866480C46114601
:103C900002F0D0FF211D6448082203F079F8207952
:103CA000617909020818A1790904E279120651180C
:103CB0000A18207A617A09020818A17A0904E37ABD
:103CC0001B0659180B1859A003F0FEFB70BD0B8999
:103CD000CA888C8851480D46214603F047F82B8945
:103CE000EA88A9884E4803F0EFFB70BD08784A784F
:103CF000120213188878CA781202121835480C4636
:103D0000194603F04BF82078617809020918A07869
:103D1000E2781202121830A003F0D6FB70BD2878AA
:103D20006978090209184E4802F084FF28786978FA
:103D3000090209184B4803F0C7FB70BD0B78C8781F
:103D40004042C2B21A48194603F016F870BD08780E
:103D50004A7812021318887AC97A09020A18154893
:103D6000194603F01BF870BD09780C4804E0097887
:103D7000034801E00978034802F05CFF70BDC046CB
:103D80002BA000002AA0000029A0000028A000000D
:103D900027A0000026A0000025A0000024A000000D
:103DA00023A0000022A000002CA0000033A00000EF
:103DB00021A0000016A0000015A0000014A0000023
:103DC00013A0000012A0000011A0000010A000002D
:103DD00034A000000FA000005B4D53475F424C45EC
:103DE0005F4D54555F45584348414E4745445F49F0
:103DF0004E445D2048616E646C65203D203078251E
:103E0000582C206D7475203D2025640A00000000A8
:103E10000EA000008D8200200DA000000CA000006C
:103E2000E08300200AA000000BA000005B4D534778
:103E30005F424C455F4C4C5F464541545255455F8F
:103E4000494E445D2048616E646C65203D203078A9
:103E5000254C580A0000000009A0000055830020EE
:103E600008A000002683002007A00000DC820020BC
:103E700005A00000A7830020A6C2002003A0000028
:103E80004F84002080B5024802F08EFF80BDC046FE
:103E9000154100202F480088411A48424841704788
:103EA0002C480088884205D10120002B01D0002138
:103EB0001970704700207047F0B583B014460D4666
:103EC0000146202D00D320251F4F38462A46FEF7F5
:103ED00079FE200A1D4E707034700320C10200204C
:103EE0001B4B024601F07CF80124002828D00097E3
:103EF00001951520450200200227294602463B462F
:103F000001F002F800281BD000960197691C0026DA
:103F1000304632463B4600F0F7FF002810D00096AE
:103F20000196A6358120430030462946324600F0EE
:103F3000EBFF002804D00749088001F017F8344649
:103F4000204603B0F0BDC046DCC10020D8C100202F
:103F5000F0800020A4C2002000207047F0B597B088
:103F60000124A1024548464A10252B4601F096F847
:103F700044A00BA94CC84CC14CC84CC147A002AAD4
:103F80001146C8C8C8C1C8C8C8C12421284602F003
:103F900011FF48490860002812D047A011AA114615
:103FA00068C868C168C868C10820802102F002FFA3
:103FB00047490860002807D103204003401C01E066
:103FC0000320400302F04EFE40200C210BAA02F019
:103FD00091FE4049086000281CD03FA002AA11466B
:103FE00068C868C168C868C168C868C1434800211A
:103FF00002F0F0FD42490860411E05468D4100284F
:1040000033D0802002F0DCFE3E4802F0DFFE002DBF
:1040100003D127E00025002D24D026020096102190
:1040200028220823204602F0D7FE6836364831465B
:1040300002F0D8FE33208101344802F0D9FE344822
:104040000221302202F0DAFE02F0DEFE314802F0F8
:10405000E1FE314802F0E4FE304802F0E7FE30486D
:1040600002F0EAFE284617B0F0BD032040030930F5
:1040700002F0F8FD002DD0D1F4E7C04620DC00208E
:104080001CC20020388200200000000008850020AB
:1040900034000000408500200006000072820020ED
:1040A00000000000E8EC00202400000098BF002081
:1040B0004002000004C200204B82002000000000EB
:1040C0000CED00202400000098BB0020000400003C
:1040D00000C200203C850020658200200100000015
:1040E000C084002044000000408B00200008000035
:1040F000200000000000000000000000613C0020E3
:1041000004850020616E0020B8CA002020E0002055
:1041100040930020AD3C0020C93C0020D53C00204D
:10412000BD3C002010B502F0C7F900240221204652
:1041300002F044FD124804220260FF2000041149ED
:104140000B6883430B60104802600F200321072394
:1041500002F078FE00F03CF8FFF742FA002807D0A2
:10416000FFF7FCFE002805D000F07CFE204610BDC5
:1041700006A000E00CA003F0F1FB012010BDC0463A
:1041800080E200E000E400E000E100E0626C655FD6
:10419000636F6E74726F6C6C65725F696E697420A8
:1041A0006572726F722E0000626C655F686F737467
:1041B0005F696E6974206572726F722E0000000074
:1041C00080B502F045FE80BD80B502F047FE80BD9F
:1041D00010B52B4802F048FE2A4802F04BFE2A4850
:1041E00002F04EFE294802F051FE294802F054FE2A
:1041F000284802F057FE284802F05AFE274802F0ED
:104200005DFE274802F060FE264802F063FE264865
:1042100002F066FE254802F069FE254802F06CFEB9
:10422000244802F06FFE244802F072FE234802F098
:1042300075FE234802F078FE224802F07BFE2248F9
:1042400002F07EFE214802F081FE214802F084FE49
:10425000204802F087FE204802F08AFE1F4802F044
:104260008DFE1F4802F090FE0020C44320462146E8
:1042700002F090FE2046214602F092FE10BDC0469C
:10428000D3BC0200B3BC0200BBBC0200CBBC02002A
:10429000C3BC0200B9550100695601006127020044
:1042A0000127020015270200710B02005D240200A5
:1042B000312602009D2502008D260200F92502000C
:1042C000C52602007D270200752702007D0B020033
:1042D000D9E9030001E803003DE70300C5EA030054
:1042E0009DEA0300F0B58DB0022002F05FFE0924C4
:1042F00001AE0625204631462A4602F05DFE3178A1
:1043000070780A460243120605D10BA8264981801F
:1043100026480B9012E0C2B20BA8C27001AA5379D2
:104320004371937883700B090901C9180171D17821
:104330003F23194041701179194001700BA802F018
:1043400041FE1B4807A90A46C8C8C8C20388138093
:10435000807890700026304602F03AFE06A98D70F3
:10436000812040000880032530462A4602F036FEB0
:1043700001AF7C7013203870B81C0EA11222FEF71A
:1043800021FC14223046394602F02EFE304602F05F
:1043900031FE05211022284602F032FE012130466E
:1043A00002F0F0FC0DB0F0BD03BA000055404D0323
:1043B0007C80002053757065725F536D6172745F0D
:1043C0005261636B65740000AAB002F01FFE089092
:1043D000EBA003F0C3FA13A80F30009024A80C3010
:1043E0000690002501200B900A950C9510952E46FD
:1043F0000F950D951195099504E000250A202E468C
:1044000002F0E2FB129600F0FBF9074600F0FCF91F
:10441000044610982E4685B202F0FEFD0E90AF4283
:104420003546129E02D10F98844206D0E1480068BA
:104430001190002510972E460F94384600F0EAF9A7
:104440000028DAD0DB490868002800D11190F00775
:1044500001D0119AAEE008462838006800220D927B
:10446000D54A904200D097E00C681198844200D160
:1044700092E0002C00D18FE00120204000D08BE0A2
:10448000BFF35F8F0020CB4B19181839097824AA85
:104490001154401C1828F7D10020069E1918097ED7
:1044A0001BAA1154401C2428F8D1BFF35F8F186851
:1044B000844211D1039424A80024C474C471BF4D54
:1044C000296824A8FEF790FB002808D02D1D641C45
:1044D000072CF5D1FF2003E000200D905CE0E0B256
:1044E00007900024B54D29683046FEF77DFB002873
:1044F00005D02D1D641C072CF5D1FF2600E0E6B287
:1045000000200D900798062846D8062E44D82998F2
:104510000590269D00212846FEF70AFC00283BD185
:104520007F20C40528462146FEF710FC002833D121
:1045300001960021059E30461291FEF7F9FB0028F6
:104540002AD1029530462146FEF700FC002823D1EF
:104550000497129E1BA8855928462146FEF7F6FBB4
:104560000746401E874128461299FEF7E1FB0028C6
:104570000B9800D1384600280BD1361D1C2EE9D1EE
:10458000079DA8001BA908580299FEF7EDFB00281B
:104590006BD112980D90049F0D9A501E16468641BD
:1045A0001698C0B2811F48424841304000D1119A4C
:1045B000464000250220F1071BD0119212902020C6
:1045C000411B38468FB2044600F038F9874200D3C9
:1045D0000746002F11D0A8B213A9091820463A4661
:1045E00000F038F90146002800D1ED1922460F46A7
:1045F00005E0119202F0E8FA04E700272246002FB6
:10460000119C16D00C98002805D00A980E99081A0B
:104610000899884206D3ABB26CA0394602F054FF29
:104620000E980A900C98401C0C900A2002F0CCFACC
:1046300013E00D9841424141A8B220280B9A00D1C5
:104640000A46002A00D10D9C203841424141099A76
:1046500052180992411E884106401194002F129869
:1046600000D0CFE602F0B0FACCE6239E340C601EF8
:104670008441019880001BA908580599FEF774FB36
:1046800000280B98049F00D02046002812980D9017
:1046900082D10596002414940999080E13AEF07186
:1046A000080CB071080A7071317116943573159445
:1046B0002298010EF172010CB172010A717230720E
:1046C00002983F49FEF7F7FA07462146FEF730FB0E
:1046D00000281294254600D13D462846384C2146F4
:1046E000FEF734FB002800D12C463F210906204666
:1046F0000D91FEF787FAFEF745FB7073129C1A9432
:104700001994189417942F481390009E0DE0284692
:104710000D99FEF777FAFEF735FB711E0870000A57
:104720003070B61C241D1C2C15D01BA8005926491E
:10473000FEF7C1FA0546129F3946FEF7F9FA00283E
:1047400000D12F463846204D2946FEF7FFFA0028B3
:10475000DDD13D46DBE713A805990177090A4177CA
:1047600000210846039B13AA525C8018491C1E298D
:10477000F9D113A98877000AC8770D930BE7C046D3
:1047800043502070696E706F6E20763520737769A4
:104790006E67207231303A205632206F6E6520707D
:1047A00061636B657420706572206576656E740D4B
:1047B00000000000285C012044524853C8800020BB
:1047C00000007F43AA55010200401C46424C452090
:1047D0006E6F74696679206661696C65643D256CED
:1047E0007520636F6E6E3D2575206F666673657408
:1047F0003D25753B2072657472790D0A000000003A
:1048000080B5FFF701F980BD014800687047C046D8
:1048100048F60020B0B5002400280CD00546FFF76C
:10482000F3F8854207D122480088854203D1214808
:104830000078012404402046B0BDC04680B502F097
:10484000F1FB162802D8142080B280BDC01E80B2B1
:1048500080BD0000F0B581B00124002825D00029DA
:1048600023D0002A21D005460E461746FFF7CCF884
:1048700085421AD10E480088854216D10D4800782D
:10488000C00712D0284602F0CDFB162801D814200C
:1048900000E0C01E80B2874207D82248018828461F
:1048A0003B46324602F0C4FB0446204601B0F0BD50
:1048B00044F6002046F6002070B582B00124E102E3
:1048C0001448154A102300F0E9FB144E0025144B40
:1048D000284631462A4600F083FB002816D0009572
:1048E000019511200301701C81B228462A4600F070
:1048F0000BFB00280AD00B49088002F09FFB0A49F5
:104900000880002802D000F031FB2C46204602B07F
:1049100070BDC046C0ED0020C0F50020F0FF0000D3
:10492000B484002042F6002040F6002003480449E9
:1049300001600448044901607047C046300B002004
:10494000A16F00202C0B0020C951002010B582B0AF
:104950000E490A68002A0CD00D490B881468E054EF
:1049600094885A1C93B2A34200D300220A8002B05A
:1049700010BD01A90870074A1368012204461846B1
:1049800002F062FB204602B010BDC04608C2002003
:10499000A8C2002010C200200148024901607047EF
:1049A000280B0020A950002080B5FEF7F3FB7D20E6
:1049B000800002F0AFF8FEF73DF880BD82B00A4DEE
:1049C0000AA403E00146204602F07EFD286800228A
:1049D000D343694602F034F90028F3D101990098D5
:1049E00002F038FBF2E7C04694AE00206C6C635FC7
:1049F0007461736B20676574206D736720666169ED
:104A00006C65643A25750A0080B5FEF7EFFB02F08D
:104A100027FB80BD10B5FFF7F3FE0024002801D06E
:104A2000204610BDFFF7CCFB0028F9D0FEF7A2FB13
:104A30000028F5D0FEF756FB02F018FB01242046B3
:104A400010BD000010B5094B1960094908700948EC
:104A5000026001200024214602F02CF803210A22E2
:104A60000523204602F0EEF910BDC046BCED002043
:104A7000FCC10020B8ED00208AB009A001AC21469D
:104A80002CC82CC12CC82CC12CC82CC102F0F4FAA3
:104A90000C480021224602F09DF802F0F3FAFEE7EE
:104AA000778400200100000030ED00204400000069
:104AB000B8C2002000040000180000000000000040
:104AC00000000000653900200C460546FEF78EFB0D
:104AD00006A002F043FF09A0294602F0F5FC0CA055
:104AE000214602F0F1FCFEF755FBFEE76F732065EF
:104AF0007272206F6363757273000000636F646588
:104B000020202020203A203078253038580A000014
:104B10006F626A6563745F69643A20307825303863
:104B2000580A0000F0B583B01C4616460F460290A6
:104B300009891348089D2A4602F030F9F888C00513
:104B400013D402943C8A0E48401C2146324602F09F
:104B500025F9A01B81B2A94200D80546AAB27869FE
:104B600081190298FEF72EF807E03989009502981E
:104B70003246234600F0E4FD0546A8B203B0F0BD7E
:104B800015510000F0B585B01D4616460F460121AF
:104B900001701478384602F07BFA002800D16EE0EC
:104BA000009701950746C8379D490546481C214690
:104BB00002F040F8D8350295601E512800D9D9E09E
:104BC0004000C046784480884000874451005D0022
:104BD0006F0095009A00A100A700AE00B400BB00D2
:104BE000C000C700CC00D300D300D900DF00E6002E
:104BF000EC00D300D300F300F90000010501D3005D
:104C00000C01D30013011A01D300D300D300D30049
:104C1000D300D300D300D300D300D300D300D300FC
:104C2000D300D300D300D300D300D300D300D300EC
:104C3000D300D300D300D300D300D300D300D300DC
:104C4000D300D300D300D300D300D300D300D300CC
:104C5000D300D300D300D300D300D300D300D300BC
:104C6000D300D300D300D300D300D300D3001E0160
:104C7000029C20463146019A02F010FACBE06848C7
:104C800001F0F0FF05B0F0BD3846314602F00CFAF5
:104C90000028029C00D0BEE004A900980880388853
:104CA00048800A20042202F005FAB4E001213046CF
:104CB00002F006FA7A889042014600D311463A88FB
:104CC000914202D2172900D339803A7854498B1C7B
:104CD000C1B2184602F050F80220B8713988009C21
:104CE000204602F0F3F903A90C80388848800A2096
:104CF000042202F0DFF98DE03846314602F0ECF98B
:104D000088E0029C20463146019A02F0EBF982E0ED
:104D100038463146019A02F0EBF97BE0029C2046CE
:104D20003146019A02F0EAF975E038463146019AB7
:104D300000F0ECFA6EE0029C20463146019A02F047
:104D4000E3F968E03846314600F0D6FB62E0029CA9
:104D500020463146019A02F0DDF95CE038463146E2
:104D600000F066FA56E0029C20463146019A02F0B5
:104D7000D7F950E006223846214602F0D7F949E03B
:104D800038463146019A02F0D7F943E0029C2046AA
:104D90003146019A02F0D6F93DE038463146019A93
:104DA00000F042FC36E0029C20463146019A02F0B7
:104DB000CFF930E038463146019A00F0D1F929E0C8
:104DC000029C20463146019A02F0C8F923E0384699
:104DD000314600F093F91DE0029C20463146019ACD
:104DE00002F0C2F917E0029C20463146019A02F017
:104DF000C1F910E0029C20463146019A02F0C0F948
:104E000009E0384600F0D4FB04E038463146019A08
:104E100000F0DDFB029C204602F0B8F905B0F0BDC1
:104E2000145200000148024941607047BC0A00204A
:104E30008552002010B50C46C988C90503D52189C3
:104E400000F066FC208210BD0148024901617047F4
:104E50006409002059550020012101700048704765
:104E6000FFFF000080B5114802F040F8104802F042
:104E700043F8104802F046F80F4802F049F80F488E
:104E800002F04CF801F01AFA01F04AF801F032F899
:104E900000F09CFC01F034F801F012F800F09CFCEA
:104EA000FFF7D2FFFFF7BEFF80BDC046D5690020E7
:104EB000A16A00200D6A0020FD6A0020696A0020B6
:104EC000B0B501468B4A1088002810D013888A4A52
:104ED0001468002204E00834521C9A42184608D292
:104EE00025888D42F7D865888D42F4D302E00022F0
:104EF00000E01846D100804B1B685918496800290A
:104F000000D01046B0BDC046F0B581B01C46174673
:104F10000D461549079B069A00280DD00D46002F17
:104F20001BD03846214602F037F90646681C10228D
:104F3000394601F02DFF0AE028460F46214602F0CF
:104F400031F90646B81C294601F074FE3D46E81CBE
:104F50003146224601F022FF03E0284601F082FE9E
:104F60000026304601B0F0BDA5520000F0B581B07A
:104F700060480188002912D002885F480368002039
:104F800004E00833401C9042114606D25C88002C95
:104F9000F7D11C88002CF4D002E0114600E000207C
:104FA0000E4C884206D181B2204601F043FE00201B
:104FB00001B0F0BDC60002F0FBF805464E4F386860
:104FC0008019458002F0FAF80246601C294601F07B
:104FD000E5FE38688019408801B0F0BDA35200009A
:104FE000F0B583B001920E46424D29880024002975
:104FF00002930FD0404A12681788002F0AD02988E0
:10500000083201231C468B4204D2631C17880832E5
:10501000002FF7D18C4205D1A1B21F4801F00AFE42
:10502000002735E01C4D002813D02E46019D002D91
:105030002AD00520C102284602F0C6F80746B01C57
:1050400010222946354601F0A3FE002F0DD100277E
:105050001EE00520C102304602F0BCF80746E81CFD
:10506000314601F0E7FD002FF1D0E0002249096848
:105070000F5208180299416000214180281DA2B2F8
:10508000394601F08BFE03E0701C01F0EBFD0027B8
:10509000384603B0F0BDC04699520000F0B581B06B
:1050A000134D00281FD0002A1DD00C4600291AD00D
:1050B000002B18D00F490B800F490A6000210F46C2
:1050C0000E46FF00D151761CF7B29F42F9D3002261
:1050D00000922146134602F083F8681C214601F035
:1050E000A9FD01B0F0BD284601F0BCFD01B0F0BD46
:1050F0009752000008AE00200CAE002070B582B0C0
:105100000E460446102002F071F800280AD0054629
:105110006189A0887278002300930193012A06D048
:10512000032205E00D4801F09DFD02B070BD022292
:1051300000F026FB010607D0C3B218210022284642
:1051400002F05AF8024602E0192028700122A088D5
:10515000294602F057F802B070BDC0462351000046
:10516000F0B58BB004920C4605460121204601F0B3
:10517000A7FF07460321204601F0A2FF03902E4619
:105180002888001D80B202F031F8002813D00546AF
:1051900005A8394602F03CF8002811D005A8C088BF
:1051A000010701D5C00512D4162128463A4602F05F
:1051B00035F8024628E01D4801F054FD0BB0F0BD63
:1051C000162128463A4602F02FF802461CE005A9AF
:1051D000304602F02FF8002801D003460EE0B088D8
:1051E0000499491F89B2621D00920191012239463A
:1051F000039B00F0C5FA01060CD0C3B21621284665
:105200003A4601F0F9FF0246B088294601F0FAFF5C
:105210000BB0F0BD28462146049C2246FDF7D2FC87
:105220001720287077812246EEE7C0462251000001
:10523000F0B589B00D4604460121284601F040FF33
:1052400006460321284601F03BFF029003A83146A1
:1052500001F0DEFF07462088001D80B201F0C6FF86
:1052600000280CD00546002F0ED003A8C088800768
:1052700010D40C212846324601F0E2FF3BE02248E0
:1052800001F0F0FC09B0F0BD0C212846324601F0D7
:10529000CBFF30E003A9204601F0CCFF002806D068
:1052A00003460C212846324601F0A6FF23E0A088E1
:1052B00003AF3946FFF7BEFD388A029A824205D90C
:1052C0000C212846324601F0C1FF14E0801A411C2F
:1052D0002088814203DD1018401E03A90882079828
:1052E000801A81B2A08800916B1C03A9FFF71AFCF9
:1052F0000D212970401CA18882B20846294601F080
:1053000081FF09B0F0BDC0461F510000F0B591B05B
:1053100014460E46074601213046099101F0D0FEA1
:1053200005460321304601F0CBFE024671480A953E
:1053300029460546089201F031FD7279681C214624
:1053400001F02CFD07973888001D80B201F04EFF58
:10535000002804D00746082C06D3102005E0A81C1E
:1053600001F080FC11B0F0BD022006900A9A089965
:10537000501E80B288420AD2701D05900BA801F021
:105380006BFF002603960296099804900FE008210F
:10539000384601F049FF9EE00BA9079C204601F02A
:1053A00049FF002834D00390099C002C75D10BA82C
:1053B00001F058FF002870D00BAC204601F058FFD8
:1053C0002289A188E81C01F0E9FC0E980178407858
:1053D0000002401882B2E188281D01F0DFFC20891C
:1053E0000028E1D000240A998842DED30899884237
:1053F000DAD80BA80599069A01F040FF0028D4D00E
:105400000BA8C0888007C7D43004CED10D9ECCE74E
:10541000A0880BA9FFF70EFD0F98801C049989B294
:1054200000220392022904D382B2029B9BB29342D0
:10543000BAD1012903D17870049B5B1C01E0049B65
:105440000298029080B299B20A182088824204938E
:1054500006D90229A8D8001F0BAA1082801C7870D8
:105460000BAC2289384601F00FFF07988088218A0B
:1054700000910499891C049189B27B18002203923F
:105480002146FFF74FFB0446681D214601F0D2FB81
:10549000049820180490039C87E7049988B2022896
:1054A00002D30920387017E00399080606D0CBB262
:1054B000082138460A9A01F09FFE0CE0300405D01E
:1054C000B2B20821384601F0BBFE04E0082138469C
:1054D0000A9A01F0DFFE0146A81D8CB2214601F0B8
:1054E000A9FB079880883946224601F08BFE11B04F
:1054F000F0BDC04617510000F0B587B00A4604461B
:105500000121104601F0DCFD064601A8314601F0FC
:105510007FFE07462088001D80B201F067FE00284C
:105520000CD00546002F0ED001A8C088800710D4EB
:105530000A212846324601F083FE2EE01B4801F086
:1055400091FB07B0F0BD0A212846324601F06CFEFF
:1055500023E001A9204601F06DFE002806D0034695
:105560000A212846324601F047FE16E0A08801AE27
:105570003146FFF75FFC2088318A814202D3401E0A
:1055800001A90882A08801A90A8A00926B1C002246
:10559000FFF7C8FA0B212970401CA18882B2084687
:1055A000294601F02FFE07B0F0BDC0461E51000095
:1055B00080B582B00189002907D00023038180884B
:1055C00000930193042200F0DBF802B080BDF0B537
:1055D00089B015460C4607460121204601F070FDB2
:1055E000064603A8314601F013FE00280CD04120E6
:1055F000800003A9C9880140814205D103A938462A
:1056000001F018FE002801D009B0F0BDB888E91EED
:1056100089B2E21C0092019100223146134600F04B
:10562000AFF809B0F0BD0000F0B58BB003920C46A6
:10563000074601260846314601F042FD014605A80D
:10564000049101F0E5FD0546102001F0CFFD002892
:105650000CD0002D0FD005A9CA8811073D4613D4E0
:1056600012210446049A01F0D9FD1AE0274801F0FE
:10567000F9FA0BB0F0BD12210446049A01F0D4FDF2
:10568000214606463D460EE005A9D20511D4098AF9
:10569000C91C039B99420CD212210446049A01F0C2
:1056A000FFFD21460646A888324601F0ABFD0BB04F
:1056B000F0BD002AD4D5074605A9284601F0BAFD59
:1056C000002805D0034612213C463846049A13E0D0
:1056D000A8880399C91E89B2E21C00920191002298
:1056E000049C2146134600F04BF8010609D0C3B2D2
:1056F000122122463C46384601F07EFD39460646D8
:10570000D1E7132039463870CDE7C046215100005B
:10571000B0B50C4605460846FFF7D2FB01462948BE
:105720000288002091420AD0C900274A1268511805
:1057300049680A68002A02D0284621469047B0BD31
:10574000F0B581B01C4615460E4607460846FFF7E1
:10575000B7FB01461B480288002091420ED0234629
:10576000C900194A1268511849684C68002C05D0C4
:1057700006980090384631462A46A04701B0F0BD51
:10578000F0B583B01C4615460E4607460846FFF79F
:1057900097FB01460B4802880020914210D0234617
:1057A000C900094A1268511849688C68002C07D052
:1057B0000998089900910190384631462A46A04739
:1057C00003B0F0BD08AE00200CAE0020084801492F
:1057D000C1647047FD620020092040010449054A68
:1057E0000A50E2480021044A026041607047C04606
:1057F000500B0020396B0020ED490000F0B587B058
:105800000546D8482E184520000128180290F8486F
:105810002B5C0391497B9768D0682C465034027802
:10582000002B45D0002965D0092A00D0B1E0FF2126
:1058300009020F40092109028F4200D0FCE0027AE0
:1058400004A90A72027943791B029A188379C579EF
:105850002D02EB181B049A180592027843781B025C
:105860009A188378C0780002C01800048018049049
:10587000481C01F01BFD07460D4601203070002634
:10588000039A967210208143B9482F303840029B0A
:1058900003C3517BB448401C01F0CCF9B64A3A40EE
:1058A00051208543218830462B4601F005FD55E106
:1058B000002970D0092A00D1CAE0072A00D008E1E7
:1058C000FF231B021F40012673029F4200D015E1F7
:1058D00040780E2800D041E1002603988672A24845
:1058E000401D01F0A7F921881A203246334601F005
:1058F000E3FC33E10E2A00D09CE0FF21090239408D
:1059000009231B02994200D0E7E0027A04A90A7237
:10591000027943791B029A188379C4792402E31827
:105920001B049A180592027843781B029A18837810
:10593000C0780002C018000480180490481C01F0D0
:10594000B5FC0191894A0ACA894A00900840114071
:105950002F2404400A191027BB43284601F0B2FC4B
:10596000002800D1F7E00246F84301213170814957
:1059700091610399D161019B034000987C4E3040B6
:105980000443029804604360284601F0A1FC00260D
:10599000E4E00126E2E0082A00D09CE0FF210902B1
:1059A000394009231B02994200D0C1E0027A04A9C0
:1059B0000A72027943791B029A188379C479240206
:1059C000E3181B049A180592027843781B029A1870
:1059D0008378C0780002C018000480180490481C26
:1059E00001F064FC0191614A0ACA614A00900840D2
:1059F00011402F2404400A191027BB43284601F008
:105A000061FC002800D1A8E00246F8430121317072
:105A1000584991610399D161019B03400098544E0C
:105A200030400443029804604360284601F050FC73
:105A3000002693E0012691E02846039C214601F0D0
:105A40004DFC0026A672617B474801F0F3F885E023
:105A5000FF2109020F4009210902434B8F425AD10D
:105A6000027A04A90A72027943791B029A1883798F
:105A7000C5792D02EB181B049A1805920278437819
:105A80001B029A188378C0780002C018000480189E
:105A90000490481C01F00AFC07460D4601203070B6
:105AA0000026039A96721020814331482F303840E7
:105AB000029B03C3517B2C48C01D01F0BBF82E4A4A
:105AC0003A4051208543218830462B4601F0F4FBB3
:105AD00044E0012642E0012640E02846039D294695
:105AE00001F0FCFB204CA01C394601F0FDFB002618
:105AF000AE72697BE01C01F09DF82FE02846039C04
:105B0000214601F0EBFB0026A672617B1648001DC2
:105B100001F090F822E02846039C21461D4601F042
:105B2000DDFB0026A672617BA81D01F083F815E05D
:105B30002846039C214601F0D1FB0B4D2846083036
:105B4000394601F0D1FB0026A672617B0935284653
:105B500001F070F802E0022600E00226304607B0AD
:105B6000F0BDC04649040000CE36000010AE002053
:105B700000CF87F7A98002002FCF87F770B50028E4
:105B800010D00D4600290DD0002A0BD0D16809781D
:105B900000240E290FD0082927D11549405C002880
:105BA00023D10CE01620492100242246234601F08F
:105BB000A1FB204670BD0E49405C002815D0012491
:105BC0002C730026EE72FF2004302881304601F04D
:105BD00097FB03C50748EE806E716E61AE61E861A8
:105BE000AC700548314601F025F8204670BDC0462E
:105BF00051030000FD5E0020CD36000010B50446C4
:105C000000F026FD002802D00C21012006E000F063
:105C1000F9FC002801D1014600E00C212070084663
:105C200010BD000010B50A46002911D00446906B43
:105C300000280DD0107C072811D0062816D0052882
:105C40001DD110480068D060104600F023FD13E01D
:105C50008520C1001C20002301F04CFB10BD094829
:105C60000068D060104600F019FD05E005480068A6
:105C7000D060104600F018FD0120207010BD0020FB
:105C8000207010BD50080020B0B50D4600290FD07F
:105C90000446A86B00280BD0287C07280FD00628C4
:105CA00012D0052817D12846114600F0F4FC0FE069
:105CB0001C200A4900232A4601F01CFBB0BD2846DF
:105CC000114600F0EEFC03E02846114600F0F6FC19
:105CD00001202070B0BD00202070B0BD8D040000F8
:105CE00010B50A46002918D00446906B002814D03D
:105CF000107C072817D0062823D0052831D140482A
:105D00000178D068484318490968884200D801469C
:105D1000D160104600F0C0FC20E01C201349002395
:105D200001F0E8FA10BD36480178D06848430E49C2
:105D30000968884200D80146D160104600F0B2FCE4
:105D40000CE02F480178D068484307490968884229
:105D500000D80146D160104600F0CFFC0120207031
:105D600010BD0020207010BD540800205304000016
:105D7000B0B50D46002919D00446A86B002815D0EF
:105D8000287C072819D0062826D0052835D1E868B0
:105D90001B490978FDF70FF81A490968884200D3B2
:105DA0000146E960284600F078FC23E01C201649F3
:105DB00000232A4601F09EFAB0BDE8681049097830
:105DC000FCF7F9FF0F490968884200D30146E960F2
:105DD000284600F068FC0DE0E86809490978FCF7FE
:105DE000EAFF08490968884200D30146E96028466D
:105DF00000F096FC01202070B0BD00202070B0BDE6
:105E00005C08002058080020B5040000B0B5044626
:105E1000012500F085FB002801D0284608E000F0AD
:105E200017FC002801D0012002E000F0EBFB054642
:105E300020702846B0BD70B504460C26012500F040
:105E4000A3FB00280BD100F010FC002807D100F0C4
:105E5000E6FB0546002801D12E4600E00C26257001
:105E6000304670BD70B504460C26012500F08CFB51
:105E700000280BD100F0F9FB002807D100F0CFFB80
:105E80000546002801D12E4600E00C26257030463C
:105E900070BD10B5044600F077FB002803D100F078
:105EA000E4FB002803D0002020700C2010BD00F07F
:105EB000B6FB00212170002800D00C2010BD00008E
:105EC000152000011249074A0A5053208000064A53
:105ED0000A502920C000054A0A5051208000044A77
:105EE0000A5070477164002089630020E16300203C
:105EF0002563002006480149016670470D650020B2
:105F000003480449044A054B8363C2630164704734
:105F1000500B002093650020376500206565002048
:105F200070470000B0B584B0002808D004468168EE
:105F3000022001F0EBF9002804D004B0B0BD042029
:105F400004B0B0BDE389A289607C014601F0E4F9A8
:105F50000028F2D16269A369217C607C012500954B
:105F6000019002900025284601F0DCF90028E4D1D8
:105F7000206A01F0DDF90028DFD1A18B606A01F011
:105F8000DDF90028D9D106480570627C03CC01F008
:105F9000DBF90028D1D101F0DDF9284604B0B0BD0D
:105FA0000C0D002070B501260670274800780024EB
:105FB000002801D0204670BDEFF31085EFF310806C
:105FC00072B601F0CDF900280CD0344C20780028AE
:105FD00004D11F4801F0CAF90120207085F3108810
:105FE000012070BD2F490846683800682B4A127896
:105FF000002A1DD030401BD0052208680B6898424B
:1060000004D0531E12061A46F7D1FF22110613D0F0
:1060100023490968814213D90C4A128885F31088F4
:10602000081A5109884200D800263446204670BD1F
:1060300085F31088204670BD85F31088204670BD1A
:1060400085F31088204670BD5F09002022080020DB
:10605000FFFFFF1FB0B501210170EFF31084EFF3D4
:10606000108072B60D4D2878002813D00C480068B7
:106070000C490968814205D2491D814204D201F0D0
:106080007BF905E0642001E04B20800000F042FD38
:106090000020287084F31088B0BDC0465B09002042
:1060A00080000040E8010040B0B584B0002808D06E
:1060B00004468168042001F029F9002804D004B0C6
:1060C000B0BD042004B0B0BDE389A289607C014664
:1060D00001F022F90028F2D16269A369217C607C79
:1060E00001250095019002900025284601F01AF93B
:1060F0000028E4D1206A01F01BF90028DFD1A18B30
:10610000606A01F01BF90028D9D103CC627A01F052
:1061100039F90028D3D10348057001F039F9284630
:1061200004B0B0BD9C0D002070B584B0002808D02C
:1061300004468168062001F0E9F8002804D004B084
:1061400070BD042004B070BDE389A289A17C607C8D
:1061500001F0E2F80028F2D16269A369217C607C39
:10616000A57C01260096019002950025284601F0A5
:10617000D9F80028E3D1206A01F0DAF80028DED14E
:10618000A18B606A01F0DAF80028D8D103CC627ADA
:1061900001F0DAF80028D2D10348057001F0FEF8CA
:1061A000284604B070BDC0469D0D0020B0B584B037
:1061B000002808D004468168032001F0A7F80028D1
:1061C00004D004B0B0BD042004B0B0BDE389A289FE
:1061D000607C014601F0A0F80028F2D16269A36951
:1061E000217C607C012500950190029000252846C5
:1061F00001F098F80028E4D1206A01F099F800280D
:10620000DFD1A18B606A01F099F80028D9D103CCC5
:10621000627A01F0B7F80028D3D10348057001F085
:10622000C3F8284604B0B0BDBC0D002070B584B0E2
:10623000002808D004468168052001F067F800288E
:1062400004D004B070BD042004B070BD638A228AFB
:10625000A17D607D01F060F80028F2D1A17DE068A9
:1062600001F0A8F80028ECD1A269E369217D607DE6
:10627000A57D01260096019002950025284601F093
:1062800051F80028DDD1606A01F052F80028D8D119
:10629000218CA06A01F052F80028D2D103CCA27B55
:1062A00001F070F80028CCD10348057001F088F89F
:1062B000284604B070BDC046BD0D00200248034909
:1062C0008164034941657047200D00205567002017
:1062D000A566002070B50546554E3068002801D0EF
:1062E000012070BD01F072F82846FFF71BFE04463E
:1062F000002801D0204670BD0348306003CD01F076
:106300006BF8204670BDC04684270200F0B581B00E
:106310000446474F3868002801D001261EE001F0EE
:1063200055F803CC637A00252A46083C01F05AF858
:1063300003C42068627A2946083C01F059F8A0603D
:106340002046FFF7B1FE0646284601F057F8002E1A
:1063500004D10448386003CC01F03EF8304601B067
:10636000F0BDC046D427020070B50546304E3068F7
:10637000002801D0012070BD01F028F82846FFF761
:10638000D3FE0446002801D0204670BD034830608B
:1063900003CD01F021F8204670BDC046E42702007D
:1063A000F0B581B00446224F3868002801D001269C
:1063B0001EE001F00BF803CC637A00252A46083C66
:1063C00001F010F803C42068627A2946083C01F005
:1063D0000FF8A0602046FFF7E9FE0646284601F0C8
:1063E0000DF8002E04D10448386003CC00F0F4FF0F
:1063F000304601B0F0BDC046F427020070B5054636
:106400000B4E3068002801D0012070BD00F0DEFF87
:106410002846FFF70BFF0446002801D0204670BD38
:106420000448306003CD00F0D7FF204670BDC04661
:10643000C00D002004280200B0B501230370D0680D
:1064400004780020162C35D87123DB00CB18C04609
:106450007C4424796400A744151A2D0B2D2D2D2D75
:10646000102D0B2D1F2D102D2D2D2D2D242D290000
:106470000846194600F0C8FFB0BD08461946FFF7A8
:106480007DFBB0BD0846194600F0C4FFB0BD08460C
:10649000194600F0C5FFB0BD0846194600F0C6FF1A
:1064A000B0BD0846194600F0C7FFB0BD0846194602
:1064B00000F0C8FFB0BD000080B500F0C9FF00F0DB
:1064C000CDFF00F0D1FF002800D080BD00F0D2FF4A
:1064D000054800F0D5FF022000F068FD0B2000F019
:1064E000D5FF002080BDC04620F50100084909689D
:1064F0000A4A1278824203D80020002907D105E019
:106500003522D20042438818002900D1084670473E
:10651000309B0020014800787047C0460AAE00203A
:10652000F0B581B0FFF7F6FF002827D0044600251C
:106530000126E8B2FFF7DAFF00280FD09930017882
:10654000002907D04078002804D0002037460028D2
:106550000FD114E0304600280BD110E0912001014A
:106560001E202A46234600F0C5FE00273846002894
:1065700005D06D1CAC42DCD1002700E000270120D3
:10658000384001B0F0BD0000F0B581B0FFF7C2FFA8
:10659000002828D0044600250126E8B2FFF7A6FF10
:1065A00000280DD08D30017B002905D0417B0029CA
:1065B00002D00078002811D0304600280AD115E01A
:1065C0001E200C492A46234600F094FE0027384638
:1065D00000280BD06D1CAC42DFD106E0002037460E
:1065E0000028F7D102E0002700E000270120384012
:1065F00001B0F0BD26090000014800687047C046A0
:10660000349B002080B5FFF7F7FF002805D0332129
:10661000C900405C411E884180BD002080BD80B51E
:10662000FFF7EAFF0146002000290AD03322D200FA
:106630008A181278002A04D091310878411E484205
:10664000484180BD014800687047C046389B002023
:1066500080B5FFF7F7FF002805D047218900405C8F
:10666000411E884180BD002080BD80B5FFF7EAFF54
:106670000146002000290CD0472292008A18127887
:10668000002A06D0A531097802220A43032A00D144
:10669000012080BD70477047704770471721817493
:1066A0007047704770477047FF217431826B6423D5
:1066B00053548374501819214170704770B50A46BD
:1066C0000446FF2108462030A36B1E18B920400065
:1066D0001D18185C002807D0FF2A00D8D1B26878AE
:1066E0001A2200F036F868703078002801D00120B6
:1066F00000E00220285CA07470BDB0B50446FF2005
:10670000A16B024620328A5C002A08D074300D1832
:10671000287801211A2200F01CF82870A074B0BD5E
:10672000B0B50446FF20A16B024620328A5C002AE5
:1067300008D074300D1828783221642200F003F854
:106740002870A074B0BD4018904200D80246D0B264
:1067500070475318834200D2421AD0B270470000EB
:10676000F0B585B00646EFF3058002ACA670218037
:10677000E27000250395002800D1ED432A4F002A3E
:106780002BD00193242A15D80092294F3868002174
:1067900000F082FE0390002808D1244F38680024BE
:1067A000214600F079FE0390002836D03868049026
:1067B00003980DE0802A27D800921C4F38680024E7
:1067C000214600F069FE0390002823D03968049127
:1067D0000199009AFCF7F6F9134FF81C314600F0C6
:1067E00029FA1448006802A9002632462B4600F018
:1067F00059FE44424441002812D03A1D81B210464D
:1068000000F018FA34460BE0B81C114600F012FAFA
:10681000002405E00448401C00E0034800F022FA90
:10682000204605B0F0BDC0460460000000C2002054
:1068300004C200203C85002010B582B00191009078
:106840000022EFF30580002801D0134600E0D34377
:1068500007480068694600F025FE0446002803D07A
:1068600004A0214600F030FE6042604102B010BD3D
:1068700094AE0020626C655F7461736B5F73656ECC
:10688000645F6D73675F746F5F6C6C635F7461737B
:106890006B206661696C65643A25750A000000002A
:1068A0001C4615460E460746FCF7A0FC07A001F063
:1068B00055F80BA03946324600F006FE10A02946D6
:1068C000224600F001FEFCF765FCFEE77379737465
:1068D000656D206572726F72206F636375727300ED
:1068E0007531364572724D6F64756C653A25752049
:1068F0007531364572724C696E653A25750A00002D
:10690000753332457272496E666F313A257520755E
:106910003332457272496E666F323A25750A00004D
:10692000F0B585B00446407D217D01290CD1EFF3FF
:106930001081EFF3108272B6002222756268226025
:10694000626A226281F3108800280AD0EFF3108176
:10695000EFF3108272B600226275E27DA27581F3B8
:106960001088A17D02291DD000295AD1EFF3108093
:10697000EFF3108172B6E16A002901D0A26A8A623F
:106980002C4A1368A34201D1A36A13602A4A1368F0
:10699000A34200D1116080F310880020A062E06261
:1069A00005B0F0BD00280BD0276902972068009041
:1069B00003A800F07DFD0398012813D11B4D14E0BE
:1069C000207E01282BD100200290174802A900F058
:1069D000ADF820680090029F04A800F069FD0498BB
:1069E0000128EBD000F06AFD0546114806880580B5
:1069F0000197E7607D2042030027009839463B4617
:106A0000FCF7C8F8002E01D0721955082A463B46FB
:106A1000FCF790F801990818A06005B0F0BD0120BE
:106A2000A07505B0F0BDC04600300560127A0000C8
:106A3000ACC200209CC20020A0C2002019480088DF
:106A4000081A4142414148007047C0460020009A60
:106A5000022A0BD3002B09D0124A1288914205D189
:106A60000020587011480078187002207047C04606
:106A7000019A022A13D1002B11D1009A002A0ED0BC
:106A8000084B1B8899420AD10749088010780121D8
:106A900001400648017006480168491C0160002059
:106AA0007047C04640F6002044F6002046F600201D
:106AB00048F6002003B40148019001BD39C401002B
:106AC00003B40148019001BD43F9010003B401483A
:106AD000019001BD33F9010003B40148019001BDEB
:106AE000610E020003B40148019001BD45A30100FD
:106AF00003B40148019001BDADA0010003B40148F9
:106B0000019001BD65BF010003B40148019001BDC2
:106B1000BDBD010003B40148019001BD51F8020060
:106B200003B40148019001BD1DBF010003B4014839
:106B3000019001BD45BF010003B40148019001BDB2
:106B4000CDBF010003B40148019001BD698D010072
:106B500003B40148019001BD058F010003B4014851
:106B6000019001BDE971010003B40148019001BD2C
:106B700079DC010003B40148019001BD55720100A8
:106B800003B40148019001BD858E010003B40148A2
:106B9000019001BD89DB010003B40148019001BDF2
:106BA000ADC3010003B40148019001BD43D701000A
:106BB00003B40148019001BD41F9020003B401484A
:106BC000019001BD89C2010003B40148019001BDDB
:106BD000BD0D010003B40148019001BD1D2301005A
:106BE00003B40148019001BD0922010003B401482A
:106BF000019001BDD123010003B40148019001BD02
:106C000079C0010003B40148019001BDBDBE01007F
:106C100003B40148019001BD81BE010003B40148E5
:106C2000019001BDF9BD010003B40148019001BD0F
:106C3000D9C0010003B40148019001BDFDF6020076
:106C400003B40148019001BDF912010003B40148E9
:106C5000019001BDB9A0030003B40148019001BD3A
:106C6000A511010003B40148019001BDE9F602003D
:106C700003B40148019001BD3594020003B40148FA
:106C8000019001BD25AA020003B40148019001BD95
:106C900049A0020003B40148019001BDCD390200B2
:106CA00003B40148019001BD7DDC020003B401483A
:106CB000019001BD11F4020003B40148019001BD2F
:106CC00015D0020003B40148019001BD192C020047
:106CD00003B40148019001BD1959020003B40148F1
:106CE000019001BD5129020003B40148019001BD8A
:106CF0002982020003B40148019001BD0114010082
:106D000003B40148019001BDC5DF020003B401488E
:106D1000019001BD6118020003B40148019001BD5A
:106D20002D20020003B40148019001BDFD230200A3
:106D300003B40148019001BD6982020003B4014817
:106D4000019001BDB13C030003B40148019001BDB5
:106D500003F9020003B40148019001BD61F702008C
:106D600003B40148019001BD39F7020003B40148A2
:106D7000019001BD25F7020003B40148019001BD57
:106D8000C5F7020003B40148019001BDC923030007
:106D900003B40148019001BDD9F7020003B40148D2
:106DA000019001BD11F7020003B40148019001BD3B
:106DB000D505030003B40148019001BD9D120100F7
:106DC00003B40148019001BD51EC030003B4014834
:106DD000019001BDE105030003B40148019001BD2C
:106DE0006D18030003B40148019001BDB95A0300B6
:106DF00003B40148019001BDDD59030003B401480B
:106E0000019001BD8518030003B40148019001BD44
:106E1000AF28030003B40148019001BDFD05030044
:106E200003B40148019001BD0506030003B4014805
:106E3000019001BDF505030003B40148019001BDB7
:106E4000ED05030003B40148019001BD89A60100CE
:106E500003B40148019001BDF11A020003B40148D6
:106E6000019001BD7923020003B40148019001BDE6
:106E70007520020003B40148019001BD39200200D1
:106E800003B40148019001BD4520020003B401484C
:106E9000019001BD8120020003B40148019001BDB1
:106EA0006920020003B40148019001BD5120020095
:106EB00003B40148019001BD5D20020003B4014804
:106EC000019001BD31E0020003B40148019001BD11
:106ED00019E0020003B40148019001BD25E0020061
:106EE00003B40148019001BDB9DF020003B40148B9
:106EF000019001BDD1DF020003B40148019001BD42
:106F0000F5DF020003B40148019001BDDDDF02009E
:106F100003B40148019001BD01E0020003B401483F
:106F2000019001BDE9DF020003B40148019001BDF9
:106F30000DE0020003B40148019001BD49E00200E8
:106F400003B40148019001BD3DE0020003B40148D3
:106F5000019001BDADDF020003B40148019001BD05
:106F60005DE9030003B40148019001BD75E9030028
:106F700003B40148019001BD69E9030003B401486D
:106F8000019001BD51E9030003B40148019001BD26
:106F900045E9030003B40148019001BD49E2030043
:106FA00003B40148019001BD55E2030003B4014858
:106FB000019001BD0559010003B40148019001BDD4
:106FC000F57E010003B40148019001BD792703005B
:106FD00003B40148019001BDE523030003B4014857
:106FE000019001BD8D23030003B40148019001BD50
:106FF0005D28030003B40148019001BD9F280300F0
:1070000003B40148019001BDEB28030003B401481B
:10701000019001BD2910010003B40148019001BD98
:107020000510010003B40148019001BD5D22030079
:1070300003B40148019001BD253D030003B401489C
:10704000019001BD513A030003B40148019001BD14
:107050007DDE010003B40148019001BDA5BC020022
:1070600003B40148019001BD7D08010003B401484B
:10707000019001BD6108010003B40148019001BD08
:107080004D10010003B40148019001BDE110010061
:1070900003B40148019001BDD952030003B4014873
:1070A000019001BD3930030003B40148019001BDD6
:1070B0002944030003B40148019001BDB105030058
:1070C00003B40148019001BD99A7030003B401482E
:1070D000019001BDA530030003B40148019001BD3A
:1070E0004946030003B40148019001BD8931030002
:1070F00003B40148019001BDED44030003B401480D
:10710000019001BD0931030003B40148019001BDA4
:10711000E132030003B40148019001BDA93403002A
:1071200003B40148019001BD3532030003B40148A6
:10713000019001BD814E030003B40148019001BDDF
:107140003549030003B40148019001BD69320300D1
:1071500003B40148019001BDB135030003B40148F7
:10716000019001BDC331030003B40148019001BD8A
:10717000DD30030003B40148019001BD8D350300EB
:1071800003B40148019001BD5935030003B401481F
:10719000019001BD0936030003B40148019001BD0F
:1071A000F50B030003B40148019001BD410C03003D
:1071B00003B40148019001BDE10C030003B4014890
:1071C000019001BDF10C030003B40148019001BD21
:1071D000910C030003B40148019001BDA30C03000E
:1071E00003B40148019001BD110D030003B401482F
:1071F000019001BDC15D030003B40148019001BDD0
:107200003166030003B40148019001BDED1603008F
:1072100003B40148019001BD190F030003B40148F4
:10722000019001BD8766030003B40148019001BDD0
:107230005766030003B40148019001BD4D170300D8
:1072400003B40148019001BD7B66030003B401480B
:10725000019001BD6366030003B40148019001BDC4
:107260001D10030003B40148019001BD1510030077
:1072700003B40148019001BDAF0F030003B40148FE
:10728000019001BD2910030003B40148019001BD24
:10729000D1A7030003B40148019001BD4B66030070
:1072A00003B40148019001BD6F66030003B40148B7
:1072B000019001BD57EF020003B40148019001BDE8
:1072C000DDE0030003B40148019001BDFD7A020036
:1072D00003B40148019001BDCD52020003B401483E
:1072E000019001BD0552020003B40148019001BDA7
:1072F0004DF7020003B40148019001BD694201004D
:1073000003B40148019001BD31EE020003B401480D
:10731000019001BDA117020003B40148019001BD15
:10732000DD10020003B40148019001BDF115020017
:1073300003B40148019001BD4917020003B401489C
:10734000019001BD4913020003B40148019001BD41
:107350007115020003B40148019001BD9D0F0200A8
:1073600003B40148019001BDE11A020003B40148D1
:10737000019001BD1D18020003B40148019001BD38
:107380004D18020003B40148019001BD91120200A2
:1073900003B40148019001BDF111020003B401489A
:1073A000019001BD3512020003B40148019001BDF6
:1073B000D513020003B40148019001BD611402001D
:1073C00003B40148019001BD1514020003B4014843
:1073D000019001BD1124020003B40148019001BDD8
:1073E000E922020003B40148019001BD3D1E0200E4
:1073F00003B40148019001BD751E020003B40148A9
:10740000019001BDC91D020003B40148019001BDF6
:107410002178020003B40148019001BD85430200B8
:1074200003B40148019001BDB12D020003B401482D
:10743000019001BD11F1020003B40148019001BDAA
:10744000C961020003B40148019001BDE9C0020016
:1074500003B40148019001BD5D52010003B401482D
:10746000019001BD5D58010003B40148019001BDC8
:10747000D953010003B40148019001BDE955010051
:1074800003B40148019001BD195A010003B4014839
:10749000019001BD91B2010003B40148019001BD0A
:1074A0004D11010003B40148019001BD35140100E4
:1074B00003B40148019001BDED72010003B401481D
:1074C000019001BDBD7201000FB410B503A9044BBA
:1074D000044A029800F008F810BC08BC04B0184731
:1074E0004D500020A8840020FFB591B00F460546FE
:1074F000002606E025280AD0149A139990476D1C9F
:10750000761C28780028F5D1304615B0F0BD00244F
:1075100000940121F34A029400E004436D1C2B788F
:107520000846203B98401042F7D128782A280ED0F0
:10753000022128780246303A092A15D8009A0A23EF
:107540005A43303A80180C436D1C0090F1E701CF8C
:107550000090002805DA01204003044300984042CF
:107560000090022004436D1C28782E2815D1042099
:10757000044368786D1C2A280AD101CF6D1C029043
:107580000BE002990A225143303940186D1C0290D9
:107590002878014630390929F3D928786C2810D089
:1075A00006DC4C281AD068280ED06A2817D104E0CF
:1075B000742813D07A2812D110E00120400504432A
:1075C0000CE00121090501E0032109050C4369785C
:1075D000814203D10120000524186D1C6D1C287800
:1075E00003906E281ED00CDC632831D004DC002808
:1075F0008AD0582811D1B2E064287BD069280CD1F8
:1076000078E073282DD004DC6F2870D0702804D166
:10761000A7E075286CD078286BD0149A13999047FE
:10762000761C62E06002400F022807D003280AD0CF
:10763000042838680AD006603F1D56E03868F11704
:1076400006604160F8E738680680F5E70670F3E702
:107650003878694608740020487404A80390012013
:1076600003E0386803900020C0433F1D61070FD539
:10767000002101E00199491C029A0191914213DA1B
:107680008142F7DB019A0399895C0029F2D10BE072
:10769000002101E00199491C01918142FADB019A24
:1076A0000399895C0029F5D101990098139A401A31
:1076B00000902146149B00F03BF90199801946186F
:1076C00007E0039803990078491C0391149A1399D1
:1076D00090470198401E0190401CF2D12146149B16
:1076E000139A009800F014F986196D1C09E741E01F
:1076F00033E034E00A200021049005916002410F3C
:10770000022905D001CFC2179446032905D007E00E
:10771000FF1DFF08FF0003CF06E000B2C21794462A
:10772000042902D140B2C1178C460022614694451B
:1077300006DA0A460021404291418C462D2102E0A2
:10774000210504D52B216A461176012103E0E107CA
:1077500001D02021F7E7019154E00A200BE010202E
:1077600009E0102004900021042004430820059122
:10777000029003E008200021059104906002410F6F
:10778000022905D001CF00229446032906D006E045
:10779000FF1DFF08FF0003CF8C4603E080B20429E1
:1077A00000D1C0B20021019121072BD50399702986
:1077B00006D0049A1021059B4A401A4305D00EE0DA
:1077C00040216A461176012108E06146014306D056
:1077D00030216A4611760399517602210191049A6B
:1077E0000821059B4A401A430CD16146014301D14F
:1077F000610707D530216A4611760121019102996E
:10780000491E02910399582904D037A103910FA969
:107810000F910DE039A1F9E76146059B049AFBF74A
:1078200089F9039B8C469B5C0F9A521E0F92137032
:1078300061460143F0D10F9807A9081A2030039040
:10784000600704D5012000048443029801E0012070
:1078500002900399884201DD401A00E0002041189F
:107860000290019809180098401A0090E00306D48D
:107870002146149B139A009800F05AF886190020AC
:10788000049008E006A9085C149A1399904704989C
:10789000401C761C049001998842F3DBE0030CD570
:1078A0002146149B139A009800F042F8861904E0D0
:1078B000149A302013999047761C0299481E029022
:1078C0000029F5DC08E00F980F990078491C0F910A
:1078D000149A13999047761C0399481E0390002927
:1078E000F1DCFBE60928010030313233343536371C
:1078F00038396162636465660000000030313233FC
:10790000343536373839414243444546000000009B
:10791000F8B5044600251E461746880404D405E041
:1079200039462020B0476D1C641EF9D52846F8BDA5
:10793000FFB50446002581B01E46C80301D5302797
:1079400000E02027880404D505E038460399B047B5
:107950006D1C641EF9D5284605B0F0BD10B504466F
:1079600001E0FCF7F3FF2078641C03490028F8D1FC
:107970000A20FCF7EBFF10BDA8840020A000A000A7
:107980000002000000000000000700002F8200201D
:107990000100000018AE00204400000098B3002051
:1079A00000080000200000000000000000000000AF
:1079B0001C8200200000000060AE002034000000A7
:1079C00098AE002000050000808400208B840020F9
:1079D00091840020838400208E84002094840020E1
:1079E00086840020953F0020C94000200000000050
:1079F00095450020A145002059460020FE006578ED
:107A0000706572696D656E74616C00004669726DB7
:107A100077617265205265766973696F6E00000048
:107A20004861726477617265205265766973696F27
:107A30006E0000004D616E756661637475726572EB
:107A4000204E616D650000004D6F64656C204E75C1
:107A50006D6265720000000053657269616C204EB2
:107A6000756D626572000000536F667477617265B0
:107A7000205265766973696F6E005B486172644677
:107A800061756C745F48616E646C65725D4375729C
:107A900072656E74206D73703A20307825303858D6
:107AA0000A004F63637572656420696E20746173A8
:107AB0006B2E005573696E67207533324D73702ECF
:107AC000004F63637572656420696E20696E74652A
:107AD00072727570742E0044657620696E666F2030
:107AE0007365727669636520696E69742066616981
:107AF0006C7572652E006C6C635461736B4D7367AB
:107B000051756575654964204E554C4C006C6C632D
:107B10005461736B4964204E554C4C006C6C635F30
:107B20007461736B5F6D73675F7175657565006C0C
:107B30006C635F7461736B00626C65537461636B3B
:107B40005F6D73675F717565756500626C65537411
:107B500061636B5461736B5F4D656D506F6F6C5FEC
:107B60006C6F6E6700626C65537461636B54617314
:107B70006B00626C65537461636B5461736B5F4D32
:107B8000656D506F6F6C5F73686F7274005B4D53FF
:107B9000475F424C455F5048595F555044415445FA
:107BA0005F434F4D504C4554455F494E445D20481E
:107BB000616E646C65203D20307825582C20545827
:107BC0005F504859203D20307825582C2052585F6E
:107BD000504859203D20307825580A005B4D5347C6
:107BE0005F424C455F454E435259505445445F43B4
:107BF00048414E4745445F494E445D2048616E64AC
:107C00006C65203D20307825582C20456E637279B4
:107C10007074696F6E5F456E61626C6564203D20B3
:107C2000307825580A005B4D53475F424C455F450D
:107C30004E435259505445445F524546524553486D
:107C40005F494E445D2048616E646C65203D203084
:107C50007825580A005B4D53475F424C455F4C4CBA
:107C60005F56455253494F4E5F494E445D204D612A
:107C70006E7566616374757265725F4E616D6520C5
:107C80003D20307825582C2048616E646C65203D7D
:107C900020307825582C2056657273696F6E203D10
:107CA00020307825580A005B4D53475F424C455FB2
:107CB000444953434F4E4E45435445445F494E4417
:107CC0005D2048616E646C65203D20307825582C1D
:107CD00020726561736F6E203D20307825580A0050
:107CE0005B4D53475F424C455F434F4E4E454354B7
:107CF000494F4E5F5550444154455F434F4D504CA2
:107D00004554455F494E445D20436F6E6E5F496E3A
:107D100074657276616C203D20307825582C2043A4
:107D20006F6E6E5F4C6174656E6379203D203078B4
:107D300025582C205375706572766973696F6E5F74
:107D400054696D656F75203D20307825580A005BB9
:107D50004D53475F424C455F434F4E4E454354455C
:107D6000445F494E445D48616E646C65203D20303F
:107D700078253034580A006170705F6D61696E005B
:107D80004243004643004E4F4E450042500046508D
:107D900000425300465300626C655F73656E645F1A
:107DA0007461736B0000000000000000010000001F
:107DB000001001003D7100204D7100207171002004
:107DC00000232DE9F0413D4C84B02278CDE9013308
:107DD000002A35D0EFF3108572B6394B1B680BB112
:107DE000984758B32378012B2DD0023B022B25D87E
:107DF00001A800F049FB002003A900F049FB01980D
:107E0000012831D0039B2BB1012002A900F040FBD7
:107E1000029BF3B14FF0A04000F024F9294A136906
:107E200043F00403136130BF4FF0A04000F026F987
:107E3000012000F025FB244B1B6873B985F31088E3
:107E400004B0BDE8F0811F4A136923F004031361F5
:107E500030BF1D4B1B68002BF0D02278022AEDD1D9
:107E6000984785F31088EBE7039BE3B14FF080431D
:107E7000D3F88021D2071CD5D3F88060D3F8E881ED
:107E8000124B02A9D3F8047100F002FB40F6C413B0
:107E9000A6EB0806BFB207FB06F6B3EB962FD8D2C7
:107EA000029B002BD5D04FF4FA61012000F004FBB7
:107EB000A8E702A900F0ECFACBE700BF6CF50120BF
:107EC00074F5012000ED00E070F5012000F0046081
:107ED000B0F1A04F10B5044602D0094B98420CD126
:107EE000084AFF21204600F0E3FA38B92046BDE8F1
:107EF0001040044AFF2100F0DBBA012010BD00BF92
:107F0000001000500007010038B504460D46FFF789
:107F1000DFFF28B929462046BDE8384000F0F4BA12
:107F200038BD38B504460D46FFF7D2FF28B92946BB
:107F30002046BDE8384000F0CBBA38BD38B504461D
:107F40000D46FFF7C5FF28B929462046BDE8384051
:107F500000F0C6BA38BD38B504460D46FFF7B8FF85
:107F600028B929462046BDE8384000F095BA38BD0A
:107F700038B504460D46FFF7ABFF28B92946204621
:107F8000BDE8384000F09CBA38BD10B50446FFF794
:107F90009FFF20B92046BDE8104000F0C1BA10BDD7
:107FA00038B504460D46FFF793FF28B92946204609
:107FB000BDE8384000F0ACBA38BDB0F1A04F2DE9B3
:107FC000F84305460E4602D0234B98423ED1002E80
:107FD0003CD02846FFF77CFF002838D11F4A2049B3
:107FE000284600F065FA90BB10270446B94641F2D6
:107FF0008738AB68DB061AD5042F3B46314628BFCD
:1080000004232868C6EB46740A19D20020FA02F24B
:1080100001F8012B8A1B92B29342F5D800245A1E14
:1080200092B20132FF1A1644BFB2C5F81090013463
:1080300044450ED8012000F04FFA002FD9D1284630
:10804000BDE8F84341F2883100F03EBA0120BDE8B6
:10805000F8830320FBE700BF001000501F070F004C
:108060004B00800310B50446FFF732FF28B92046C5
:10807000BDE81040032100F017BA10BD10B504464A
:10808000FFF726FF20B92046BDE8104000F034BAC3
:1080900010BD002337B5B0F1A04F04460D46ADF832
:1080A000063002D0164B984228D10DF10601204629
:1080B000FFF72AFF00BBBDF80630AD0023F4804374
:1080C00005F07C0523F07C031D434FF4E06206219C
:1080D0002046ADF8065000F0EBF968B9BDF806305F
:1080E000084A63600849204600F0E2F920B943F6E7
:1080F0009821204600F0E8F903B030BD0120FBE7ED
:108100000010005000070100010000052DE9F041BA
:1081100004460D4616461F46FFF7DAFE38B93B46C1
:10812000324629462046BDE8F04100F0DDB9BDE801
:10813000F08138B504460D46FFF7CAFE28B9294636
:108140002046BDE8384000F0E7B938BD2DE9F047DA
:1081500004460D4616461F469DF82080BDF8249023
:10816000FFF7B6FE48B9CDE908893B4632462946B5
:108170002046BDE8F04700F0C3B9BDE8F0872DE91F
:10818000F04104460D4616461F469DF81880FFF73D
:108190009FFE48B9CDF818803B4632462946204616
:1081A000BDE8F04100F07CB9BDE8F081B0F1A04F2E
:1081B0002DE9F8430446894615461F4602D0284B50
:1081C000984247D1EFF3108872B6264B03216366BD
:1081D000254B2046E3650523236600F089F94FF41B
:1081E000E06206460621204600F062F9A36D0643D0
:1081F00043F00103A3650123F6B2A366B9F1030FAF
:108200002BD8DFE809F0021B1F232D021749E56474
:10821000174A204600F04CF93043C0B288F310886A
:10822000C8B9236FDB07FCD4A36D394623F00103E3
:10823000A3652046BDE8F84300F046B92D03E56488
:108240000C49E5E7ED03E5640B49E1E72D04E5643E
:108250000A49DDE70120BDE8F8831020FBE700BFF5
:1082600000100050A008C80C2000C80081000003C6
:10827000170702002000000352000003D80000038B
:108280002DE9F74FB0F1A04F04468A4617461D4628
:108290009DF83060BDF8348003D05C4B984240F0CC
:1082A000B180002D00F0AE80002F00F0AB8055FAB9
:1082B0008AF3B3F5807F00F2A580EFF3108301937A
:1082C00072B6534B4FF4E0626366524B0621E3658E
:1082D00005232046236600F0EBF8A36D022E43F041
:1082E0000103A3654FF001038146A3665DD0032E11
:1082F00061D0002E65D12A04A2F578424649E93AB8
:108300000020042D2E46BE4628BF042603461EF834
:1083100001CB4FEAC00B0CFA0BFC013043EA0C0313
:108320001FFA80FC6645F2D8701E80B20130C4F896
:108330004CA007446360204600F0BAF849EA0009FF
:108340005FFA89F9AE1B41F2883A4D464FF0020BB5
:10835000B6B216B3C4F810B0A16811F0020117D17B
:10836000042E3346BC4628BF04230A461CF8010BE2
:108370004FEAC10E00FA0EF00131024388B2984272
:10838000F4D3591E89B20131F61A0F44B6B26260B5
:10839000BAF1010A18D149F00305019B83F3108853
:1083A000B5B1E8B203B0BDE8F08F2A04A2F5784277
:1083B000E93A1A49A4E72A04A2F57842E93A1849A9
:1083C0009EE7002211469BE7012000F085F8C0E7F8
:1083D000236FDA07FCD441F28835A36D23F0010343
:1083E000A365D4F8A430DB0706D44146204603B089
:1083F000BDE8F04F00F068B8013D05D0012000F065
:108400006BF8EEE70120CDE70320CBE7001000502A
:10841000A008C80C4001C80002004003A2004203AB
:10842000320043032DE9F74F9DB282468846174636
:108430009DF83090BDF834B0EDB1E2B1494600F09E
:1084400057F8064698B95FFA88F4C4F58074A4B268
:10845000AC4288BFACB23A464146CDE9009B2346C8
:108460005046FFF70DFF2D1BA0442744EBD13046AB
:1084700003B0BDE8F08F0126F9E700BF000000005F
:108480005FF800F01D7300005FF800F0697A0000EB
:108490005FF800F03DC300005FF800F00D8D0000B4
:1084A0005FF800F09D8A00005FF800F07988000016
:1084B0005FF800F0458E00005FF800F0295D0000D5
:1084C0005FF800F0F58F00005FF800F09990000071
:1084D0005FF800F0999200005FF800F0814700001B
:1084E0005FF800F0758C00005FF800F0A1880000D4
:1084F0005FF800F0C18D00005FF800F0A58D00006E
:108500005FF800F0D99000005FF800F0818B000068
:108510005FF800F0758900005FF800F00188000046
:088520005FF800F03D89000046
:10852800EFF3100040FA001048FA001001000000B4
:1085380050FA00100A000000380100003400000062
:1085480006000000380100000000000000000000E4
:10855800000000000AD719412102D04201000000A2
:1085680090F0012001000000A00A011001000000A5
:10857800800A0110010206005CFA00100D000000DC
:1085880004000700FCF001200100000000000000CA
:10859800000000C30000803B010000000300000051
:1085A800BC0A011001010100C00A0110000000000E
:1085B8000400000038010000A13F0010E4F0012091
:1085C800F4F0012006000000010000000000000097
:1085D800B4F00120CCF001200100000000000000F0
:1085E80000000000000000003D5700109814011022
:1085F80038010000B80F011038010000D80A011036
:10860800380100000400000001000000060000001E
:108618000000803F000102030405000028FA001052
:108628002CFA001030FA001034FA001038FA001052
:108638003CFA001014F70010641C01105C1C0110B7
:10864800641C01100000000000000000701C0110F4
:108658000000000000000000000000000000000012
:10866800341C01102C1C0110341C011000000000E7
:1086780000000000441C0110000000000000000081
:108688000000000000000000FC1B0110F41B01109A
:10869800FC1B01100000000000000000081C011075
:1086A80000000000000000000000000000000000C2
:1086B800C41B0110BC1B0110C41B011000000000EA
:1086C80000000000CC1B01100000000000000000AA
:1086D80000000000000000008C1B0110841B01102A
:1086E8008C1B01100000000000000000981B011006
:1086F8000000000000000000000000000000000072
:108708005C1B0110541B01105C1B011000000000D1
:10871800000000006C1B01100000000000000000B9
:108728000000000000000000241B01101C1B0110A9
:10873800241B01100000000000000000301B011085
:108748000000000000000000000000000000000021
:10875800EC1A0110E41A0110EC1A011000000000D4
:1087680000000000F41A01100000000000000000E2
:108778000000000000000000B41A0110AC1A01103B
:10878800B41A01100000000000000000C01A011017
:1087980000000000000000000000000000000000D1
:1087A800981A0110901A0110981A01100000000080
:1087B80000000000A81A01100000000000000000DE
:1087C8000000000000000000841A01107C1A01104B
:1087D800841A011000000000000000008C1A01102B
:1087E8000000000000000000000000000000000081
:1087F80002090000000000006C2801103801000088
:10880800010000005028011001020000402801105A
:1088180030280110100000000000000000000000D7
:10882800010200002028011030280110100000006B
:1088380000000000000000000102000010280110E4
:1088480030280110100000000000000000000000A7
:10885800010200000028011030280110100000005B
:10886800000000000000000001020000F8270110CD
:10887800EC270110080000000000000000000000C4
:1088880001020000D0270110BC2701101C000000C5
:1088980001000000A027011001090000F0210110CB
:1088A800E4210110B005000001000000D0210110F2
:1088B80001020000902101108421011040000000F5
:1088C80001000000F020011001090000701F0110D4
:1088D800501F01108001000001000000001F01105E
:1088E80001020000E01E0110D41E0110200000004B
:1088F80001000000801E011001090000F01D011098
:10890800DC1D01109000000001000000AC1D0110EA
:108918000209000000000000981D01103801000045
:1089280001000000502801100209000000000000AA
:10893800841D0110A001000001000000681D011045
:108948000209000000000000541D0110A0010000F1
:1089580001000000681D011002090000000000006D
:10896800401D0110D000000001000000681D01102A
:1089780002090000000000002C1D0110D0000000BA
:1089880001000000681D011002090000000000003D
:10899800181D0110A001000001000000041D0110B5
:1089A8000209000000000000F01C0110A0010000F6
:1089B80001000000041D0110020900000000000071
:1089C800DC1C0110D000000001000000041D011093
:1089D8000209000000000000D01C0110D0000000B7
:1089E80001000000041D0110020900000000000041
:1089F800C41C01100700000001000000A81C0110A1
:108A08000209000000000000C41C0110070000005B
:108A180001000000941C0110FCF40120000000007B
:108A28008C030220F40302205C04022000000000F2
:108A3800000000000000000000000000000000002E
:108A4800000000000000000000000000000000001E
:108A5800000000000000000000000000000000000E
:108A680000000000000000000000000003000000FB
:048A78008C03022049
:04000005100031EDC9
:00000001FF
